Projeto,Cod Fornecedor,Fornecedor,CNPJ,Num Obra,Cod Produto,Descrição do Item,Qtde Produto,Valor Unit UR,Valor Produto,Prod Serv,Previsão de execução,Num Provisório,Num OSP,Validação OSP,Status OSP,Nota Fiscal,Enviado SAP,Fase escola,Status escola,Unique ID
"53004230","19001","MEGA INFRA SOLUCOES EM INFRAESTRUTURA LTDA (Filial SP)","07.525.262/0004-61","4-IMPLANTAÇÃO_DE_REDE_INTERNA","","Kit Cobertura Wi-Fi - 12 Access Points - Equip - MEGA - CO","1","21.765,83","21.765,83","Material","06/07/2026","3188","2919","Aprovado","","289","Não","5","Conectada","1780750275537x158573098243903970"
"53004230","19001","MEGA INFRA SOLUCOES EM INFRAESTRUTURA LTDA (Filial SP)","07.525.262/0004-61","4-IMPLANTAÇÃO_DE_REDE_INTERNA","","Nobreak - Equip - MEGA - CO","1","1.491,72","1.491,72","Material","06/07/2026","3188","2919","Aprovado","","290","Não","5","Conectada","1780750276692x501958218714858560"
"53008430","19001","MEGA INFRA SOLUCOES EM INFRAESTRUTURA LTDA (Filial SP)","07.525.262/0004-61","4-IMPLANTAÇÃO_DE_REDE_INTERNA","","Nobreak - Equip - MEGA - CO","1","1.491,72","1.491,72","Material","06/07/2026","3189","2920","Aprovado","","381","Não","5","Conectada","1780750995276x503066937267715440"
"17047196","19001","MEGA INFRA SOLUCOES EM INFRAESTRUTURA LTDA (Filial SP)","07.525.262/0004-61","4-IMPLANTAÇÃO_DE_REDE_INTERNA","","Kit Cobertura Wi-Fi - 1 Access Point - Equip - MEGA - NO","1","7.955,58","7.955,58","Material","06/07/2026","3192","2923","Aprovado","","357","Não","5","Conectada","1780752971970x517227813960265700"
"17052424","19001","MEGA INFRA SOLUCOES EM INFRAESTRUTURA LTDA (Filial SP)","07.525.262/0004-61","4-IMPLANTAÇÃO_DE_REDE_INTERNA","","Kit Cobertura Wi-Fi - 1 Access Point - Equip - MEGA - NO","1","7.955,58","7.955,58","Material","06/07/2026","3192","2923","Aprovado","","355","Não","5","Conectada","1780752972299x184061595297873700"
"17047196","19001","MEGA INFRA SOLUCOES EM INFRAESTRUTURA LTDA (Filial SP)","07.525.262/0004-61","4-IMPLANTAÇÃO_DE_REDE_INTERNA","","Nobreak - Equip - MEGA - NO","1","1.491,72","1.491,72","Material","06/07/2026","3192","2923","Aprovado","","358","Não","5","Conectada","1780752973323x694626684939532800"
"17052424","19001","MEGA INFRA SOLUCOES EM INFRAESTRUTURA LTDA (Filial SP)","07.525.262/0004-61","4-IMPLANTAÇÃO_DE_REDE_INTERNA","","Nobreak - Equip - MEGA - NO","1","1.491,72","1.491,72","Material","06/07/2026","3192","2923","Aprovado","","356","Não","5","Conectada","1780752974120x859617831003115900"
"17053935","19001","MEGA INFRA SOLUCOES EM INFRAESTRUTURA LTDA (Filial SP)","07.525.262/0004-61","4-IMPLANTAÇÃO_DE_REDE_INTERNA","","Kit Cobertura Wi-Fi - 1 Access Point - Equip - MEGA - NO","1","7.955,58","7.955,58","Material","06/07/2026","3193","2924","Aprovado","","319","Não","5","Conectada","1780753545040x484773524501433540"
"17053676","19001","MEGA INFRA SOLUCOES EM INFRAESTRUTURA LTDA (Filial SP)","07.525.262/0004-61","4-IMPLANTAÇÃO_DE_REDE_INTERNA","","Nobreak - Equip - MEGA - NO","1","1.491,72","1.491,72","Material","06/07/2026","3193","2924","Aprovado","","326","Não","5","Conectada","1780753545823x206953860099034370"
"17053935","19001","MEGA INFRA SOLUCOES EM INFRAESTRUTURA LTDA (Filial SP)","07.525.262/0004-61","4-IMPLANTAÇÃO_DE_REDE_INTERNA","","Nobreak - Equip - MEGA - NO","1","1.491,72","1.491,72","Material","06/07/2026","3193","2924","Aprovado","","321","Não","5","Conectada","1780753545964x304672455791790340"
"17065402","19001","MEGA INFRA SOLUCOES EM INFRAESTRUTURA LTDA (Filial SP)","07.525.262/0004-61","4-IMPLANTAÇÃO_DE_REDE_INTERNA","","Nobreak - Equip - MEGA - NO","1","1.491,72","1.491,72","Material","06/07/2026","3193","2924","Aprovado","","330","Não","5","Conectada","1780753547333x436840315710149060"
"17113806","19001","MEGA INFRA SOLUCOES EM INFRAESTRUTURA LTDA (Filial SP)","07.525.262/0004-61","4-IMPLANTAÇÃO_DE_REDE_INTERNA","","Nobreak - Equip - MEGA - NO","1","1.491,72","1.491,72","Material","06/07/2026","3193","2924","Aprovado","","365","Não","5","Conectada","1780753547606x213994515364312580"
"35009110","19001","MEGA INFRA SOLUCOES EM INFRAESTRUTURA LTDA (Filial SP)","07.525.262/0004-61","4-IMPLANTAÇÃO_DE_REDE_INTERNA","","Nobreak - Equip - MEGA - SE","1","1.551,93","1.551,93","Material","06/07/2026","3195","2926","Aprovado","","241","Não","5","Conectada","1780754998707x270209239495398120"
"35267193","19001","MEGA INFRA SOLUCOES EM INFRAESTRUTURA LTDA (Filial SP)","07.525.262/0004-61","4-IMPLANTAÇÃO_DE_REDE_INTERNA","","Kit Cobertura Wi-Fi - 2 Access Points - Equip - MEGA - SE","1","9.512,95","9.512,95","Material","06/07/2026","3196","2927","Aprovado","","245","Não","5","Conectada","1780755494258x106294446684280110"
"35298273","19001","MEGA INFRA SOLUCOES EM INFRAESTRUTURA LTDA (Filial SP)","07.525.262/0004-61","4-IMPLANTAÇÃO_DE_REDE_INTERNA","","Kit Cobertura Wi-Fi - 2 Access Points - Equip - MEGA - SE","1","9.512,95","9.512,95","Material","06/07/2026","3196","2927","Aprovado","","143","Não","5","Conectada","1780755494345x347589729205755000"
"35298281","19001","MEGA INFRA SOLUCOES EM INFRAESTRUTURA LTDA (Filial SP)","07.525.262/0004-61","4-IMPLANTAÇÃO_DE_REDE_INTERNA","","Kit Cobertura Wi-Fi - 2 Access Points - Equip - MEGA - SE","1","9.512,95","9.512,95","Material","06/07/2026","3196","2927","Aprovado","","247","Não","5","Conectada","1780755494460x700074625987971700"
"35267193","19001","MEGA INFRA SOLUCOES EM INFRAESTRUTURA LTDA (Filial SP)","07.525.262/0004-61","4-IMPLANTAÇÃO_DE_REDE_INTERNA","","Nobreak - Equip - MEGA - SE","1","1.551,93","1.551,93","Material","06/07/2026","3196","2927","Aprovado","","246","Não","5","Conectada","1780755495335x569225523089291800"
"35298273","19001","MEGA INFRA SOLUCOES EM INFRAESTRUTURA LTDA (Filial SP)","07.525.262/0004-61","4-IMPLANTAÇÃO_DE_REDE_INTERNA","","Nobreak - Equip - MEGA - SE","1","1.551,93","1.551,93","Material","06/07/2026","3196","2927","Aprovado","","144","Não","5","Conectada","1780755495388x858365673680738600"
"35298281","19001","MEGA INFRA SOLUCOES EM INFRAESTRUTURA LTDA (Filial SP)","07.525.262/0004-61","4-IMPLANTAÇÃO_DE_REDE_INTERNA","","Nobreak - Equip - MEGA - SE","1","1.551,93","1.551,93","Material","06/07/2026","3196","2927","Aprovado","","248","Não","5","Conectada","1780755495513x810307825367250800"
"35009981","19001","MEGA INFRA SOLUCOES EM INFRAESTRUTURA LTDA (Filial SP)","07.525.262/0004-61","4-IMPLANTAÇÃO_DE_REDE_INTERNA","","Kit Cobertura Wi-Fi - 5 Access Points - Equip - MEGA - SE","1","13.221,66","9.512,95","Material","06/07/2026","3198","2929","Aprovado","","128","Não","5","Conectada","1780756403120x288523677734820100"
"35004016","19001","MEGA INFRA SOLUCOES EM INFRAESTRUTURA LTDA (Filial SP)","07.525.262/0004-61","4-IMPLANTAÇÃO_DE_REDE_INTERNA","","Kit Cobertura Wi-Fi - 2 Access Points - Equip - MEGA - SE","1","9.512,95","9.512,95","Material","06/07/2026","3198","2929","Aprovado","","173","Não","5","Conectada","1780756403236x891960493029393400"
"35006222","19001","MEGA INFRA SOLUCOES EM INFRAESTRUTURA LTDA (Filial SP)","07.525.262/0004-61","4-IMPLANTAÇÃO_DE_REDE_INTERNA","","Kit Cobertura Wi-Fi - 2 Access Points - Equip - MEGA - SE","1","9.512,95","9.512,95","Material","06/07/2026","3198","2929","Aprovado","","161","Não","5","Conectada","1780756403311x217796875640372540"
"35005899","19001","MEGA INFRA SOLUCOES EM INFRAESTRUTURA LTDA (Filial SP)","07.525.262/0004-61","4-IMPLANTAÇÃO_DE_REDE_INTERNA","","Kit Cobertura Wi-Fi - 1 Access Point - Equip - MEGA - SE","1","8.276,72","8.276,72","Material","06/07/2026","3198","2929","Aprovado","","167","Não","5","Conectada","1780756403477x726873766975252400"
"35004016","19001","MEGA INFRA SOLUCOES EM INFRAESTRUTURA LTDA (Filial SP)","07.525.262/0004-61","4-IMPLANTAÇÃO_DE_REDE_INTERNA","","Nobreak - Equip - MEGA - SE","1","1.551,93","1.551,93","Material","06/07/2026","3198","2929","Aprovado","","174","Não","5","Conectada","1780756403696x896206268564255400"
"35005899","19001","MEGA INFRA SOLUCOES EM INFRAESTRUTURA LTDA (Filial SP)","07.525.262/0004-61","4-IMPLANTAÇÃO_DE_REDE_INTERNA","","Nobreak - Equip - MEGA - SE","1","1.551,93","1.551,93","Material","06/07/2026","3198","2929","Aprovado","","168","Não","5","Conectada","1780756403701x189890284910577920"
"35006222","19001","MEGA INFRA SOLUCOES EM INFRAESTRUTURA LTDA (Filial SP)","07.525.262/0004-61","4-IMPLANTAÇÃO_DE_REDE_INTERNA","","Nobreak - Equip - MEGA - SE","1","1.551,93","1.551,93","Material","06/07/2026","3198","2929","Aprovado","","162","Não","5","Conectada","1780756403711x313146856527592600"
"35009981","19001","MEGA INFRA SOLUCOES EM INFRAESTRUTURA LTDA (Filial SP)","07.525.262/0004-61","4-IMPLANTAÇÃO_DE_REDE_INTERNA","","Nobreak - Equip - MEGA - SE","1","1.551,93","1.551,93","Material","06/07/2026","3198","2929","Aprovado","","155","Não","5","Conectada","1780756403911x603611354955451400"
"35080068","19001","MEGA INFRA SOLUCOES EM INFRAESTRUTURA LTDA (Filial SP)","07.525.262/0004-61","4-IMPLANTAÇÃO_DE_REDE_INTERNA","","Nobreak - Equip - MEGA - SE","1","1.551,93","1.551,93","Material","06/07/2026","3198","2929","Aprovado","","379","Não","5","Conectada","1780756404264x767156385422241000"
"35010296","19001","MEGA INFRA SOLUCOES EM INFRAESTRUTURA LTDA (Filial SP)","07.525.262/0004-61","4-IMPLANTAÇÃO_DE_REDE_INTERNA","","Kit Cobertura Wi-Fi - 6 Access Points - Equip - MEGA - SE","1","14.457,89","14.457,89","Material","06/07/2026","3199","2930","Aprovado","","303","Não","5","Conectada","1780756920636x828186304191130600"
"35010304","19001","MEGA INFRA SOLUCOES EM INFRAESTRUTURA LTDA (Filial SP)","07.525.262/0004-61","4-IMPLANTAÇÃO_DE_REDE_INTERNA","","Kit Cobertura Wi-Fi - 7 Access Points - Equip - MEGA - SE","1","15.694,13","15.694,13","Material","06/07/2026","3199","2930","Aprovado","","259","Não","5","Conectada","1780756920923x631668729126958700"
"35010294","19001","MEGA INFRA SOLUCOES EM INFRAESTRUTURA LTDA (Filial SP)","07.525.262/0004-61","4-IMPLANTAÇÃO_DE_REDE_INTERNA","","Kit Cobertura Wi-Fi - 7 Access Points - Equip - MEGA - SE","1","15.694,13","15.694,13","Material","06/07/2026","3199","2930","Aprovado","","126","Não","5","Conectada","1780756921504x236104353578829630"
"35010282","19001","MEGA INFRA SOLUCOES EM INFRAESTRUTURA LTDA (Filial SP)","07.525.262/0004-61","4-IMPLANTAÇÃO_DE_REDE_INTERNA","","Kit Cobertura Wi-Fi - 7 Access Points - Equip - MEGA - SE","1","15.694,13","15.694,13","Material","06/07/2026","3199","2930","Aprovado","","257","Não","5","Conectada","1780756921594x285762737152495550"
"35010298","19001","MEGA INFRA SOLUCOES EM INFRAESTRUTURA LTDA (Filial SP)","07.525.262/0004-61","4-IMPLANTAÇÃO_DE_REDE_INTERNA","","Nobreak - Equip - MEGA - SE","1","1.551,93","1.551,93","Material","06/07/2026","3199","2930","Aprovado","","352","Não","5","Conectada","1780756921715x655429449777805400"
"35010282","19001","MEGA INFRA SOLUCOES EM INFRAESTRUTURA LTDA (Filial SP)","07.525.262/0004-61","4-IMPLANTAÇÃO_DE_REDE_INTERNA","","Nobreak - Equip - MEGA - SE","1","1.551,93","1.551,93","Material","06/07/2026","3199","2930","Aprovado","","258","Não","5","Conectada","1780756921778x338967988873054600"
"35010283","19001","MEGA INFRA SOLUCOES EM INFRAESTRUTURA LTDA (Filial SP)","07.525.262/0004-61","4-IMPLANTAÇÃO_DE_REDE_INTERNA","","Nobreak - Equip - MEGA - SE","1","1.551,93","1.551,93","Material","06/07/2026","3199","2930","Aprovado","","269","Não","5","Conectada","1780756922036x354396218696505900"
"35010295","19001","MEGA INFRA SOLUCOES EM INFRAESTRUTURA LTDA (Filial SP)","07.525.262/0004-61","4-IMPLANTAÇÃO_DE_REDE_INTERNA","","Nobreak - Equip - MEGA - SE","1","1.551,93","1.551,93","Material","06/07/2026","3199","2930","Aprovado","","354","Não","5","Conectada","1780756922263x309308148401860500"
"35010294","19001","MEGA INFRA SOLUCOES EM INFRAESTRUTURA LTDA (Filial SP)","07.525.262/0004-61","4-IMPLANTAÇÃO_DE_REDE_INTERNA","","Nobreak - Equip - MEGA - SE","1","1.551,93","1.551,93","Material","06/07/2026","3199","2930","Aprovado","","127","Não","5","Conectada","1780756922545x692198238789388400"
"35010286","19001","MEGA INFRA SOLUCOES EM INFRAESTRUTURA LTDA (Filial SP)","07.525.262/0004-61","4-IMPLANTAÇÃO_DE_REDE_INTERNA","","Nobreak - Equip - MEGA - SE","1","1.551,93","1.551,93","Material","06/07/2026","3199","2930","Aprovado","","341","Não","5","Conectada","1780756922565x463202367218245060"
"35010304","19001","MEGA INFRA SOLUCOES EM INFRAESTRUTURA LTDA (Filial SP)","07.525.262/0004-61","4-IMPLANTAÇÃO_DE_REDE_INTERNA","","Nobreak - Equip - MEGA - SE","1","1.551,93","1.551,93","Material","06/07/2026","3199","2930","Aprovado","","260","Não","5","Conectada","1780756922686x971493042815849500"
"35010296","19001","MEGA INFRA SOLUCOES EM INFRAESTRUTURA LTDA (Filial SP)","07.525.262/0004-61","4-IMPLANTAÇÃO_DE_REDE_INTERNA","","Nobreak - Equip - MEGA - SE","1","1.551,93","1.551,93","Material","06/07/2026","3199","2930","Aprovado","","304","Não","5","Conectada","1780756922813x887970671997639000"
"35010301","19001","MEGA INFRA SOLUCOES EM INFRAESTRUTURA LTDA (Filial SP)","07.525.262/0004-61","4-IMPLANTAÇÃO_DE_REDE_INTERNA","","Nobreak - Equip - MEGA - SE","1","1.551,93","1.551,93","Material","06/07/2026","3199","2930","Aprovado","","123","Não","5","Conectada","1780756922958x509058238675748100"
"35431709","19001","MEGA INFRA SOLUCOES EM INFRAESTRUTURA LTDA (Filial SP)","07.525.262/0004-61","4-IMPLANTAÇÃO_DE_REDE_INTERNA","","Kit Cobertura Wi-Fi - 15 Access Points - Equip - MEGA - SE","1","26.353,13","26.353,13","Material","06/07/2026","3203","2934","Aprovado","","336","Não","5","Conectada","1780762276023x443118832665306200"
"35431709","19001","MEGA INFRA SOLUCOES EM INFRAESTRUTURA LTDA (Filial SP)","07.525.262/0004-61","4-IMPLANTAÇÃO_DE_REDE_INTERNA","","Nobreak - Equip - MEGA - SE","1","1.551,93","1.551,93","Material","06/07/2026","3203","2934","Aprovado","","337","Não","5","Conectada","1780762278994x280493977428700960"
"35236901","19001","MEGA INFRA SOLUCOES EM INFRAESTRUTURA LTDA (Filial SP)","07.525.262/0004-61","4-IMPLANTAÇÃO_DE_REDE_INTERNA","","Kit Cobertura Wi-Fi - 2 Access Points - Equip - MEGA - SE","1","9.512,95","9.512,95","Material","06/07/2026","3204","2935","Aprovado","","177","Não","5","Conectada","1780762656761x924758379023831400"
"35236998","19001","MEGA INFRA SOLUCOES EM INFRAESTRUTURA LTDA (Filial SP)","07.525.262/0004-61","4-IMPLANTAÇÃO_DE_REDE_INTERNA","","Kit Cobertura Wi-Fi - 2 Access Points - Equip - MEGA - SE","1","9.512,95","9.512,95","Material","06/07/2026","3204","2935","Aprovado","","236","Não","5","Conectada","1780762657003x240381986920410460"
"35237474","19001","MEGA INFRA SOLUCOES EM INFRAESTRUTURA LTDA (Filial SP)","07.525.262/0004-61","4-IMPLANTAÇÃO_DE_REDE_INTERNA","","Kit Cobertura Wi-Fi - 2 Access Points - Equip - MEGA - SE","1","9.512,95","9.512,95","Material","06/07/2026","3204","2935","Aprovado","","252","Não","5","Conectada","1780762657226x277592169013438430"
"35237565","19001","MEGA INFRA SOLUCOES EM INFRAESTRUTURA LTDA (Filial SP)","07.525.262/0004-61","4-IMPLANTAÇÃO_DE_REDE_INTERNA","","Kit Cobertura Wi-Fi - 2 Access Points - Equip - MEGA - SE","1","9.512,95","9.512,95","Material","06/07/2026","3204","2935","Aprovado","","120","Não","5","Conectada","1780762657287x355407796275072600"
"35237644","19001","MEGA INFRA SOLUCOES EM INFRAESTRUTURA LTDA (Filial SP)","07.525.262/0004-61","4-IMPLANTAÇÃO_DE_REDE_INTERNA","","Kit Cobertura Wi-Fi - 2 Access Points - Equip - MEGA - SE","1","9.512,95","9.512,95","Material","06/07/2026","3204","2935","Aprovado","","118","Não","5","Conectada","1780762657305x973515022875517400"
"35237541","19001","MEGA INFRA SOLUCOES EM INFRAESTRUTURA LTDA (Filial SP)","07.525.262/0004-61","4-IMPLANTAÇÃO_DE_REDE_INTERNA","","Kit Cobertura Wi-Fi - 1 Access Point - Equip - MEGA - SE","1","8.276,72","8.276,72","Material","06/07/2026","3204","2935","Aprovado","","165","Não","5","Conectada","1780762657751x377131458951362800"
"35236901","19001","MEGA INFRA SOLUCOES EM INFRAESTRUTURA LTDA (Filial SP)","07.525.262/0004-61","4-IMPLANTAÇÃO_DE_REDE_INTERNA","","Nobreak - Equip - MEGA - SE","1","1.551,93","1.551,93","Material","06/07/2026","3204","2935","Aprovado","","179","Não","5","Conectada","1780762658020x926891483897194200"
"35236998","19001","MEGA INFRA SOLUCOES EM INFRAESTRUTURA LTDA (Filial SP)","07.525.262/0004-61","4-IMPLANTAÇÃO_DE_REDE_INTERNA","","Nobreak - Equip - MEGA - SE","1","1.551,93","1.551,93","Material","06/07/2026","3204","2935","Aprovado","","237","Não","5","Conectada","1780762658398x192514732640272060"
"35237206","19001","MEGA INFRA SOLUCOES EM INFRAESTRUTURA LTDA (Filial SP)","07.525.262/0004-61","4-IMPLANTAÇÃO_DE_REDE_INTERNA","","Nobreak - Equip - MEGA - SE","1","1.551,93","1.551,93","Material","06/07/2026","3204","2935","Aprovado","","328","Não","5","Conectada","1780762658606x847766595298285300"
"35237224","19001","MEGA INFRA SOLUCOES EM INFRAESTRUTURA LTDA (Filial SP)","07.525.262/0004-61","4-IMPLANTAÇÃO_DE_REDE_INTERNA","","Nobreak - Equip - MEGA - SE","1","1.551,93","1.551,93","Material","06/07/2026","3204","2935","Aprovado","","312","Não","5","Conectada","1780762658651x416966297355325000"
"35237358","19001","MEGA INFRA SOLUCOES EM INFRAESTRUTURA LTDA (Filial SP)","07.525.262/0004-61","4-IMPLANTAÇÃO_DE_REDE_INTERNA","","Nobreak - Equip - MEGA - SE","1","1.551,93","1.551,93","Material","06/07/2026","3204","2935","Aprovado","","267","Não","5","Conectada","1780762658772x867318419700496100"
"35237474","19001","MEGA INFRA SOLUCOES EM INFRAESTRUTURA LTDA (Filial SP)","07.525.262/0004-61","4-IMPLANTAÇÃO_DE_REDE_INTERNA","","Nobreak - Equip - MEGA - SE","1","1.551,93","1.551,93","Material","06/07/2026","3204","2935","Aprovado","","251","Não","5","Conectada","1780762658787x250456047371446340"
"35237536","19001","MEGA INFRA SOLUCOES EM INFRAESTRUTURA LTDA (Filial SP)","07.525.262/0004-61","4-IMPLANTAÇÃO_DE_REDE_INTERNA","","Nobreak - Equip - MEGA - SE","1","1.551,93","1.551,93","Material","06/07/2026","3204","2935","Aprovado","","233","Não","5","Conectada","1780762658927x318771138964214460"
"35237528","19001","MEGA INFRA SOLUCOES EM INFRAESTRUTURA LTDA (Filial SP)","07.525.262/0004-61","4-IMPLANTAÇÃO_DE_REDE_INTERNA","","Nobreak - Equip - MEGA - SE","1","1.551,93","1.551,93","Material","06/07/2026","3204","2935","Aprovado","","335","Não","5","Conectada","1780762658974x937018224806892200"
"35237541","19001","MEGA INFRA SOLUCOES EM INFRAESTRUTURA LTDA (Filial SP)","07.525.262/0004-61","4-IMPLANTAÇÃO_DE_REDE_INTERNA","","Nobreak - Equip - MEGA - SE","1","1.551,93","1.551,93","Material","06/07/2026","3204","2935","Aprovado","","166","Não","5","Conectada","1780762659021x831642023734643000"
"35236974","19001","MEGA INFRA SOLUCOES EM INFRAESTRUTURA LTDA (Filial SP)","07.525.262/0004-61","4-IMPLANTAÇÃO_DE_REDE_INTERNA","","Nobreak - Equip - MEGA - SE","1","1.551,93","1.551,93","Material","06/07/2026","3204","2935","Aprovado","","209","Não","5","Conectada","1780762659116x787740436598456300"
"35237565","19001","MEGA INFRA SOLUCOES EM INFRAESTRUTURA LTDA (Filial SP)","07.525.262/0004-61","4-IMPLANTAÇÃO_DE_REDE_INTERNA","","Nobreak - Equip - MEGA - SE","1","1.551,93","1.551,93","Material","06/07/2026","3204","2935","Aprovado","","121","Não","5","Conectada","1780762659153x770277575068494500"
"35237607","19001","MEGA INFRA SOLUCOES EM INFRAESTRUTURA LTDA (Filial SP)","07.525.262/0004-61","4-IMPLANTAÇÃO_DE_REDE_INTERNA","","Nobreak - Equip - MEGA - SE","1","1.551,93","1.551,93","Material","06/07/2026","3204","2935","Aprovado","","211","Não","5","Conectada","1780762659344x496075940953459400"
"35237644","19001","MEGA INFRA SOLUCOES EM INFRAESTRUTURA LTDA (Filial SP)","07.525.262/0004-61","4-IMPLANTAÇÃO_DE_REDE_INTERNA","","Nobreak - Equip - MEGA - SE","1","1.551,93","1.551,93","Material","06/07/2026","3204","2935","Aprovado","","119","Não","5","Conectada","1780762659376x325712093815706560"
"35237772","19001","MEGA INFRA SOLUCOES EM INFRAESTRUTURA LTDA (Filial SP)","07.525.262/0004-61","4-IMPLANTAÇÃO_DE_REDE_INTERNA","","Kit Cobertura Wi-Fi - 3 Access Points - Equip - MEGA - SE","1","10.749,19","10.749,19","Material","06/07/2026","3205","2936","Aprovado","","234","Não","5","Conectada","1780763439993x993868545795571600"
"35237851","19001","MEGA INFRA SOLUCOES EM INFRAESTRUTURA LTDA (Filial SP)","07.525.262/0004-61","4-IMPLANTAÇÃO_DE_REDE_INTERNA","","Kit Cobertura Wi-Fi - 2 Access Points - Equip - MEGA - SE","1","9.512,95","9.512,95","Material","06/07/2026","3205","2936","Aprovado","","141","Não","5","Conectada","1780763440003x827998369534774100"
"35237985","19001","MEGA INFRA SOLUCOES EM INFRAESTRUTURA LTDA (Filial SP)","07.525.262/0004-61","4-IMPLANTAÇÃO_DE_REDE_INTERNA","","Kit Cobertura Wi-Fi - 2 Access Points - Equip - MEGA - SE","1","8.276,72","8.276,72","Material","06/07/2026","3205","2936","Aprovado","","116","Não","5","Conectada","1780763440080x742136966288667000"
"35237991","19001","MEGA INFRA SOLUCOES EM INFRAESTRUTURA LTDA (Filial SP)","07.525.262/0004-61","4-IMPLANTAÇÃO_DE_REDE_INTERNA","","Kit Cobertura Wi-Fi - 2 Access Points - Equip - MEGA - SE","1","9.512,95","9.512,95","Material","06/07/2026","3205","2936","Aprovado","","242","Não","5","Conectada","1780763440116x245063923865430400"
"35238223","19001","MEGA INFRA SOLUCOES EM INFRAESTRUTURA LTDA (Filial SP)","07.525.262/0004-61","4-IMPLANTAÇÃO_DE_REDE_INTERNA","","Kit Cobertura Wi-Fi - 2 Access Points - Equip - MEGA - SE","1","9.512,95","9.512,95","Material","06/07/2026","3205","2936","Aprovado","","218","Não","5","Conectada","1780763440126x644277196224445300"
"35238405","19001","MEGA INFRA SOLUCOES EM INFRAESTRUTURA LTDA (Filial SP)","07.525.262/0004-61","4-IMPLANTAÇÃO_DE_REDE_INTERNA","","Kit Cobertura Wi-Fi - 2 Access Points - Equip - MEGA - SE","1","9.512,95","9.512,95","Material","06/07/2026","3205","2936","Aprovado","","301","Não","5","Conectada","1780763440264x556185604469394500"
"35238533","19001","MEGA INFRA SOLUCOES EM INFRAESTRUTURA LTDA (Filial SP)","07.525.262/0004-61","4-IMPLANTAÇÃO_DE_REDE_INTERNA","","Kit Cobertura Wi-Fi - 2 Access Points - Equip - MEGA - SE","1","9.512,95","9.512,95","Material","06/07/2026","3205","2936","Aprovado","","238","Não","5","Conectada","1780763440284x655729707630347900"
"35238454","19001","MEGA INFRA SOLUCOES EM INFRAESTRUTURA LTDA (Filial SP)","07.525.262/0004-61","4-IMPLANTAÇÃO_DE_REDE_INTERNA","","Kit Cobertura Wi-Fi - 2 Access Points - Equip - MEGA - SE","1","9.512,95","9.512,95","Material","06/07/2026","3205","2936","Aprovado","","157","Não","5","Conectada","1780763440304x565598347459132400"
"35238971","19001","MEGA INFRA SOLUCOES EM INFRAESTRUTURA LTDA (Filial SP)","07.525.262/0004-61","4-IMPLANTAÇÃO_DE_REDE_INTERNA","","Kit Cobertura Wi-Fi - 2 Access Points - Equip - MEGA - SE","1","9.512,95","9.512,95","Material","06/07/2026","3205","2936","Aprovado","","103","Não","5","Conectada","1780763440337x456679812654634300"
"35239161","19001","MEGA INFRA SOLUCOES EM INFRAESTRUTURA LTDA (Filial SP)","07.525.262/0004-61","4-IMPLANTAÇÃO_DE_REDE_INTERNA","","Kit Cobertura Wi-Fi - 2 Access Points - Equip - MEGA - SE","1","9.512,95","9.512,95","Material","06/07/2026","3205","2936","Aprovado","","136","Não","5","Conectada","1780763440364x301877694263357630"
"35238200","19001","MEGA INFRA SOLUCOES EM INFRAESTRUTURA LTDA (Filial SP)","07.525.262/0004-61","4-IMPLANTAÇÃO_DE_REDE_INTERNA","","Kit Cobertura Wi-Fi - 1 Access Point - Equip - MEGA - SE","1","8.276,72","8.276,72","Material","06/07/2026","3205","2936","Aprovado","","111","Não","5","Conectada","1780763440592x604708396339788300"
"35238545","19001","MEGA INFRA SOLUCOES EM INFRAESTRUTURA LTDA (Filial SP)","07.525.262/0004-61","4-IMPLANTAÇÃO_DE_REDE_INTERNA","","Kit Cobertura Wi-Fi - 1 Access Point - Equip - MEGA - SE","1","8.276,72","8.276,72","Material","06/07/2026","3205","2936","Aprovado","","105","Não","5","Conectada","1780763440647x816779390860438000"
"35239306","19001","MEGA INFRA SOLUCOES EM INFRAESTRUTURA LTDA (Filial SP)","07.525.262/0004-61","4-IMPLANTAÇÃO_DE_REDE_INTERNA","","Kit Cobertura Wi-Fi - 1 Access Point - Equip - MEGA - SE","1","8.276,72","8.276,72","Material","06/07/2026","3205","2936","Aprovado","","95","Não","5","Conectada","1780763440788x597519464938586200"
"35237851","19001","MEGA INFRA SOLUCOES EM INFRAESTRUTURA LTDA (Filial SP)","07.525.262/0004-61","4-IMPLANTAÇÃO_DE_REDE_INTERNA","","Nobreak - Equip - MEGA - SE","1","1.551,93","1.551,93","Material","06/07/2026","3205","2936","Aprovado","","151","Não","5","Conectada","1780763440862x748292653993487100"
"35237772","19001","MEGA INFRA SOLUCOES EM INFRAESTRUTURA LTDA (Filial SP)","07.525.262/0004-61","4-IMPLANTAÇÃO_DE_REDE_INTERNA","","Nobreak - Equip - MEGA - SE","1","1.551,93","1.551,93","Material","06/07/2026","3205","2936","Aprovado","","235","Não","5","Conectada","1780763440993x731346120620494300"
"35237985","19001","MEGA INFRA SOLUCOES EM INFRAESTRUTURA LTDA (Filial SP)","07.525.262/0004-61","4-IMPLANTAÇÃO_DE_REDE_INTERNA","","Nobreak - Equip - MEGA - SE","1","1.551,93","1.551,93","Material","06/07/2026","3205","2936","Aprovado","","117","Não","5","Conectada","1780763441050x616790208994086900"
"35237978","19001","MEGA INFRA SOLUCOES EM INFRAESTRUTURA LTDA (Filial SP)","07.525.262/0004-61","4-IMPLANTAÇÃO_DE_REDE_INTERNA","","Nobreak - Equip - MEGA - SE","1","1.551,93","1.551,93","Material","06/07/2026","3205","2936","Aprovado","","284","Não","5","Conectada","1780763441108x975490117166771200"
"35237991","19001","MEGA INFRA SOLUCOES EM INFRAESTRUTURA LTDA (Filial SP)","07.525.262/0004-61","4-IMPLANTAÇÃO_DE_REDE_INTERNA","","Nobreak - Equip - MEGA - SE","1","1.551,93","1.551,93","Material","06/07/2026","3205","2936","Aprovado","","243","Não","5","Conectada","1780763441261x896764583873588100"
"35238004","19001","MEGA INFRA SOLUCOES EM INFRAESTRUTURA LTDA (Filial SP)","07.525.262/0004-61","4-IMPLANTAÇÃO_DE_REDE_INTERNA","","Nobreak - Equip - MEGA - SE","1","1.551,93","1.551,93","Material","06/07/2026","3205","2936","Aprovado","","213","Não","5","Conectada","1780763441280x511767347198616600"
"35238168","19001","MEGA INFRA SOLUCOES EM INFRAESTRUTURA LTDA (Filial SP)","07.525.262/0004-61","4-IMPLANTAÇÃO_DE_REDE_INTERNA","","Nobreak - Equip - MEGA - SE","1","1.551,93","1.551,93","Material","06/07/2026","3205","2936","Aprovado","","115","Não","5","Conectada","1780763441421x224402721592568800"
"35238200","19001","MEGA INFRA SOLUCOES EM INFRAESTRUTURA LTDA (Filial SP)","07.525.262/0004-61","4-IMPLANTAÇÃO_DE_REDE_INTERNA","","Nobreak - Equip - MEGA - SE","1","1.551,93","1.551,93","Material","06/07/2026","3205","2936","Aprovado","","112","Não","5","Conectada","1780763441441x188622171226273900"
"35238223","19001","MEGA INFRA SOLUCOES EM INFRAESTRUTURA LTDA (Filial SP)","07.525.262/0004-61","4-IMPLANTAÇÃO_DE_REDE_INTERNA","","Nobreak - Equip - MEGA - SE","1","1.551,93","1.551,93","Material","06/07/2026","3205","2936","Aprovado","","219","Não","5","Conectada","1780763441524x595176583065727900"
"35238405","19001","MEGA INFRA SOLUCOES EM INFRAESTRUTURA LTDA (Filial SP)","07.525.262/0004-61","4-IMPLANTAÇÃO_DE_REDE_INTERNA","","Nobreak - Equip - MEGA - SE","1","1.551,93","1.551,93","Material","06/07/2026","3205","2936","Aprovado","","302","Não","5","Conectada","1780763441575x198449473378777150"
"35238454","19001","MEGA INFRA SOLUCOES EM INFRAESTRUTURA LTDA (Filial SP)","07.525.262/0004-61","4-IMPLANTAÇÃO_DE_REDE_INTERNA","","Nobreak - Equip - MEGA - SE","1","1.551,93","1.551,93","Material","06/07/2026","3205","2936","Aprovado","","158","Não","5","Conectada","1780763441675x235873105217185860"
"35238533","19001","MEGA INFRA SOLUCOES EM INFRAESTRUTURA LTDA (Filial SP)","07.525.262/0004-61","4-IMPLANTAÇÃO_DE_REDE_INTERNA","","Nobreak - Equip - MEGA - SE","1","1.551,93","1.551,93","Material","06/07/2026","3205","2936","Aprovado","","239","Não","5","Conectada","1780763441713x326160953734775400"
"35238545","19001","MEGA INFRA SOLUCOES EM INFRAESTRUTURA LTDA (Filial SP)","07.525.262/0004-61","4-IMPLANTAÇÃO_DE_REDE_INTERNA","","Nobreak - Equip - MEGA - SE","1","1.551,93","1.551,93","Material","06/07/2026","3205","2936","Aprovado","","152","Não","5","Conectada","1780763441858x165502272765863500"
"35238855","19001","MEGA INFRA SOLUCOES EM INFRAESTRUTURA LTDA (Filial SP)","07.525.262/0004-61","4-IMPLANTAÇÃO_DE_REDE_INTERNA","","Nobreak - Equip - MEGA - SE","1","1.551,93","1.551,93","Material","06/07/2026","3205","2936","Aprovado","","371","Não","5","Conectada","1780763441944x485414770443712200"
"35238971","19001","MEGA INFRA SOLUCOES EM INFRAESTRUTURA LTDA (Filial SP)","07.525.262/0004-61","4-IMPLANTAÇÃO_DE_REDE_INTERNA","","Nobreak - Equip - MEGA - SE","1","1.551,93","1.551,93","Material","06/07/2026","3205","2936","Aprovado","","104","Não","5","Conectada","1780763442198x698363243450869200"
"35239021","19001","MEGA INFRA SOLUCOES EM INFRAESTRUTURA LTDA (Filial SP)","07.525.262/0004-61","4-IMPLANTAÇÃO_DE_REDE_INTERNA","","Nobreak - Equip - MEGA - SE","1","1.551,93","1.551,93","Material","06/07/2026","3205","2936","Aprovado","","310","Não","5","Conectada","1780763442270x872178101373093100"
"35239161","19001","MEGA INFRA SOLUCOES EM INFRAESTRUTURA LTDA (Filial SP)","07.525.262/0004-61","4-IMPLANTAÇÃO_DE_REDE_INTERNA","","Nobreak - Equip - MEGA - SE","1","1.551,93","1.551,93","Material","06/07/2026","3205","2936","Aprovado","","137","Não","5","Conectada","1780763442318x923647185262602500"
"35239306","19001","MEGA INFRA SOLUCOES EM INFRAESTRUTURA LTDA (Filial SP)","07.525.262/0004-61","4-IMPLANTAÇÃO_DE_REDE_INTERNA","","Nobreak - Equip - MEGA - SE","1","1.551,93","1.551,93","Material","06/07/2026","3205","2936","Aprovado","","99","Não","5","Conectada","1780763442593x821314408997742500"
"35239409","19001","MEGA INFRA SOLUCOES EM INFRAESTRUTURA LTDA (Filial SP)","07.525.262/0004-61","4-IMPLANTAÇÃO_DE_REDE_INTERNA","","Kit Cobertura Wi-Fi - 2 Access Points - Equip - MEGA - SE","1","9.512,95","9.512,95","Material","06/07/2026","3206","2937","Aprovado","","249","Não","5","Conectada","1780764490351x340811109397021200"
"35239324","19001","MEGA INFRA SOLUCOES EM INFRAESTRUTURA LTDA (Filial SP)","07.525.262/0004-61","4-IMPLANTAÇÃO_DE_REDE_INTERNA","","Kit Cobertura Wi-Fi - 2 Access Points - Equip - MEGA - SE","1","9.512,95","9.512,95","Material","06/07/2026","3206","2937","Aprovado","","87","Não","5","Conectada","1780764490353x560310160771602560"
"35239343","19001","MEGA INFRA SOLUCOES EM INFRAESTRUTURA LTDA (Filial SP)","07.525.262/0004-61","4-IMPLANTAÇÃO_DE_REDE_INTERNA","","Kit Cobertura Wi-Fi - 2 Access Points - Equip - MEGA - SE","1","9.512,95","9.512,95","Material","06/07/2026","3206","2937","Aprovado","","180","Não","5","Conectada","1780764490380x805473467147671000"
"35239379","19001","MEGA INFRA SOLUCOES EM INFRAESTRUTURA LTDA (Filial SP)","07.525.262/0004-61","4-IMPLANTAÇÃO_DE_REDE_INTERNA","","Kit Cobertura Wi-Fi - 2 Access Points - Equip - MEGA - SE","1","9.512,95","9.512,95","Material","06/07/2026","3206","2937","Aprovado","","76","Não","5","Conectada","1780764490416x709974637753553800"
"35239422","19001","MEGA INFRA SOLUCOES EM INFRAESTRUTURA LTDA (Filial SP)","07.525.262/0004-61","4-IMPLANTAÇÃO_DE_REDE_INTERNA","","Kit Cobertura Wi-Fi - 2 Access Points - Equip - MEGA - SE","1","9.512,95","9.512,95","Material","06/07/2026","3206","2937","Aprovado","","68","Não","5","Conectada","1780764490459x544089161809559100"
"35239501","19001","MEGA INFRA SOLUCOES EM INFRAESTRUTURA LTDA (Filial SP)","07.525.262/0004-61","4-IMPLANTAÇÃO_DE_REDE_INTERNA","","Kit Cobertura Wi-Fi - 2 Access Points - Equip - MEGA - SE","1","9.512,95","9.512,95","Material","06/07/2026","3206","2937","Aprovado","","281","Não","5","Conectada","1780764490470x550848578245621200"
"35239537","19001","MEGA INFRA SOLUCOES EM INFRAESTRUTURA LTDA (Filial SP)","07.525.262/0004-61","4-IMPLANTAÇÃO_DE_REDE_INTERNA","","Kit Cobertura Wi-Fi - 2 Access Points - Equip - MEGA - SE","1","9.512,95","9.512,95","Material","06/07/2026","3206","2937","Aprovado","","62","Não","5","Conectada","1780764490594x535510390379365900"
"35239324","19001","MEGA INFRA SOLUCOES EM INFRAESTRUTURA LTDA (Filial SP)","07.525.262/0004-61","4-IMPLANTAÇÃO_DE_REDE_INTERNA","","Nobreak - Equip - MEGA - SE","1","1.551,93","1.551,93","Material","06/07/2026","3206","2937","Aprovado","","90","Não","5","Conectada","1780764490774x873604919875761100"
"35239379","19001","MEGA INFRA SOLUCOES EM INFRAESTRUTURA LTDA (Filial SP)","07.525.262/0004-61","4-IMPLANTAÇÃO_DE_REDE_INTERNA","","Nobreak - Equip - MEGA - SE","1","1.551,93","1.551,93","Material","06/07/2026","3206","2937","Aprovado","","79","Não","5","Conectada","1780764490877x514671244851036860"
"35239409","19001","MEGA INFRA SOLUCOES EM INFRAESTRUTURA LTDA (Filial SP)","07.525.262/0004-61","4-IMPLANTAÇÃO_DE_REDE_INTERNA","","Nobreak - Equip - MEGA - SE","1","1.551,93","1.551,93","Material","06/07/2026","3206","2937","Aprovado","","250","Não","5","Conectada","1780764490891x205316119557444670"
"35239422","19001","MEGA INFRA SOLUCOES EM INFRAESTRUTURA LTDA (Filial SP)","07.525.262/0004-61","4-IMPLANTAÇÃO_DE_REDE_INTERNA","","Nobreak - Equip - MEGA - SE","1","1.551,93","1.551,93","Material","06/07/2026","3206","2937","Aprovado","","72","Não","5","Conectada","1780764490909x165372628579488540"
"35239410","19001","MEGA INFRA SOLUCOES EM INFRAESTRUTURA LTDA (Filial SP)","07.525.262/0004-61","4-IMPLANTAÇÃO_DE_REDE_INTERNA","","Nobreak - Equip - MEGA - SE","1","1.551,93","1.551,93","Material","06/07/2026","3206","2937","Aprovado","","222","Não","5","Conectada","1780764490974x718372259983627800"
"35239471","19001","MEGA INFRA SOLUCOES EM INFRAESTRUTURA LTDA (Filial SP)","07.525.262/0004-61","4-IMPLANTAÇÃO_DE_REDE_INTERNA","","Nobreak - Equip - MEGA - SE","1","1.551,93","1.551,93","Material","06/07/2026","3206","2937","Aprovado","","288","Não","5","Conectada","1780764490998x387954507424006500"
"35239501","19001","MEGA INFRA SOLUCOES EM INFRAESTRUTURA LTDA (Filial SP)","07.525.262/0004-61","4-IMPLANTAÇÃO_DE_REDE_INTERNA","","Nobreak - Equip - MEGA - SE","1","1.551,93","1.551,93","Material","06/07/2026","3206","2937","Aprovado","","282","Não","5","Conectada","1780764491057x549192210913054000"
"35239537","19001","MEGA INFRA SOLUCOES EM INFRAESTRUTURA LTDA (Filial SP)","07.525.262/0004-61","4-IMPLANTAÇÃO_DE_REDE_INTERNA","","Nobreak - Equip - MEGA - SE","1","1.551,93","1.551,93","Material","06/07/2026","3206","2937","Aprovado","","169","Não","5","Conectada","1780764491138x244513232197767230"
"35660103","19001","MEGA INFRA SOLUCOES EM INFRAESTRUTURA LTDA (Filial SP)","07.525.262/0004-61","4-IMPLANTAÇÃO_DE_REDE_INTERNA","","Kit Cobertura Wi-Fi - 11 Access Points - Equip - MEGA - SE","1","21.408,19","21.408,19","Material","06/07/2026","3208","2939","Aprovado","Notas pendentes","","Não","5","Em planejamento","1780765799122x299755198933583170"
"35281505","19001","MEGA INFRA SOLUCOES EM INFRAESTRUTURA LTDA (Filial SP)","07.525.262/0004-61","4-IMPLANTAÇÃO_DE_REDE_INTERNA","","Kit Cobertura Wi-Fi - 7 Access Points - Equip - MEGA - SE","1","15.694,13","15.694,13","Material","06/07/2026","3208","2939","Aprovado","Notas pendentes","313","Não","5","Conectada","1780765799308x789449706916188300"
"35010281","19001","MEGA INFRA SOLUCOES EM INFRAESTRUTURA LTDA (Filial SP)","07.525.262/0004-61","4-IMPLANTAÇÃO_DE_REDE_INTERNA","","Kit Cobertura Wi-Fi - 7 Access Points - Equip - MEGA - SE","1","15.694,13","15.694,13","Material","06/07/2026","3208","2939","Aprovado","Notas pendentes","84","Não","5","Conectada","1780765799522x515981241620862000"
"35280483","19001","MEGA INFRA SOLUCOES EM INFRAESTRUTURA LTDA (Filial SP)","07.525.262/0004-61","4-IMPLANTAÇÃO_DE_REDE_INTERNA","","Kit Cobertura Wi-Fi - 2 Access Points - Equip - MEGA - SE","1","9.512,95","9.512,95","Material","06/07/2026","3208","2939","Aprovado","Notas pendentes","214","Não","5","Conectada","1780765799627x257546207673916130"
"35287076","19001","MEGA INFRA SOLUCOES EM INFRAESTRUTURA LTDA (Filial SP)","07.525.262/0004-61","4-IMPLANTAÇÃO_DE_REDE_INTERNA","","Kit Cobertura Wi-Fi - 2 Access Points - Equip - MEGA - SE","1","9.512,95","9.512,95","Material","06/07/2026","3208","2939","Aprovado","Notas pendentes","66","Não","5","Conectada","1780765799794x866732427695534800"
"35496169","19001","MEGA INFRA SOLUCOES EM INFRAESTRUTURA LTDA (Filial SP)","07.525.262/0004-61","4-IMPLANTAÇÃO_DE_REDE_INTERNA","","Kit Cobertura Wi-Fi - 2 Access Points - Equip - MEGA - SE","1","9.512,95","9.512,95","Material","06/07/2026","3208","2939","Aprovado","Notas pendentes","91","Não","5","Conectada","1780765799847x841655047501402200"
"35587333","19001","MEGA INFRA SOLUCOES EM INFRAESTRUTURA LTDA (Filial SP)","07.525.262/0004-61","4-IMPLANTAÇÃO_DE_REDE_INTERNA","","Kit Cobertura Wi-Fi - 2 Access Points - Equip - MEGA - SE","1","9.512,95","9.512,95","Material","06/07/2026","3208","2939","Aprovado","Notas pendentes","176","Não","5","Conectada","1780765799960x258559613403505300"
"35280483","19001","MEGA INFRA SOLUCOES EM INFRAESTRUTURA LTDA (Filial SP)","07.525.262/0004-61","4-IMPLANTAÇÃO_DE_REDE_INTERNA","","Nobreak - Equip - MEGA - SE","1","1.551,93","1.551,93","Material","06/07/2026","3208","2939","Aprovado","Notas pendentes","215","Não","5","Conectada","1780765800230x681996302860745900"
"35281505","19001","MEGA INFRA SOLUCOES EM INFRAESTRUTURA LTDA (Filial SP)","07.525.262/0004-61","4-IMPLANTAÇÃO_DE_REDE_INTERNA","","Nobreak - Equip - MEGA - SE","1","1.551,93","1.551,93","Material","06/07/2026","3208","2939","Aprovado","Notas pendentes","314","Não","5","Conectada","1780765800458x130457828705454530"
"35282340","19001","MEGA INFRA SOLUCOES EM INFRAESTRUTURA LTDA (Filial SP)","07.525.262/0004-61","4-IMPLANTAÇÃO_DE_REDE_INTERNA","","Nobreak - Equip - MEGA - SE","1","1.551,93","1.551,93","Material","06/07/2026","3208","2939","Aprovado","Notas pendentes","1238","Não","5","Conectada","1780765800517x782398477918310700"
"35287076","19001","MEGA INFRA SOLUCOES EM INFRAESTRUTURA LTDA (Filial SP)","07.525.262/0004-61","4-IMPLANTAÇÃO_DE_REDE_INTERNA","","Nobreak - Equip - MEGA - SE","1","1.551,93","1.551,93","Material","06/07/2026","3208","2939","Aprovado","Notas pendentes","170","Não","5","Conectada","1780765800666x117751171584423280"
"35496169","19001","MEGA INFRA SOLUCOES EM INFRAESTRUTURA LTDA (Filial SP)","07.525.262/0004-61","4-IMPLANTAÇÃO_DE_REDE_INTERNA","","Nobreak - Equip - MEGA - SE","1","1.551,93","1.551,93","Material","06/07/2026","3208","2939","Aprovado","Notas pendentes","92","Não","5","Conectada","1780765800827x149070205322623840"
"35587333","19001","MEGA INFRA SOLUCOES EM INFRAESTRUTURA LTDA (Filial SP)","07.525.262/0004-61","4-IMPLANTAÇÃO_DE_REDE_INTERNA","","Nobreak - Equip - MEGA - SE","1","1.551,93","1.551,93","Material","06/07/2026","3208","2939","Aprovado","Notas pendentes","175","Não","5","Conectada","1780765800935x795219558566312400"
"35010281","19001","MEGA INFRA SOLUCOES EM INFRAESTRUTURA LTDA (Filial SP)","07.525.262/0004-61","4-IMPLANTAÇÃO_DE_REDE_INTERNA","","Nobreak - Equip - MEGA - SE","1","1.551,93","1.551,93","Material","06/07/2026","3208","2939","Aprovado","Notas pendentes","171","Não","5","Conectada","1780765801098x392466289649199500"
"35010287","19001","MEGA INFRA SOLUCOES EM INFRAESTRUTURA LTDA (Filial SP)","07.525.262/0004-61","4-IMPLANTAÇÃO_DE_REDE_INTERNA","","Nobreak - Equip - MEGA - SE","1","1.551,93","1.551,93","Material","06/07/2026","3208","2939","Aprovado","Notas pendentes","276","Não","5","Conectada","1780765801178x560111394561323400"
"35010292","19001","MEGA INFRA SOLUCOES EM INFRAESTRUTURA LTDA (Filial SP)","07.525.262/0004-61","4-IMPLANTAÇÃO_DE_REDE_INTERNA","","Nobreak - Equip - MEGA - SE","1","1.551,93","1.551,93","Material","06/07/2026","3208","2939","Aprovado","Notas pendentes","1237","Não","5","Conectada","1780765801213x371162805809530200"
"35077902","19001","MEGA INFRA SOLUCOES EM INFRAESTRUTURA LTDA (Filial SP)","07.525.262/0004-61","4-IMPLANTAÇÃO_DE_REDE_INTERNA","","Kit Cobertura Wi-Fi - 7 Access Points - Equip - MEGA - SE","1","15.694,13","15.694,13","Material","06/07/2026","3209","2940","Aprovado","","362","Não","5","Conectada","1780766082697x483750985936131300"
"35271724","19001","MEGA INFRA SOLUCOES EM INFRAESTRUTURA LTDA (Filial SP)","07.525.262/0004-61","4-IMPLANTAÇÃO_DE_REDE_INTERNA","","Kit Cobertura Wi-Fi - 7 Access Points - Equip - MEGA - SE","1","15.694,13","15.694,13","Material","06/07/2026","3209","2940","Aprovado","","273","Não","5","Conectada","1780766082861x793779989166608400"
"35083938","19001","MEGA INFRA SOLUCOES EM INFRAESTRUTURA LTDA (Filial SP)","07.525.262/0004-61","4-IMPLANTAÇÃO_DE_REDE_INTERNA","","Kit Cobertura Wi-Fi - 6 Access Points - Equip - MEGA - SE","1","14.457,89","14.457,89","Material","06/07/2026","3209","2940","Aprovado","","315","Não","5","Conectada","1780766083042x624571476803717900"
"35237942","19001","MEGA INFRA SOLUCOES EM INFRAESTRUTURA LTDA (Filial SP)","07.525.262/0004-61","4-IMPLANTAÇÃO_DE_REDE_INTERNA","","Kit Cobertura Wi-Fi - 2 Access Points - Equip - MEGA - SE","1","9.512,95","9.512,95","Material","06/07/2026","3209","2940","Aprovado","","113","Não","5","Conectada","1780766083175x455376595430924800"
"35077902","19001","MEGA INFRA SOLUCOES EM INFRAESTRUTURA LTDA (Filial SP)","07.525.262/0004-61","4-IMPLANTAÇÃO_DE_REDE_INTERNA","","Nobreak - Equip - MEGA - SE","1","1.551,93","1.551,93","Material","06/07/2026","3209","2940","Aprovado","","367","Não","5","Conectada","1780766083491x483930420623948300"
"35083938","19001","MEGA INFRA SOLUCOES EM INFRAESTRUTURA LTDA (Filial SP)","07.525.262/0004-61","4-IMPLANTAÇÃO_DE_REDE_INTERNA","","Nobreak - Equip - MEGA - SE","1","1.551,93","1.551,93","Material","06/07/2026","3209","2940","Aprovado","","316","Não","5","Conectada","1780766083630x696489198954555000"
"35093889","19001","MEGA INFRA SOLUCOES EM INFRAESTRUTURA LTDA (Filial SP)","07.525.262/0004-61","4-IMPLANTAÇÃO_DE_REDE_INTERNA","","Nobreak - Equip - MEGA - SE","1","1.551,93","1.551,93","Material","06/07/2026","3209","2940","Aprovado","","110","Não","5","Conectada","1780766083791x231196080854494180"
"35237942","19001","MEGA INFRA SOLUCOES EM INFRAESTRUTURA LTDA (Filial SP)","07.525.262/0004-61","4-IMPLANTAÇÃO_DE_REDE_INTERNA","","Nobreak - Equip - MEGA - SE","1","1.551,93","1.551,93","Material","06/07/2026","3209","2940","Aprovado","","172","Não","5","Conectada","1780766083947x536265288973659200"
"35276297","19001","MEGA INFRA SOLUCOES EM INFRAESTRUTURA LTDA (Filial SP)","07.525.262/0004-61","4-IMPLANTAÇÃO_DE_REDE_INTERNA","","Nobreak - Equip - MEGA - SE","1","1.551,93","1.551,93","Material","06/07/2026","3209","2940","Aprovado","","271","Não","5","Conectada","1780766084047x130617223052640110"
"35271724","19001","MEGA INFRA SOLUCOES EM INFRAESTRUTURA LTDA (Filial SP)","07.525.262/0004-61","4-IMPLANTAÇÃO_DE_REDE_INTERNA","","Nobreak - Equip - MEGA - SE","1","1.551,93","1.551,93","Material","06/07/2026","3209","2940","Aprovado","","274","Não","5","Conectada","1780766084052x817422222749873500"
"35239297","19001","MEGA INFRA SOLUCOES EM INFRAESTRUTURA LTDA (Filial SP)","07.525.262/0004-61","4-IMPLANTAÇÃO_DE_REDE_INTERNA","","Kit Cobertura Wi-Fi - 2 Access Points - Equip - MEGA - SE","1","9.512,95","9.512,95","Material","30/06/2026","3318","2942","Aprovado","","138","Não","5","Conectada","1781124126703x735702079147788700"
"35239297","19001","MEGA INFRA SOLUCOES EM INFRAESTRUTURA LTDA (Filial SP)","07.525.262/0004-61","4-IMPLANTAÇÃO_DE_REDE_INTERNA","","Nobreak - Equip - MEGA - SE","1","1.551,93","1.551,93","Material","30/06/2026","3318","2942","Aprovado","","198","Não","5","Conectada","1781124126797x662809574740146600"
"35010301","19001","MEGA INFRA SOLUCOES EM INFRAESTRUTURA LTDA (Filial SP)","07.525.262/0004-61","4-IMPLANTAÇÃO_DE_REDE_INTERNA","","Kit Cobertura Wi-Fi - 7 Access Points - Equip - MEGA - SE","1","15.694,13","15.694,13","Material","30/06/2026","3319","2943","Aprovado","","122","Não","5","Conectada","1781127925091x543023252735234750"
"35009981","19001","MEGA INFRA SOLUCOES EM INFRAESTRUTURA LTDA (Filial SP)","07.525.262/0004-61","4-IMPLANTAÇÃO_DE_REDE_INTERNA","","Kit Cobertura Wi-Fi - 5 Access Points - Equip - MEGA - SE","1","3.708,71","3.708,71","Material","30/06/2026","3330","2962","Aprovado","","205","Não","5","Conectada","1781196344500x146081273783562850"
"35239343","19001","MEGA INFRA SOLUCOES EM INFRAESTRUTURA LTDA (Filial SP)","07.525.262/0004-61","4-IMPLANTAÇÃO_DE_REDE_INTERNA","","Nobreak - Equip - MEGA - SE","1","1.551,93","1.551,93","Material","30/06/2026","3332","2963","Aprovado","","203","Não","5","Conectada","1781200725489x946265337965739400"
"35237985","19001","MEGA INFRA SOLUCOES EM INFRAESTRUTURA LTDA (Filial SP)","07.525.262/0004-61","4-IMPLANTAÇÃO_DE_REDE_INTERNA","","Kit Cobertura Wi-Fi - 2 Access Points - Equip - MEGA - SE","1","1.236,23","1.236,23","Material","30/06/2026","3332","2963","Aprovado","","207","Não","5","Conectada","1781200725547x175621094326788860"
"35236974","19001","MEGA INFRA SOLUCOES EM INFRAESTRUTURA LTDA (Filial SP)","07.525.262/0004-61","4-IMPLANTAÇÃO_DE_REDE_INTERNA","","Kit Cobertura Wi-Fi - 3 Access Points - Equip - MEGA - SE","1","10.749,19","10.749,19","Material","30/06/2026","3339","2968","Aprovado","","208","Não","5","Conectada","1781207259258x761337130138660000"
"35237607","19001","MEGA INFRA SOLUCOES EM INFRAESTRUTURA LTDA (Filial SP)","07.525.262/0004-61","4-IMPLANTAÇÃO_DE_REDE_INTERNA","","Kit Cobertura Wi-Fi - 3 Access Points - Equip - MEGA - SE","1","10.749,19","10.749,19","Material","30/06/2026","3339","2968","Aprovado","","210","Não","5","Conectada","1781207259287x496926773525479700"
"35239410","19001","MEGA INFRA SOLUCOES EM INFRAESTRUTURA LTDA (Filial SP)","07.525.262/0004-61","4-IMPLANTAÇÃO_DE_REDE_INTERNA","","Kit Cobertura Wi-Fi - 3 Access Points - Equip - MEGA - SE","1","10.749,19","10.749,19","Material","30/06/2026","3339","2968","Aprovado","","221","Não","5","Conectada","1781207259453x667640170613100300"
"35237536","19001","MEGA INFRA SOLUCOES EM INFRAESTRUTURA LTDA (Filial SP)","07.525.262/0004-61","4-IMPLANTAÇÃO_DE_REDE_INTERNA","","Kit Cobertura Wi-Fi - 4 Access Points - Equip - MEGA - SE","1","11.985,42","11.985,42","Material","30/06/2026","3363","3085","Aprovado","","232","Não","5","Conectada","1781552366283x987112878656333000"
"35009110","19001","MEGA INFRA SOLUCOES EM INFRAESTRUTURA LTDA (Filial SP)","07.525.262/0004-61","4-IMPLANTAÇÃO_DE_REDE_INTERNA","","Kit Cobertura Wi-Fi - 3 Access Points - Equip - MEGA - SE","1","10.749,19","10.749,19","Material","30/06/2026","3363","3085","Aprovado","","240","Não","5","Conectada","1781552366725x183499668008148220"
"35010283","19001","MEGA INFRA SOLUCOES EM INFRAESTRUTURA LTDA (Filial SP)","07.525.262/0004-61","4-IMPLANTAÇÃO_DE_REDE_INTERNA","","Kit Cobertura Wi-Fi - 8 Access Points - Equip - MEGA - SE","1","17.699,49","17.699,49","Material","30/06/2026","3395","3088","Aprovado","","465","Não","5","Conectada","1781733025760x699145058480556500"
"35239471","19001","MEGA INFRA SOLUCOES EM INFRAESTRUTURA LTDA (Filial SP)","07.525.262/0004-61","4-IMPLANTAÇÃO_DE_REDE_INTERNA","","Kit Cobertura Wi-Fi - 2 Access Points - Equip - MEGA - SE","1","9.512,95","9.512,95","Material","30/06/2026","3399","3089","Aprovado","","287","Não","5","Conectada","1781790949527x692264851801329900"
"35093889","19001","MEGA INFRA SOLUCOES EM INFRAESTRUTURA LTDA (Filial SP)","07.525.262/0004-61","4-IMPLANTAÇÃO_DE_REDE_INTERNA","","Kit Cobertura Wi-Fi - 2 Access Points - Equip - MEGA - SE","1","9.512,95","9.512,95","Material","30/06/2026","3459","3091","Aprovado","","109","Não","5","Conectada","1781890029234x596536352422634800"
"35010588","19001","MEGA INFRA SOLUCOES EM INFRAESTRUTURA LTDA (Filial SP)","07.525.262/0004-61","4-IMPLANTAÇÃO_DE_REDE_INTERNA","","Kit Cobertura Wi-Fi - 1 Access Point - Equip - MEGA - SE","1","8.276,72","8.276,72","Material","22/07/2026","3465","3092","Aprovado","","368","Não","5","Conectada","1782130976959x948576706005095400"
"35010588","19001","MEGA INFRA SOLUCOES EM INFRAESTRUTURA LTDA (Filial SP)","07.525.262/0004-61","4-IMPLANTAÇÃO_DE_REDE_INTERNA","","Nobreak - Equip - MEGA - SE","1","1.551,93","1.551,93","Material","22/07/2026","3465","3092","Aprovado","","369","Não","5","Conectada","1782130977519x294137624524443400"
"35237206","19001","MEGA INFRA SOLUCOES EM INFRAESTRUTURA LTDA (Filial SP)","07.525.262/0004-61","4-IMPLANTAÇÃO_DE_REDE_INTERNA","","Kit Cobertura Wi-Fi - 3 Access Points - Equip - MEGA - SE","1","10.749,19","10.749,19","Material","30/06/2026","3512","3164","Aprovado","","327","Não","5","Conectada","1782220550318x683584691527514600"
"35237358","19001","MEGA INFRA SOLUCOES EM INFRAESTRUTURA LTDA (Filial SP)","07.525.262/0004-61","4-IMPLANTAÇÃO_DE_REDE_INTERNA","","Kit Cobertura Wi-Fi - 2 Access Points - Equip - MEGA - SE","1","9.512,95","9.512,95","Material","30/06/2026","3521","3161","Aprovado","","385","Não","5","Conectada","1782224561446x420161983277625100"
"35276297","19001","MEGA INFRA SOLUCOES EM INFRAESTRUTURA LTDA (Filial SP)","07.525.262/0004-61","4-IMPLANTAÇÃO_DE_REDE_INTERNA","","Kit Cobertura Wi-Fi - 2 Access Points - Equip - MEGA - SE","1","9.512,95","9.512,95","Material","30/06/2026","3530","3162","Aprovado","","386","Não","5","Conectada","1782225827983x687557022749969400"
"35239021","19001","MEGA INFRA SOLUCOES EM INFRAESTRUTURA LTDA (Filial SP)","07.525.262/0004-61","4-IMPLANTAÇÃO_DE_REDE_INTERNA","","Kit Cobertura Wi-Fi - 3 Access Points - Equip - MEGA - SE","1","10.749,19","10.749,19","Material","30/06/2026","3532","3163","Aprovado","","309","Não","5","Conectada","1782226136723x765695706390901800"
"35237224","19001","MEGA INFRA SOLUCOES EM INFRAESTRUTURA LTDA (Filial SP)","07.525.262/0004-61","4-IMPLANTAÇÃO_DE_REDE_INTERNA","","Kit Cobertura Wi-Fi - 3 Access Points - Equip - MEGA - SE","1","10.749,19","10.749,19","Material","30/06/2026","3576","3230","Aprovado","","311","Não","5","Conectada","1782301698251x165924663105594850"
"35238855","19001","MEGA INFRA SOLUCOES EM INFRAESTRUTURA LTDA (Filial SP)","07.525.262/0004-61","4-IMPLANTAÇÃO_DE_REDE_INTERNA","","Kit Cobertura Wi-Fi - 3 Access Points - Equip - MEGA - SE","1","10.749,19","10.749,19","Material","30/06/2026","3579","3229","Aprovado","","370","Não","5","Conectada","1782302101186x979935703910663700"
"35282340","19001","MEGA INFRA SOLUCOES EM INFRAESTRUTURA LTDA (Filial SP)","07.525.262/0004-61","4-IMPLANTAÇÃO_DE_REDE_INTERNA","","Kit Cobertura Wi-Fi - 2 Access Points - Equip - MEGA - SE","1","9.512,95","9.512,95","Material","30/06/2026","3579","3229","Aprovado","","345","Não","5","Conectada","1782302101591x208142975554380670"
"35010295","19001","MEGA INFRA SOLUCOES EM INFRAESTRUTURA LTDA (Filial SP)","07.525.262/0004-61","4-IMPLANTAÇÃO_DE_REDE_INTERNA","","Kit Cobertura Wi-Fi - 10 Access Points - Equip - MEGA - SE","1","20.171,96","20.171,96","Material","30/06/2026","3592","3228","Aprovado","","353","Não","5","Conectada","1782303849628x369615348014140700"
"35010298","19001","MEGA INFRA SOLUCOES EM INFRAESTRUTURA LTDA (Filial SP)","07.525.262/0004-61","4-IMPLANTAÇÃO_DE_REDE_INTERNA","","Kit Cobertura Wi-Fi - 9 Access Points - Equip - MEGA - SE","1","18.935,73","18.935,73","Material","30/06/2026","3592","3228","Aprovado","","350","Não","5","Conectada","1782303849658x815240951910522100"
"35080068","19001","MEGA INFRA SOLUCOES EM INFRAESTRUTURA LTDA (Filial SP)","07.525.262/0004-61","4-IMPLANTAÇÃO_DE_REDE_INTERNA","","Kit Cobertura Wi-Fi - 7 Access Points - Equip - MEGA - SE","1","15.694,13","15.694,13","Material","30/06/2026","3592","3228","Aprovado","","378","Não","5","Conectada","1782303850067x549546915076915900"
"35010292","19001","MEGA INFRA SOLUCOES EM INFRAESTRUTURA LTDA (Filial SP)","07.525.262/0004-61","4-IMPLANTAÇÃO_DE_REDE_INTERNA","","Kit Cobertura Wi-Fi - 9 Access Points - Equip - MEGA - SE","1","18.935,73","18.935,73","Material","30/06/2026","3594","3234","Aprovado","","332","Não","5","Conectada","1782304006087x446367532382521150"
"35010287","19001","MEGA INFRA SOLUCOES EM INFRAESTRUTURA LTDA (Filial SP)","07.525.262/0004-61","4-IMPLANTAÇÃO_DE_REDE_INTERNA","","Kit Cobertura Wi-Fi - 9 Access Points - Equip - MEGA - SE","1","18.935,73","18.935,73","Material","30/06/2026","3600","3235","Aprovado","","275","Não","5","Conectada","1782305465089x565799198149281150"
"35010286","19001","MEGA INFRA SOLUCOES EM INFRAESTRUTURA LTDA (Filial SP)","07.525.262/0004-61","4-IMPLANTAÇÃO_DE_REDE_INTERNA","","Kit Cobertura Wi-Fi - 10 Access Points - Equip - MEGA - SE","1","20.171,96","20.171,96","Material","30/06/2026","3600","3235","Aprovado","","340","Não","5","Conectada","1782305465249x106258013504165090"
"17053676","19001","MEGA INFRA SOLUCOES EM INFRAESTRUTURA LTDA (Filial SP)","07.525.262/0004-61","4-IMPLANTAÇÃO_DE_REDE_INTERNA","","Kit Cobertura Wi-Fi - 6 Access Points - Equip - MEGA - NO","1","13.896,92","13.896,92","Material","30/06/2026","3601","3236","Aprovado","","325","Não","5","Conectada","1782305752608x114374729549737040"
"17065402","19001","MEGA INFRA SOLUCOES EM INFRAESTRUTURA LTDA (Filial SP)","07.525.262/0004-61","4-IMPLANTAÇÃO_DE_REDE_INTERNA","","Kit Cobertura Wi-Fi - 2 Access Points - Equip - MEGA - NO","1","9.143,85","9.143,85","Material","30/06/2026","3601","3236","Aprovado","","329","Não","5","Conectada","1782305752890x832348124341303200"
"35237528","19001","MEGA INFRA SOLUCOES EM INFRAESTRUTURA LTDA (Filial SP)","07.525.262/0004-61","4-IMPLANTAÇÃO_DE_REDE_INTERNA","","Kit Cobertura Wi-Fi - 2 Access Points - Equip - MEGA - SE","1","9.512,95","9.512,95","Material","30/06/2026","3610","3237","Aprovado","","334","Não","5","Conectada","1782327433183x238407332654686270"
"17113806","19001","MEGA INFRA SOLUCOES EM INFRAESTRUTURA LTDA (Filial SP)","07.525.262/0004-61","4-IMPLANTAÇÃO_DE_REDE_INTERNA","","Kit Cobertura Wi-Fi - 2 Access Points - Equip - MEGA - NO","1","9.143,85","9.143,85","Material","30/06/2026","3656","3240","Aprovado","","364","Não","5","Conectada","1782499613710x244153962965049760"
"53008430","19001","MEGA INFRA SOLUCOES EM INFRAESTRUTURA LTDA (Filial SP)","07.525.262/0004-61","4-IMPLANTAÇÃO_DE_REDE_INTERNA","","Access Point adicional Indoor - Equip - MEGA - CO","1","699,09","699,09","Material","30/06/2026","3657","3241","Aprovado","","383","Não","5","Conectada","1782500044842x593175977656141800"
"53008430","19001","MEGA INFRA SOLUCOES EM INFRAESTRUTURA LTDA (Filial SP)","07.525.262/0004-61","4-IMPLANTAÇÃO_DE_REDE_INTERNA","","Kit Cobertura Wi-Fi - 15 Access Points - Equip - MEGA - CO","1","25.330,63","25.330,63","Material","30/06/2026","3657","3241","Aprovado","","382","Não","5","Conectada","1782500044853x965615689237804700"
"53020120","19001","MEGA INFRA SOLUCOES EM INFRAESTRUTURA LTDA (Filial SP)","07.525.262/0004-61","4-IMPLANTAÇÃO_DE_REDE_INTERNA","","Kit Cobertura Wi-Fi - 15 Access Points - Equip - MEGA - CO","1","25.330,63","25.330,63","Material","30/06/2026","3658","3411","Aprovado","","442","Não","5","Conectada","1782500358022x745358967374970500"
"53020120","19001","MEGA INFRA SOLUCOES EM INFRAESTRUTURA LTDA (Filial SP)","07.525.262/0004-61","4-IMPLANTAÇÃO_DE_REDE_INTERNA","","Access Point adicional Indoor - Equip - MEGA - CO","5","699,09","3.495,45","Material","30/06/2026","3658","3411","Aprovado","","444","Não","5","Conectada","1782500358070x433601190703945660"
"35236950","19001","MEGA INFRA SOLUCOES EM INFRAESTRUTURA LTDA (Filial SP)","07.525.262/0004-61","4-IMPLANTAÇÃO_DE_REDE_INTERNA","","Kit Cobertura Wi-Fi - 2 Access Points - Equip - MEGA - SE","1","9.512,95","9.512,95","Material","30/06/2026","3707","3412","Aprovado","","421","Não","5","Conectada","1782737480921x534836400108660300"
"53003691","19001","MEGA INFRA SOLUCOES EM INFRAESTRUTURA LTDA (Filial SP)","07.525.262/0004-61","4-IMPLANTAÇÃO_DE_REDE_INTERNA","","Access Point adicional Indoor - Equip - MEGA - CO","6","699,09","4.194,54","Material","30/06/2026","3718","3413","Aprovado","","434","Não","5","Conectada","1782741467543x927420675910969100"
"53003691","19001","MEGA INFRA SOLUCOES EM INFRAESTRUTURA LTDA (Filial SP)","07.525.262/0004-61","4-IMPLANTAÇÃO_DE_REDE_INTERNA","","Nobreak - Equip - MEGA - CO","2","1.491,72","2.983,44","Material","30/06/2026","3718","3413","Aprovado","","437","Não","5","Conectada","1782741467581x276158905309047400"
"53003691","19001","MEGA INFRA SOLUCOES EM INFRAESTRUTURA LTDA (Filial SP)","07.525.262/0004-61","4-IMPLANTAÇÃO_DE_REDE_INTERNA","","Rack 9U - Equip - MEGA - CO","1","1.265,04","1.265,04","Material","30/06/2026","3718","3413","Aprovado","","432","Não","5","Conectada","1782741467630x921853985480976100"
"53003691","19001","MEGA INFRA SOLUCOES EM INFRAESTRUTURA LTDA (Filial SP)","07.525.262/0004-61","4-IMPLANTAÇÃO_DE_REDE_INTERNA","","Switch Gigabit 8 portas PoE+ - Equip - MEGA - CO","1","994,18","994,18","Material","30/06/2026","3718","3413","Aprovado","","433","Não","5","Conectada","1782741468005x550021172863510460"
"35010284","19001","MEGA INFRA SOLUCOES EM INFRAESTRUTURA LTDA (Filial SP)","07.525.262/0004-61","4-IMPLANTAÇÃO_DE_REDE_INTERNA","","Kit Cobertura Wi-Fi - 9 Access Points - Equip - MEGA - SE","1","18.935,73","18.935,73","Material","30/06/2026","3775","3410","Aprovado","","435","Não","5","Conectada","1782843988017x334021899943105900"
"53003691","19001","MEGA INFRA SOLUCOES EM INFRAESTRUTURA LTDA (Filial SP)","07.525.262/0004-61","4-IMPLANTAÇÃO_DE_REDE_INTERNA","","Kit Cobertura Wi-Fi - 15 Access Points - Equip - MEGA - CO","1","25.330,63","25.330,63","Material","30/06/2026","3848","3414","Aprovado","","436","Não","5","Conectada","1783004065721x175252817086642300"
"35009727","19001","MEGA INFRA SOLUCOES EM INFRAESTRUTURA LTDA (Filial SP)","07.525.262/0004-61","4-IMPLANTAÇÃO_DE_REDE_INTERNA","","Nobreak - Equip - MEGA - SE","1","1.551,93","1.551,93","Material","30/06/2026","3849","3467","Aprovado","","410","Não","5","Conectada","1783004876032x357404812829010600"
"35009727","19001","MEGA INFRA SOLUCOES EM INFRAESTRUTURA LTDA (Filial SP)","07.525.262/0004-61","4-IMPLANTAÇÃO_DE_REDE_INTERNA","","Kit Cobertura Wi-Fi - 2 Access Points - Equip - MEGA - SE","1","9.512,95","9.512,95","Material","30/06/2026","3849","3467","Aprovado","","405","Não","5","Conectada","1783004876645x588669815099371600"
"35055189","19001","MEGA INFRA SOLUCOES EM INFRAESTRUTURA LTDA (Filial SP)","07.525.262/0004-61","4-IMPLANTAÇÃO_DE_REDE_INTERNA","","Kit Cobertura Wi-Fi - 15 Access Points - Equip - MEGA - SE","1","26.353,13","26.353,13","Material","30/06/2026","3850","3468","Aprovado","","417","Não","5","Conectada","1783008798887x735148031053771500"
"35055189","19001","MEGA INFRA SOLUCOES EM INFRAESTRUTURA LTDA (Filial SP)","07.525.262/0004-61","4-IMPLANTAÇÃO_DE_REDE_INTERNA","","Nobreak - Equip - MEGA - SE","1","1.551,93","1.551,93","Material","30/06/2026","3850","3468","Aprovado","","418","Não","5","Conectada","1783008798898x557676490855107700"
"17054419","19001","MEGA INFRA SOLUCOES EM INFRAESTRUTURA LTDA (Filial SP)","07.525.262/0004-61","4-IMPLANTAÇÃO_DE_REDE_INTERNA","","Nobreak - Equip - MEGA - NO","1","1.491,72","1.491,72","Material","30/06/2026","3851","3477","Aprovado","","389","Não","5","Conectada","1783010318402x581802924309116100"
"17054419","19001","MEGA INFRA SOLUCOES EM INFRAESTRUTURA LTDA (Filial SP)","07.525.262/0004-61","4-IMPLANTAÇÃO_DE_REDE_INTERNA","","Kit Cobertura Wi-Fi - 1 Access Point - Equip - MEGA - NO","1","7.955,58","7.955,58","Material","30/06/2026","3851","3477","Aprovado","","388","Não","5","Conectada","1783010318441x254021192012139360"
"35010412","19001","MEGA INFRA SOLUCOES EM INFRAESTRUTURA LTDA (Filial SP)","07.525.262/0004-61","4-IMPLANTAÇÃO_DE_REDE_INTERNA","","Nobreak - Equip - MEGA - SE","1","1.551,93","1.551,93","Material","30/06/2026","3852","3478","Aprovado","","396","Não","5","Conectada","1783010422461x205300196014715620"
"35010412","19001","MEGA INFRA SOLUCOES EM INFRAESTRUTURA LTDA (Filial SP)","07.525.262/0004-61","4-IMPLANTAÇÃO_DE_REDE_INTERNA","","Kit Cobertura Wi-Fi - 2 Access Points - Equip - MEGA - SE","1","9.512,95","9.512,95","Material","30/06/2026","3852","3478","Aprovado","","395","Não","5","Conectada","1783010422497x122414891627918420"
"35055256","19001","MEGA INFRA SOLUCOES EM INFRAESTRUTURA LTDA (Filial SP)","07.525.262/0004-61","4-IMPLANTAÇÃO_DE_REDE_INTERNA","","Nobreak - Equip - MEGA - SE","1","1.551,93","1.551,93","Material","30/06/2026","3853","3469","Aprovado","","456","Não","5","Conectada","1783016582776x576443747626712100"
"35236950","19001","MEGA INFRA SOLUCOES EM INFRAESTRUTURA LTDA (Filial SP)","07.525.262/0004-61","4-IMPLANTAÇÃO_DE_REDE_INTERNA","","Nobreak - Equip - MEGA - SE","1","1.551,93","1.551,93","Material","30/06/2026","3854","3479","Aprovado","","419","Não","5","Conectada","1783017279302x771568777595811600"
"35010284","19001","MEGA INFRA SOLUCOES EM INFRAESTRUTURA LTDA (Filial SP)","07.525.262/0004-61","4-IMPLANTAÇÃO_DE_REDE_INTERNA","","Nobreak - Equip - MEGA - SE","1","1.551,93","1.551,93","Material","30/06/2026","3855","3470","Aprovado","","438","Não","5","Conectada","1783017423358x112350703705372370"
"35278300","19001","MEGA INFRA SOLUCOES EM INFRAESTRUTURA LTDA (Filial SP)","07.525.262/0004-61","4-IMPLANTAÇÃO_DE_REDE_INTERNA","","Kit Cobertura Wi-Fi - 5 Access Points - Equip - MEGA - SE","1","13.221,66","13.221,66","Material","30/06/2026","3856","3471","Aprovado","","420","Não","5","Conectada","1783017638464x155719480119993250"
"35278300","19001","MEGA INFRA SOLUCOES EM INFRAESTRUTURA LTDA (Filial SP)","07.525.262/0004-61","4-IMPLANTAÇÃO_DE_REDE_INTERNA","","Nobreak - Equip - MEGA - SE","1","1.551,93","1.551,93","Material","30/06/2026","3856","3471","Aprovado","","413","Não","5","Conectada","1783017638931x694183739222514000"
"35361800","19001","MEGA INFRA SOLUCOES EM INFRAESTRUTURA LTDA (Filial SP)","07.525.262/0004-61","4-IMPLANTAÇÃO_DE_REDE_INTERNA","","Nobreak - Equip - MEGA - SE","1","1.551,93","1.551,93","Material","30/06/2026","3857","3472","Aprovado","","416","Não","5","Conectada","1783017862324x637804409046795800"
"35361800","19001","MEGA INFRA SOLUCOES EM INFRAESTRUTURA LTDA (Filial SP)","07.525.262/0004-61","4-IMPLANTAÇÃO_DE_REDE_INTERNA","","Kit Cobertura Wi-Fi - 10 Access Points - Equip - MEGA - SE","1","20.171,96","20.171,96","Material","30/06/2026","3857","3472","Aprovado","","414","Não","5","Conectada","1783017862435x540371185637194700"
"53020120","19001","MEGA INFRA SOLUCOES EM INFRAESTRUTURA LTDA (Filial SP)","07.525.262/0004-61","4-IMPLANTAÇÃO_DE_REDE_INTERNA","","Nobreak - Equip - MEGA - CO","1","1.491,72","1.491,72","Material","30/06/2026","3858","3473","Aprovado","","443","Não","5","Conectada","1783018522933x735639425358550300"
"35068743","19001","MEGA INFRA SOLUCOES EM INFRAESTRUTURA LTDA (Filial SP)","07.525.262/0004-61","4-IMPLANTAÇÃO_DE_REDE_INTERNA","","Nobreak - Equip - MEGA - SE","1","1.551,93","1.551,93","Material","30/06/2026","3859","3474","Aprovado","","411","Não","5","Conectada","1783018677410x323020201561620800"
"35068743","19001","MEGA INFRA SOLUCOES EM INFRAESTRUTURA LTDA (Filial SP)","07.525.262/0004-61","4-IMPLANTAÇÃO_DE_REDE_INTERNA","","Kit Cobertura Wi-Fi - 12 Access Points - Equip - MEGA - SE","1","22.644,43","22.644,43","Material","30/06/2026","3859","3474","Aprovado","","408","Não","5","Conectada","1783018677526x255103383304331000"
"35085558","19001","MEGA INFRA SOLUCOES EM INFRAESTRUTURA LTDA (Filial SP)","07.525.262/0004-61","4-IMPLANTAÇÃO_DE_REDE_INTERNA","","Nobreak - Equip - MEGA - SE","1","1.551,93","1.551,93","Material","30/06/2026","3860","3475","Aprovado","","407","Não","5","Conectada","1783018831308x691665941865325300"
"35085558","19001","MEGA INFRA SOLUCOES EM INFRAESTRUTURA LTDA (Filial SP)","07.525.262/0004-61","4-IMPLANTAÇÃO_DE_REDE_INTERNA","","Kit Cobertura Wi-Fi - 15 Access Points - Equip - MEGA - SE","1","26.353,13","26.353,13","Material","30/06/2026","3860","3475","Aprovado","","406","Não","5","Conectada","1783018831348x181762219526200100"
"53013549","19001","MEGA INFRA SOLUCOES EM INFRAESTRUTURA LTDA (Filial SP)","07.525.262/0004-61","4-IMPLANTAÇÃO_DE_REDE_INTERNA","","Kit Cobertura Wi-Fi - 6 Access Points - Equip - MEGA - CO","1","13.896,92","13.896,92","Material","30/06/2026","3861","3476","Aprovado","","440","Não","5","Conectada","1783020179951x512625974292644200"
"53013549","19001","MEGA INFRA SOLUCOES EM INFRAESTRUTURA LTDA (Filial SP)","07.525.262/0004-61","4-IMPLANTAÇÃO_DE_REDE_INTERNA","","Nobreak - Equip - MEGA - CO","1","1.491,72","1.491,72","Material","30/06/2026","3861","3476","Aprovado","","441","Não","5","Conectada","1783020180433x645414555093806600"
"35437189","19001","MEGA INFRA SOLUCOES EM INFRAESTRUTURA LTDA (Filial SP)","07.525.262/0004-61","4-IMPLANTAÇÃO_DE_REDE_INTERNA","","Kit Cobertura Wi-Fi - 8 Access Points - Equip - MEGA - SE","1","17.699,49","17.699,49","Material","30/06/2026","3862","3480","Aprovado","","423","Não","5","Conectada","1783022519468x598606664620388900"
"35437189","19001","MEGA INFRA SOLUCOES EM INFRAESTRUTURA LTDA (Filial SP)","07.525.262/0004-61","4-IMPLANTAÇÃO_DE_REDE_INTERNA","","Nobreak - Equip - MEGA - SE","1","1.551,93","1.551,93","Material","30/06/2026","3862","3480","Aprovado","","426","Não","5","Conectada","1783022519841x814375363462471700"
"17027241","19001","MEGA INFRA SOLUCOES EM INFRAESTRUTURA LTDA (Filial SP)","07.525.262/0004-61","4-IMPLANTAÇÃO_DE_REDE_INTERNA","","Nobreak - Equip - MEGA - NO","1","1.491,72","1.491,72","Material","30/06/2026","3863","3481","Aprovado","","446","Não","5","Conectada","1783023077256x139371299456592770"
"17027241","19001","MEGA INFRA SOLUCOES EM INFRAESTRUTURA LTDA (Filial SP)","07.525.262/0004-61","4-IMPLANTAÇÃO_DE_REDE_INTERNA","","Kit Cobertura Wi-Fi - 6 Access Points - Equip - MEGA - NO","1","13.896,92","13.896,92","Material","30/06/2026","3863","3481","Aprovado","","445","Não","5","Conectada","1783023077335x501792028253968500"
"17027233","19001","MEGA INFRA SOLUCOES EM INFRAESTRUTURA LTDA (Filial SP)","07.525.262/0004-61","4-IMPLANTAÇÃO_DE_REDE_INTERNA","","Nobreak - Equip - MEGA - NO","1","1.491,72","1.491,72","Material","30/06/2026","3878","3490","Aprovado","","448","Não","5","Conectada","1783083848456x253618215251643080"
"17027233","19001","MEGA INFRA SOLUCOES EM INFRAESTRUTURA LTDA (Filial SP)","07.525.262/0004-61","4-IMPLANTAÇÃO_DE_REDE_INTERNA","","Kit Cobertura Wi-Fi - 3 Access Points - Equip - MEGA - NO","1","10.332,12","10.332,12","Material","30/06/2026","3878","3490","Aprovado","","447","Não","5","Conectada","1783083848524x556802751972299600"
"17044332","19001","MEGA INFRA SOLUCOES EM INFRAESTRUTURA LTDA (Filial SP)","07.525.262/0004-61","4-IMPLANTAÇÃO_DE_REDE_INTERNA","","Kit Cobertura Wi-Fi - 2 Access Points - Equip - MEGA - NO","1","9.143,85","9.143,85","Material","30/06/2026","3880","3491","Aprovado","","451","Não","5","Conectada","1783085858340x908620197144783100"
"17027268","19001","MEGA INFRA SOLUCOES EM INFRAESTRUTURA LTDA (Filial SP)","07.525.262/0004-61","4-IMPLANTAÇÃO_DE_REDE_INTERNA","","Kit Cobertura Wi-Fi - 3 Access Points - Equip - MEGA - NO","1","10.332,12","10.332,12","Material","30/06/2026","3880","3491","Aprovado","","400","Não","5","Conectada","1783085858373x331781837340950460"
"17044332","19001","MEGA INFRA SOLUCOES EM INFRAESTRUTURA LTDA (Filial SP)","07.525.262/0004-61","4-IMPLANTAÇÃO_DE_REDE_INTERNA","","Nobreak - Equip - MEGA - NO","1","1.491,72","1.491,72","Material","30/06/2026","3880","3491","Aprovado","","452","Não","5","Conectada","1783085858504x100347391436640400"
"17027268","19001","MEGA INFRA SOLUCOES EM INFRAESTRUTURA LTDA (Filial SP)","07.525.262/0004-61","4-IMPLANTAÇÃO_DE_REDE_INTERNA","","Nobreak - Equip - MEGA - NO","1","1.491,72","1.491,72","Material","30/06/2026","3880","3491","Aprovado","","401","Não","5","Conectada","1783085858506x570106005629245300"
"35022378","19001","MEGA INFRA SOLUCOES EM INFRAESTRUTURA LTDA (Filial SP)","07.525.262/0004-61","4-IMPLANTAÇÃO_DE_REDE_INTERNA","","Kit Cobertura Wi-Fi - 2 Access Points - Equip - MEGA - SE","1","9.512,95","9.512,95","Material","30/06/2026","3881","3492","Aprovado","","460","Não","5","Conectada","1783086049369x769670108018278000"
"35022378","19001","MEGA INFRA SOLUCOES EM INFRAESTRUTURA LTDA (Filial SP)","07.525.262/0004-61","4-IMPLANTAÇÃO_DE_REDE_INTERNA","","Nobreak - Equip - MEGA - SE","1","1.551,93","1.551,93","Material","30/06/2026","3881","3492","Aprovado","","462","Não","5","Conectada","1783086049801x564888024595519700"
"35010306","19001","MEGA INFRA SOLUCOES EM INFRAESTRUTURA LTDA (Filial SP)","07.525.262/0004-61","4-IMPLANTAÇÃO_DE_REDE_INTERNA","","Kit Cobertura Wi-Fi - 11 Access Points - Equip - MEGA - SE","1","21.408,19","21.408,19","Material","31/07/2026","3978","3655","Aprovado","","485","Não","5","Conectada","1783101805981x852755973242481700"
"35287817","19001","MEGA INFRA SOLUCOES EM INFRAESTRUTURA LTDA (Filial SP)","07.525.262/0004-61","4-IMPLANTAÇÃO_DE_REDE_INTERNA","","Kit Cobertura Wi-Fi - 10 Access Points - Equip - MEGA - SE","1","20.171,96","20.171,96","Material","31/07/2026","3978","3655","Aprovado","","487","Não","5","Conectada","1783101806039x529624082785490100"
"35050209","19001","MEGA INFRA SOLUCOES EM INFRAESTRUTURA LTDA (Filial SP)","07.525.262/0004-61","4-IMPLANTAÇÃO_DE_REDE_INTERNA","","Kit Cobertura Wi-Fi - 6 Access Points - Equip - MEGA - SE","1","14.457,89","14.457,89","Material","31/07/2026","3978","3655","Aprovado","","449","Não","5","Conectada","1783101806038x882202694139818200"
"35055300","19001","MEGA INFRA SOLUCOES EM INFRAESTRUTURA LTDA (Filial SP)","07.525.262/0004-61","4-IMPLANTAÇÃO_DE_REDE_INTERNA","","Kit Cobertura Wi-Fi - 13 Access Points - Equip - MEGA - SE","1","23.880,66","23.880,66","Material","31/07/2026","3978","3655","Aprovado","","488","Não","5","Conectada","1783101806119x233046616967521150"
"35010306","19001","MEGA INFRA SOLUCOES EM INFRAESTRUTURA LTDA (Filial SP)","07.525.262/0004-61","4-IMPLANTAÇÃO_DE_REDE_INTERNA","","Nobreak - Equip - MEGA - SE","1","1.551,93","1.551,93","Material","31/07/2026","3978","3655","Aprovado","","486","Não","5","Conectada","1783101806311x568487995621011400"
"35055300","19001","MEGA INFRA SOLUCOES EM INFRAESTRUTURA LTDA (Filial SP)","07.525.262/0004-61","4-IMPLANTAÇÃO_DE_REDE_INTERNA","","Nobreak - Equip - MEGA - SE","1","1.551,93","1.551,93","Material","31/07/2026","3978","3655","Aprovado","","489","Não","5","Conectada","1783101806327x245404736628489480"
"35239264","19001","MEGA INFRA SOLUCOES EM INFRAESTRUTURA LTDA (Filial SP)","07.525.262/0004-61","4-IMPLANTAÇÃO_DE_REDE_INTERNA","","Nobreak - Equip - MEGA - SE","1","1.551,93","1.551,93","Material","31/07/2026","3978","3655","Aprovado","","498","Não","5","Conectada","1783101806454x638924054533350100"
"35287817","19001","MEGA INFRA SOLUCOES EM INFRAESTRUTURA LTDA (Filial SP)","07.525.262/0004-61","4-IMPLANTAÇÃO_DE_REDE_INTERNA","","Nobreak - Equip - MEGA - SE","1","1.551,93","1.551,93","Material","31/07/2026","3978","3655","Aprovado","","490","Não","5","Conectada","1783101806512x519440292778576640"
"35050209","19001","MEGA INFRA SOLUCOES EM INFRAESTRUTURA LTDA (Filial SP)","07.525.262/0004-61","4-IMPLANTAÇÃO_DE_REDE_INTERNA","","Nobreak - Equip - MEGA - SE","1","1.551,93","1.551,93","Material","31/07/2026","3978","3655","Aprovado","","450","Não","5","Conectada","1783101806569x112141901145936800"
"35468307","19001","MEGA INFRA SOLUCOES EM INFRAESTRUTURA LTDA (Filial SP)","07.525.262/0004-61","4-IMPLANTAÇÃO_DE_REDE_INTERNA","","Kit Cobertura Wi-Fi - 6 Access Points - Equip - MEGA - SE","1","14.457,89","14.457,89","Material","31/07/2026","3981","3578","Aprovado","","457","Não","5","Conectada","1783102109288x117307522379699980"
"35070324","19001","MEGA INFRA SOLUCOES EM INFRAESTRUTURA LTDA (Filial SP)","07.525.262/0004-61","4-IMPLANTAÇÃO_DE_REDE_INTERNA","","Nobreak - Equip - MEGA - SE","1","1.551,93","1.551,93","Material","31/07/2026","3981","3578","Aprovado","","454","Não","5","Conectada","1783102109699x396342636193838300"
"35070324","19001","MEGA INFRA SOLUCOES EM INFRAESTRUTURA LTDA (Filial SP)","07.525.262/0004-61","4-IMPLANTAÇÃO_DE_REDE_INTERNA","","Kit Cobertura Wi-Fi - 8 Access Points - Equip - MEGA - SE","1","17.699,49","17.699,49","Material","31/07/2026","3981","3578","Aprovado","","453","Não","5","Conectada","1783102109885x168070578209960060"
"35468307","19001","MEGA INFRA SOLUCOES EM INFRAESTRUTURA LTDA (Filial SP)","07.525.262/0004-61","4-IMPLANTAÇÃO_DE_REDE_INTERNA","","Nobreak - Equip - MEGA - SE","1","1.551,93","1.551,93","Material","31/07/2026","3981","3578","Aprovado","","458","Não","5","Conectada","1783102109924x726306377438181000"
"35055256","19001","MEGA INFRA SOLUCOES EM INFRAESTRUTURA LTDA (Filial SP)","07.525.262/0004-61","4-IMPLANTAÇÃO_DE_REDE_INTERNA","","Kit Cobertura Wi-Fi - 12 Access Points - Equip - MEGA - SE","1","22.644,43","22.644,43","Material","31/07/2026","3992","3579","Aprovado","","455","Não","5","Conectada","1783105686345x290560958308757400"
"35009797","19001","MEGA INFRA SOLUCOES EM INFRAESTRUTURA LTDA (Filial SP)","07.525.262/0004-61","4-IMPLANTAÇÃO_DE_REDE_INTERNA","","Kit Cobertura Wi-Fi - 2 Access Points - Equip - MEGA - SE","1","9.512,95","9.512,95","Material","31/07/2026","3992","3579","Aprovado","","459","Não","5","Conectada","1783105686469x300602992913304500"
"35009797","19001","MEGA INFRA SOLUCOES EM INFRAESTRUTURA LTDA (Filial SP)","07.525.262/0004-61","4-IMPLANTAÇÃO_DE_REDE_INTERNA","","Nobreak - Equip - MEGA - SE","1","1.551,93","1.551,93","Material","31/07/2026","3992","3579","Aprovado","","461","Não","5","Conectada","1783105686544x435048291665462100"
"53008391","19001","MEGA INFRA SOLUCOES EM INFRAESTRUTURA LTDA (Filial SP)","07.525.262/0004-61","4-IMPLANTAÇÃO_DE_REDE_INTERNA","","Kit Cobertura Wi-Fi - 15 Access Points - Equip - MEGA - CO","1","25.330,63","25.330,63","Material","31/07/2026","3993","3650","Aprovado","","480","Não","5","Conectada","1783106741696x819834254909581400"
"53004124","19001","MEGA INFRA SOLUCOES EM INFRAESTRUTURA LTDA (Filial SP)","07.525.262/0004-61","4-IMPLANTAÇÃO_DE_REDE_INTERNA","","Kit Cobertura Wi-Fi - 15 Access Points - Equip - MEGA - CO","1","25.330,63","25.330,63","Material","31/07/2026","3993","3650","Aprovado","","477","Não","5","Conectada","1783106741739x421387902887780030"
"53006984","19001","MEGA INFRA SOLUCOES EM INFRAESTRUTURA LTDA (Filial SP)","07.525.262/0004-61","4-IMPLANTAÇÃO_DE_REDE_INTERNA","","Kit Cobertura Wi-Fi - 14 Access Points - Equip - MEGA - CO","1","24.142,36","24.142,36","Material","31/07/2026","3993","3650","Aprovado","","636","Não","5","Conectada","1783106742007x924879309123192600"
"53003500","19001","MEGA INFRA SOLUCOES EM INFRAESTRUTURA LTDA (Filial SP)","07.525.262/0004-61","4-IMPLANTAÇÃO_DE_REDE_INTERNA","","Kit Cobertura Wi-Fi - 13 Access Points - Equip - MEGA - CO","1","22.954,09","22.954,09","Material","31/07/2026","3993","3650","Aprovado","","588","Não","5","Conectada","1783106742031x406002359804251260"
"53008782","19001","MEGA INFRA SOLUCOES EM INFRAESTRUTURA LTDA (Filial SP)","07.525.262/0004-61","4-IMPLANTAÇÃO_DE_REDE_INTERNA","","Kit Cobertura Wi-Fi - 13 Access Points - Equip - MEGA - CO","1","22.954,09","22.954,09","Material","31/07/2026","3993","3650","Aprovado","","629","Não","5","Conectada","1783106742039x103876062571606200"
"53007026","19001","MEGA INFRA SOLUCOES EM INFRAESTRUTURA LTDA (Filial SP)","07.525.262/0004-61","4-IMPLANTAÇÃO_DE_REDE_INTERNA","","Kit Cobertura Wi-Fi - 11 Access Points - Equip - MEGA - CO","1","20.577,55","20.577,55","Material","31/07/2026","3993","3650","Aprovado","","483","Não","5","Conectada","1783106742050x866289996267217300"
"53068092","19001","MEGA INFRA SOLUCOES EM INFRAESTRUTURA LTDA (Filial SP)","07.525.262/0004-61","4-IMPLANTAÇÃO_DE_REDE_INTERNA","","Kit Cobertura Wi-Fi - 11 Access Points - Equip - MEGA - CO","1","20.577,55","20.577,55","Material","31/07/2026","3993","3650","Aprovado","","550","Não","5","Conectada","1783106742067x827384798770985100"
"53004124","19001","MEGA INFRA SOLUCOES EM INFRAESTRUTURA LTDA (Filial SP)","07.525.262/0004-61","4-IMPLANTAÇÃO_DE_REDE_INTERNA","","Access Point adicional Indoor - Equip - MEGA - CO","3","699,09","2.097,27","Material","31/07/2026","3993","3650","Aprovado","","479","Não","5","Conectada","1783106742065x677381082250520400"
"53008391","19001","MEGA INFRA SOLUCOES EM INFRAESTRUTURA LTDA (Filial SP)","07.525.262/0004-61","4-IMPLANTAÇÃO_DE_REDE_INTERNA","","Access Point adicional Indoor - Equip - MEGA - CO","3","699,09","2.097,27","Material","31/07/2026","3993","3650","Aprovado","","482","Não","5","Conectada","1783106742088x405779213464565440"
"53003500","19001","MEGA INFRA SOLUCOES EM INFRAESTRUTURA LTDA (Filial SP)","07.525.262/0004-61","4-IMPLANTAÇÃO_DE_REDE_INTERNA","","Nobreak - Equip - MEGA - CO","1","1.491,72","1.491,72","Material","31/07/2026","3993","3650","Aprovado","","589","Não","5","Conectada","1783106742116x635016524507426400"
"53007026","19001","MEGA INFRA SOLUCOES EM INFRAESTRUTURA LTDA (Filial SP)","07.525.262/0004-61","4-IMPLANTAÇÃO_DE_REDE_INTERNA","","Nobreak - Equip - MEGA - CO","1","1.491,72","1.491,72","Material","31/07/2026","3993","3650","Aprovado","","484","Não","5","Conectada","1783106742138x810961189977070600"
"53006984","19001","MEGA INFRA SOLUCOES EM INFRAESTRUTURA LTDA (Filial SP)","07.525.262/0004-61","4-IMPLANTAÇÃO_DE_REDE_INTERNA","","Nobreak - Equip - MEGA - CO","1","1.491,72","1.491,72","Material","31/07/2026","3993","3650","Aprovado","","637","Não","5","Conectada","1783106742234x409354285224274900"
"53068092","19001","MEGA INFRA SOLUCOES EM INFRAESTRUTURA LTDA (Filial SP)","07.525.262/0004-61","4-IMPLANTAÇÃO_DE_REDE_INTERNA","","Nobreak - Equip - MEGA - CO","1","1.491,72","1.491,72","Material","31/07/2026","3993","3650","Aprovado","","551","Não","5","Conectada","1783106742324x468907530052163260"
"53004124","19001","MEGA INFRA SOLUCOES EM INFRAESTRUTURA LTDA (Filial SP)","07.525.262/0004-61","4-IMPLANTAÇÃO_DE_REDE_INTERNA","","Nobreak - Equip - MEGA - CO","1","1.491,72","1.491,72","Material","31/07/2026","3993","3650","Aprovado","","478","Não","5","Conectada","1783106742337x515852239653357400"
"53008391","19001","MEGA INFRA SOLUCOES EM INFRAESTRUTURA LTDA (Filial SP)","07.525.262/0004-61","4-IMPLANTAÇÃO_DE_REDE_INTERNA","","Nobreak - Equip - MEGA - CO","1","1.491,72","1.491,72","Material","31/07/2026","3993","3650","Aprovado","","481","Não","5","Conectada","1783106742361x731679121040230000"
"53008782","19001","MEGA INFRA SOLUCOES EM INFRAESTRUTURA LTDA (Filial SP)","07.525.262/0004-61","4-IMPLANTAÇÃO_DE_REDE_INTERNA","","Nobreak - Equip - MEGA - CO","1","1.491,72","1.491,72","Material","31/07/2026","3993","3650","Aprovado","","633","Não","5","Conectada","1783106742391x964018298628855000"
"35375172","19001","MEGA INFRA SOLUCOES EM INFRAESTRUTURA LTDA (Filial SP)","07.525.262/0004-61","4-IMPLANTAÇÃO_DE_REDE_INTERNA","","Kit Cobertura Wi-Fi - 12 Access Points - Equip - MEGA - SE","1","22.644,43","22.644,43","Material","31/07/2026","3997","3889","Aprovado","","940","Não","5","Conectada","1783107578502x777690339220796300"
"35068731","19001","MEGA INFRA SOLUCOES EM INFRAESTRUTURA LTDA (Filial SP)","07.525.262/0004-61","4-IMPLANTAÇÃO_DE_REDE_INTERNA","","Kit Cobertura Wi-Fi - 12 Access Points - Equip - MEGA - SE","1","22.644,43","22.644,43","Material","31/07/2026","3997","3889","Aprovado","","541","Não","5","Conectada","1783107578852x329371703084406800"
"35437177","19001","MEGA INFRA SOLUCOES EM INFRAESTRUTURA LTDA (Filial SP)","07.525.262/0004-61","4-IMPLANTAÇÃO_DE_REDE_INTERNA","","Kit Cobertura Wi-Fi - 12 Access Points - Equip - MEGA - SE","1","22.644,43","22.644,43","Material","31/07/2026","3997","3889","Aprovado","","590","Não","5","Conectada","1783107578937x363191226931273600"
"35082156","19001","MEGA INFRA SOLUCOES EM INFRAESTRUTURA LTDA (Filial SP)","07.525.262/0004-61","4-IMPLANTAÇÃO_DE_REDE_INTERNA","","Kit Cobertura Wi-Fi - 9 Access Points - Equip - MEGA - SE","1","18.935,73","18.935,73","Material","31/07/2026","3997","3889","Aprovado","","1119","Não","5","Conectada","1783107579101x129907253186147820"
"35009644","19001","MEGA INFRA SOLUCOES EM INFRAESTRUTURA LTDA (Filial SP)","07.525.262/0004-61","4-IMPLANTAÇÃO_DE_REDE_INTERNA","","Nobreak - Equip - MEGA - SE","1","1.551,93","1.551,93","Material","31/07/2026","3997","3889","Aprovado","","1263","Não","5","Conectada","1783107579176x132570779747991140"
"35082156","19001","MEGA INFRA SOLUCOES EM INFRAESTRUTURA LTDA (Filial SP)","07.525.262/0004-61","4-IMPLANTAÇÃO_DE_REDE_INTERNA","","Nobreak - Equip - MEGA - SE","1","1.551,93","1.551,93","Material","31/07/2026","3997","3889","Aprovado","","1121","Não","5","Conectada","1783107579238x204070878373714180"
"35375172","19001","MEGA INFRA SOLUCOES EM INFRAESTRUTURA LTDA (Filial SP)","07.525.262/0004-61","4-IMPLANTAÇÃO_DE_REDE_INTERNA","","Nobreak - Equip - MEGA - SE","1","1.551,93","1.551,93","Material","31/07/2026","3997","3889","Aprovado","","941","Não","5","Conectada","1783107579276x315384115094499600"
"35009644","19001","MEGA INFRA SOLUCOES EM INFRAESTRUTURA LTDA (Filial SP)","07.525.262/0004-61","4-IMPLANTAÇÃO_DE_REDE_INTERNA","","Kit Cobertura Wi-Fi - 1 Access Point - Equip - MEGA - SE","1","8.276,72","8.276,72","Material","31/07/2026","3997","3889","Aprovado","","1261","Não","5","Conectada","1783107579229x334823191550944960"
"35068731","19001","MEGA INFRA SOLUCOES EM INFRAESTRUTURA LTDA (Filial SP)","07.525.262/0004-61","4-IMPLANTAÇÃO_DE_REDE_INTERNA","","Nobreak - Equip - MEGA - SE","1","1.551,93","1.551,93","Material","31/07/2026","3997","3889","Aprovado","","542","Não","5","Conectada","1783107579332x572968630288752450"
"35437177","19001","MEGA INFRA SOLUCOES EM INFRAESTRUTURA LTDA (Filial SP)","07.525.262/0004-61","4-IMPLANTAÇÃO_DE_REDE_INTERNA","","Nobreak - Equip - MEGA - SE","1","1.551,93","1.551,93","Material","31/07/2026","3997","3889","Aprovado","","591","Não","5","Conectada","1783107579408x620833730985298700"
"35208334","19001","MEGA INFRA SOLUCOES EM INFRAESTRUTURA LTDA (Filial SP)","07.525.262/0004-61","4-IMPLANTAÇÃO_DE_REDE_INTERNA","","Kit Cobertura Wi-Fi - 10 Access Points - Equip - MEGA - SE","1","20.171,96","20.171,96","Material","31/07/2026","3999","3924","Aprovado","","755","Não","5","Conectada","1783108007177x706174914338219400"
"35434152","19001","MEGA INFRA SOLUCOES EM INFRAESTRUTURA LTDA (Filial SP)","07.525.262/0004-61","4-IMPLANTAÇÃO_DE_REDE_INTERNA","","Kit Cobertura Wi-Fi - 15 Access Points - Equip - MEGA - SE","1","26.353,13","26.353,13","Material","31/07/2026","3999","3924","Aprovado","","592","Não","5","Conectada","1783108007394x849423358412803100"
"35437190","19001","MEGA INFRA SOLUCOES EM INFRAESTRUTURA LTDA (Filial SP)","07.525.262/0004-61","4-IMPLANTAÇÃO_DE_REDE_INTERNA","","Kit Cobertura Wi-Fi - 7 Access Points - Equip - MEGA - SE","1","15.694,13","15.694,13","Material","31/07/2026","3999","3924","Aprovado","","739","Não","5","Conectada","1783108007486x889227107717922600"
"35208334","19001","MEGA INFRA SOLUCOES EM INFRAESTRUTURA LTDA (Filial SP)","07.525.262/0004-61","4-IMPLANTAÇÃO_DE_REDE_INTERNA","","Nobreak - Equip - MEGA - SE","1","1.551,93","1.551,93","Material","31/07/2026","3999","3924","Aprovado","","756","Não","5","Conectada","1783108007527x998887511608773900"
"35225952","19001","MEGA INFRA SOLUCOES EM INFRAESTRUTURA LTDA (Filial SP)","07.525.262/0004-61","4-IMPLANTAÇÃO_DE_REDE_INTERNA","","Nobreak - Equip - MEGA - SE","1","1.551,93","1.551,93","Material","31/07/2026","3999","3924","Aprovado","","843","Não","5","Conectada","1783108007685x400352555636665150"
"35434152","19001","MEGA INFRA SOLUCOES EM INFRAESTRUTURA LTDA (Filial SP)","07.525.262/0004-61","4-IMPLANTAÇÃO_DE_REDE_INTERNA","","Nobreak - Equip - MEGA - SE","1","1.551,93","1.551,93","Material","31/07/2026","3999","3924","Aprovado","","593","Não","5","Conectada","1783108007764x456911733808382140"
"35437190","19001","MEGA INFRA SOLUCOES EM INFRAESTRUTURA LTDA (Filial SP)","07.525.262/0004-61","4-IMPLANTAÇÃO_DE_REDE_INTERNA","","Nobreak - Equip - MEGA - SE","1","1.551,93","1.551,93","Material","31/07/2026","3999","3924","Aprovado","","740","Não","5","Conectada","1783108007781x518777595963136450"
"17044480","19001","MEGA INFRA SOLUCOES EM INFRAESTRUTURA LTDA (Filial SP)","07.525.262/0004-61","4-IMPLANTAÇÃO_DE_REDE_INTERNA","","Kit Cobertura Wi-Fi - 3 Access Points - Equip - MEGA - NO","1","10.332,12","10.332,12","Material","31/07/2026","4002","3653","Aprovado","Notas pendentes","1438","Não","5","Conectada","1783108384357x717084956596388000"
"17027225","19001","MEGA INFRA SOLUCOES EM INFRAESTRUTURA LTDA (Filial SP)","07.525.262/0004-61","4-IMPLANTAÇÃO_DE_REDE_INTERNA","","Kit Cobertura Wi-Fi - 2 Access Points - Equip - MEGA - NO","1","9.143,85","9.143,85","Material","31/07/2026","4002","3653","Aprovado","Notas pendentes","","Não","5","Em implantação","1783108384429x496246015348797760"
"17053943","19001","MEGA INFRA SOLUCOES EM INFRAESTRUTURA LTDA (Filial SP)","07.525.262/0004-61","4-IMPLANTAÇÃO_DE_REDE_INTERNA","","Kit Cobertura Wi-Fi - 1 Access Point - Equip - MEGA - NO","1","7.955,58","7.955,58","Material","31/07/2026","4002","3653","Aprovado","Notas pendentes","908","Não","5","Conectada","1783108384685x955777492042587000"
"17027225","19001","MEGA INFRA SOLUCOES EM INFRAESTRUTURA LTDA (Filial SP)","07.525.262/0004-61","4-IMPLANTAÇÃO_DE_REDE_INTERNA","","Nobreak - Equip - MEGA - NO","1","1.491,72","1.491,72","Material","31/07/2026","4002","3653","Aprovado","Notas pendentes","","Não","5","Em implantação","1783108384760x707166123302227700"
"17044480","19001","MEGA INFRA SOLUCOES EM INFRAESTRUTURA LTDA (Filial SP)","07.525.262/0004-61","4-IMPLANTAÇÃO_DE_REDE_INTERNA","","Nobreak - Equip - MEGA - NO","1","1.491,72","1.491,72","Material","31/07/2026","4002","3653","Aprovado","Notas pendentes","1440","Não","5","Conectada","1783108384841x762828932663130800"
"17053943","19001","MEGA INFRA SOLUCOES EM INFRAESTRUTURA LTDA (Filial SP)","07.525.262/0004-61","4-IMPLANTAÇÃO_DE_REDE_INTERNA","","Nobreak - Equip - MEGA - NO","1","1.491,72","1.491,72","Material","31/07/2026","4002","3653","Aprovado","Notas pendentes","865","Não","5","Conectada","1783108384904x716951322675263100"
"35238892","19001","MEGA INFRA SOLUCOES EM INFRAESTRUTURA LTDA (Filial SP)","07.525.262/0004-61","4-IMPLANTAÇÃO_DE_REDE_INTERNA","","Kit Cobertura Wi-Fi - 2 Access Points - Equip - MEGA - SE","1","9.512,95","9.512,95","Material","31/07/2026","4106","3651","Aprovado","","390","Não","5","Conectada","1783343161459x962715462397080800"
"17027039","19001","MEGA INFRA SOLUCOES EM INFRAESTRUTURA LTDA (Filial SP)","07.525.262/0004-61","4-IMPLANTAÇÃO_DE_REDE_INTERNA","","Nobreak - Equip - MEGA - NO","1","1.491,72","1.491,72","Material","31/07/2026","4106","3651","Aprovado","","393","Não","5","Conectada","1783343161460x767898006784214300"
"17027039","19001","MEGA INFRA SOLUCOES EM INFRAESTRUTURA LTDA (Filial SP)","07.525.262/0004-61","4-IMPLANTAÇÃO_DE_REDE_INTERNA","","Kit Cobertura Wi-Fi - 1 Access Point - Equip - MEGA - NO","1","7.955,58","7.955,58","Material","31/07/2026","4106","3651","Aprovado","","604","Não","5","Conectada","1783343161530x629136196927743100"
"35238892","19001","MEGA INFRA SOLUCOES EM INFRAESTRUTURA LTDA (Filial SP)","07.525.262/0004-61","4-IMPLANTAÇÃO_DE_REDE_INTERNA","","Nobreak - Equip - MEGA - SE","1","1.551,93","1.551,93","Material","31/07/2026","4106","3651","Aprovado","","391","Não","5","Conectada","1783343161577x428483830633338500"
"35005582","19001","MEGA INFRA SOLUCOES EM INFRAESTRUTURA LTDA (Filial SP)","07.525.262/0004-61","4-IMPLANTAÇÃO_DE_REDE_INTERNA","","Kit Cobertura Wi-Fi - 15 Access Points - Equip - MEGA - SE","1","26.353,13","26.353,13","Material","31/07/2026","4110","3654","Aprovado","","510","Não","5","Conectada","1783349691491x987342304471150700"
"35248861","19001","MEGA INFRA SOLUCOES EM INFRAESTRUTURA LTDA (Filial SP)","07.525.262/0004-61","4-IMPLANTAÇÃO_DE_REDE_INTERNA","","Kit Cobertura Wi-Fi - 15 Access Points - Equip - MEGA - SE","1","26.353,13","26.353,13","Material","31/07/2026","4110","3654","Aprovado","","814","Não","5","Conectada","1783349691584x320745269290440640"
"53018605","19001","MEGA INFRA SOLUCOES EM INFRAESTRUTURA LTDA (Filial SP)","07.525.262/0004-61","4-IMPLANTAÇÃO_DE_REDE_INTERNA","","Kit Cobertura Wi-Fi - 15 Access Points - Equip - MEGA - CO","1","25.330,63","25.330,63","Material","31/07/2026","4110","3654","Aprovado","","1016","Não","5","Conectada","1783349691602x474778855860753300"
"35074019","19001","MEGA INFRA SOLUCOES EM INFRAESTRUTURA LTDA (Filial SP)","07.525.262/0004-61","4-IMPLANTAÇÃO_DE_REDE_INTERNA","","Kit Cobertura Wi-Fi - 10 Access Points - Equip - MEGA - SE","1","20.171,96","20.171,96","Material","31/07/2026","4110","3654","Aprovado","","594","Não","5","Conectada","1783349691637x790259638332754400"
"35080412","19001","MEGA INFRA SOLUCOES EM INFRAESTRUTURA LTDA (Filial SP)","07.525.262/0004-61","4-IMPLANTAÇÃO_DE_REDE_INTERNA","","Kit Cobertura Wi-Fi - 13 Access Points - Equip - MEGA - SE","1","23.880,66","23.880,66","Material","31/07/2026","4110","3654","Aprovado","","574","Não","5","Conectada","1783349691640x571931969426140400"
"35070075","19001","MEGA INFRA SOLUCOES EM INFRAESTRUTURA LTDA (Filial SP)","07.525.262/0004-61","4-IMPLANTAÇÃO_DE_REDE_INTERNA","","Kit Cobertura Wi-Fi - 9 Access Points - Equip - MEGA - SE","1","18.935,73","18.935,73","Material","31/07/2026","4110","3654","Aprovado","","737","Não","5","Conectada","1783349691808x858643190773357200"
"35236883","19001","MEGA INFRA SOLUCOES EM INFRAESTRUTURA LTDA (Filial SP)","07.525.262/0004-61","4-IMPLANTAÇÃO_DE_REDE_INTERNA","","Kit Cobertura Wi-Fi - 3 Access Points - Equip - MEGA - SE","1","10.749,19","10.749,19","Material","31/07/2026","4110","3654","Aprovado","","491","Não","5","Conectada","1783349691860x134295919372713120"
"35005582","19001","MEGA INFRA SOLUCOES EM INFRAESTRUTURA LTDA (Filial SP)","07.525.262/0004-61","4-IMPLANTAÇÃO_DE_REDE_INTERNA","","Nobreak - Equip - MEGA - SE","1","1.551,93","1.551,93","Material","31/07/2026","4110","3654","Aprovado","","509","Não","5","Conectada","1783349691924x710547699058115000"
"35074019","19001","MEGA INFRA SOLUCOES EM INFRAESTRUTURA LTDA (Filial SP)","07.525.262/0004-61","4-IMPLANTAÇÃO_DE_REDE_INTERNA","","Nobreak - Equip - MEGA - SE","1","1.551,93","1.551,93","Material","31/07/2026","4110","3654","Aprovado","","605","Não","5","Conectada","1783349691943x829721332079628800"
"35080412","19001","MEGA INFRA SOLUCOES EM INFRAESTRUTURA LTDA (Filial SP)","07.525.262/0004-61","4-IMPLANTAÇÃO_DE_REDE_INTERNA","","Nobreak - Equip - MEGA - SE","1","1.551,93","1.551,93","Material","31/07/2026","4110","3654","Aprovado","","575","Não","5","Conectada","1783349691952x535057151471266750"
"35236883","19001","MEGA INFRA SOLUCOES EM INFRAESTRUTURA LTDA (Filial SP)","07.525.262/0004-61","4-IMPLANTAÇÃO_DE_REDE_INTERNA","","Nobreak - Equip - MEGA - SE","1","1.551,93","1.551,93","Material","31/07/2026","4110","3654","Aprovado","","492","Não","5","Conectada","1783349691954x133976429564060640"
"35248861","19001","MEGA INFRA SOLUCOES EM INFRAESTRUTURA LTDA (Filial SP)","07.525.262/0004-61","4-IMPLANTAÇÃO_DE_REDE_INTERNA","","Nobreak - Equip - MEGA - SE","1","1.551,93","1.551,93","Material","31/07/2026","4110","3654","Aprovado","","815","Não","5","Conectada","1783349691993x694890865458219760"
"35062376","19001","MEGA INFRA SOLUCOES EM INFRAESTRUTURA LTDA (Filial SP)","07.525.262/0004-61","4-IMPLANTAÇÃO_DE_REDE_INTERNA","","Nobreak - Equip - MEGA - SE","1","1.551,93","1.551,93","Material","31/07/2026","4110","3654","Aprovado","","609","Não","5","Conectada","1783349691993x798337544065357300"
"35070075","19001","MEGA INFRA SOLUCOES EM INFRAESTRUTURA LTDA (Filial SP)","07.525.262/0004-61","4-IMPLANTAÇÃO_DE_REDE_INTERNA","","Nobreak - Equip - MEGA - SE","1","1.551,93","1.551,93","Material","31/07/2026","4110","3654","Aprovado","","738","Não","5","Conectada","1783349692055x611978101732540500"
"17050332","19001","MEGA INFRA SOLUCOES EM INFRAESTRUTURA LTDA (Filial SP)","07.525.262/0004-61","4-IMPLANTAÇÃO_DE_REDE_INTERNA","","Kit Cobertura Wi-Fi - 2 Access Points - Equip - MEGA - NO","1","9.143,85","9.143,85","Material","31/07/2026","4111","3652","Aprovado","","678","Não","5","Conectada","1783350123286x286634132168879230"
"17026962","19001","MEGA INFRA SOLUCOES EM INFRAESTRUTURA LTDA (Filial SP)","07.525.262/0004-61","4-IMPLANTAÇÃO_DE_REDE_INTERNA","","Kit Cobertura Wi-Fi - 3 Access Points - Equip - MEGA - NO","1","10.332,12","10.332,12","Material","31/07/2026","4111","3652","Aprovado","","899","Não","5","Conectada","1783350123336x551379970414543200"
"17049245","19001","MEGA INFRA SOLUCOES EM INFRAESTRUTURA LTDA (Filial SP)","07.525.262/0004-61","4-IMPLANTAÇÃO_DE_REDE_INTERNA","","Kit Cobertura Wi-Fi - 2 Access Points - Equip - MEGA - NO","1","9.143,85","9.143,85","Material","31/07/2026","4111","3652","Aprovado","","653","Não","5","Conectada","1783350123671x382474790543073660"
"52103340","19001","MEGA INFRA SOLUCOES EM INFRAESTRUTURA LTDA (Filial SP)","07.525.262/0004-61","4-IMPLANTAÇÃO_DE_REDE_INTERNA","","Kit Cobertura Wi-Fi - 2 Access Points - Equip - MEGA - CO","1","9.143,85","9.143,85","Material","31/07/2026","4111","3652","Aprovado","","504","Não","5","Conectada","1783350123886x890168109582436500"
"52107760","19001","MEGA INFRA SOLUCOES EM INFRAESTRUTURA LTDA (Filial SP)","07.525.262/0004-61","4-IMPLANTAÇÃO_DE_REDE_INTERNA","","Kit Cobertura Wi-Fi - 2 Access Points - Equip - MEGA - CO","1","9.143,85","9.143,85","Material","31/07/2026","4111","3652","Aprovado","","506","Não","5","Conectada","1783350123921x750128414508602000"
"17003580","19001","MEGA INFRA SOLUCOES EM INFRAESTRUTURA LTDA (Filial SP)","07.525.262/0004-61","4-IMPLANTAÇÃO_DE_REDE_INTERNA","","Nobreak - Equip - MEGA - NO","1","1.491,72","1.491,72","Material","31/07/2026","4111","3652","Aprovado","","523","Não","5","Conectada","1783350124018x686581846900000900"
"17026962","19001","MEGA INFRA SOLUCOES EM INFRAESTRUTURA LTDA (Filial SP)","07.525.262/0004-61","4-IMPLANTAÇÃO_DE_REDE_INTERNA","","Nobreak - Equip - MEGA - NO","1","1.491,72","1.491,72","Material","31/07/2026","4111","3652","Aprovado","","900","Não","5","Conectada","1783350124028x246522531885749800"
"17050332","19001","MEGA INFRA SOLUCOES EM INFRAESTRUTURA LTDA (Filial SP)","07.525.262/0004-61","4-IMPLANTAÇÃO_DE_REDE_INTERNA","","Nobreak - Equip - MEGA - NO","1","1.491,72","1.491,72","Material","31/07/2026","4111","3652","Aprovado","","680","Não","5","Conectada","1783350124114x711642863088695600"
"17049245","19001","MEGA INFRA SOLUCOES EM INFRAESTRUTURA LTDA (Filial SP)","07.525.262/0004-61","4-IMPLANTAÇÃO_DE_REDE_INTERNA","","Nobreak - Equip - MEGA - NO","1","1.491,72","1.491,72","Material","31/07/2026","4111","3652","Aprovado","","654","Não","5","Conectada","1783350124180x609958714047678600"
"52103340","19001","MEGA INFRA SOLUCOES EM INFRAESTRUTURA LTDA (Filial SP)","07.525.262/0004-61","4-IMPLANTAÇÃO_DE_REDE_INTERNA","","Nobreak - Equip - MEGA - CO","1","1.491,72","1.491,72","Material","31/07/2026","4111","3652","Aprovado","","505","Não","5","Conectada","1783350124222x602476597802545500"
"52107760","19001","MEGA INFRA SOLUCOES EM INFRAESTRUTURA LTDA (Filial SP)","07.525.262/0004-61","4-IMPLANTAÇÃO_DE_REDE_INTERNA","","Nobreak - Equip - MEGA - CO","1","1.491,72","1.491,72","Material","31/07/2026","4111","3652","Aprovado","","508","Não","5","Conectada","1783350124247x494386866787031940"
"52094626","19001","MEGA INFRA SOLUCOES EM INFRAESTRUTURA LTDA (Filial SP)","07.525.262/0004-61","4-IMPLANTAÇÃO_DE_REDE_INTERNA","","Nobreak - Equip - MEGA - CO","1","1.491,72","1.491,72","Material","31/07/2026","4171","3675","Aprovado","","501","Não","5","Conectada","1783448149169x344572944906008640"
"52094626","19001","MEGA INFRA SOLUCOES EM INFRAESTRUTURA LTDA (Filial SP)","07.525.262/0004-61","4-IMPLANTAÇÃO_DE_REDE_INTERNA","","Kit Cobertura Wi-Fi - 7 Access Points - Equip - MEGA - CO","1","15.085,20","15.085,20","Material","31/07/2026","4171","3675","Aprovado","","500","Não","5","Conectada","1783448149218x911680758943989000"
"35009900","19001","MEGA INFRA SOLUCOES EM INFRAESTRUTURA LTDA (Filial SP)","07.525.262/0004-61","4-IMPLANTAÇÃO_DE_REDE_INTERNA","","Kit Cobertura Wi-Fi - 2 Access Points - Equip - MEGA - SE","1","9.512,95","9.512,95","Material","31/07/2026","4172","3662","Aprovado","","494","Não","5","Conectada","1783450363050x816202988079903700"
"35009900","19001","MEGA INFRA SOLUCOES EM INFRAESTRUTURA LTDA (Filial SP)","07.525.262/0004-61","4-IMPLANTAÇÃO_DE_REDE_INTERNA","","Nobreak - Equip - MEGA - SE","1","1.551,93","1.551,93","Material","31/07/2026","4172","3662","Aprovado","","495","Não","5","Conectada","1783450363140x431010708512890700"
"35481452","19001","MEGA INFRA SOLUCOES EM INFRAESTRUTURA LTDA (Filial SP)","07.525.262/0004-61","4-IMPLANTAÇÃO_DE_REDE_INTERNA","","Kit Cobertura Wi-Fi - 13 Access Points - Equip - MEGA - SE","1","23.880,66","23.880,66","Material","31/07/2026","4182","3722","Aprovado","","526","Não","5","Conectada","1783455706575x629752111319467500"
"35098358","19001","MEGA INFRA SOLUCOES EM INFRAESTRUTURA LTDA (Filial SP)","07.525.262/0004-61","4-IMPLANTAÇÃO_DE_REDE_INTERNA","","Kit Cobertura Wi-Fi - 11 Access Points - Equip - MEGA - SE","1","21.408,19","21.408,19","Material","31/07/2026","4182","3722","Aprovado","","682","Não","5","Conectada","1783455706593x292080911793181300"
"35055633","19001","MEGA INFRA SOLUCOES EM INFRAESTRUTURA LTDA (Filial SP)","07.525.262/0004-61","4-IMPLANTAÇÃO_DE_REDE_INTERNA","","Kit Cobertura Wi-Fi - 15 Access Points - Equip - MEGA - SE","1","26.353,13","26.353,13","Material","31/07/2026","4182","3722","Aprovado","","690","Não","5","Conectada","1783455706652x922097856907974800"
"35080846","19001","MEGA INFRA SOLUCOES EM INFRAESTRUTURA LTDA (Filial SP)","07.525.262/0004-61","4-IMPLANTAÇÃO_DE_REDE_INTERNA","","Kit Cobertura Wi-Fi - 13 Access Points - Equip - MEGA - SE","1","23.880,66","23.880,66","Material","31/07/2026","4182","3722","Aprovado","","1084","Não","5","Conectada","1783455706754x645083956412968100"
"35055633","19001","MEGA INFRA SOLUCOES EM INFRAESTRUTURA LTDA (Filial SP)","07.525.262/0004-61","4-IMPLANTAÇÃO_DE_REDE_INTERNA","","Nobreak - Equip - MEGA - SE","1","1.551,93","1.551,93","Material","31/07/2026","4182","3722","Aprovado","","685","Não","5","Conectada","1783455706775x131323927767195380"
"35419394","19001","MEGA INFRA SOLUCOES EM INFRAESTRUTURA LTDA (Filial SP)","07.525.262/0004-61","4-IMPLANTAÇÃO_DE_REDE_INTERNA","","Nobreak - Equip - MEGA - SE","1","1.551,93","1.551,93","Material","31/07/2026","4182","3722","Aprovado","","733","Não","5","Conectada","1783455706830x344367637116698800"
"35055633","19001","MEGA INFRA SOLUCOES EM INFRAESTRUTURA LTDA (Filial SP)","07.525.262/0004-61","4-IMPLANTAÇÃO_DE_REDE_INTERNA","","Access Point adicional Indoor - Equip - MEGA - SE","1","727,31","727,31","Material","31/07/2026","4182","3722","Aprovado","","686","Não","5","Conectada","1783455706829x999678575765468900"
"35481452","19001","MEGA INFRA SOLUCOES EM INFRAESTRUTURA LTDA (Filial SP)","07.525.262/0004-61","4-IMPLANTAÇÃO_DE_REDE_INTERNA","","Nobreak - Equip - MEGA - SE","1","1.551,93","1.551,93","Material","31/07/2026","4182","3722","Aprovado","","528","Não","5","Conectada","1783455706862x343249528953031300"
"35080846","19001","MEGA INFRA SOLUCOES EM INFRAESTRUTURA LTDA (Filial SP)","07.525.262/0004-61","4-IMPLANTAÇÃO_DE_REDE_INTERNA","","Nobreak - Equip - MEGA - SE","1","1.551,93","1.551,93","Material","31/07/2026","4182","3722","Aprovado","","1085","Não","5","Conectada","1783455706876x956703443514435700"
"35098358","19001","MEGA INFRA SOLUCOES EM INFRAESTRUTURA LTDA (Filial SP)","07.525.262/0004-61","4-IMPLANTAÇÃO_DE_REDE_INTERNA","","Nobreak - Equip - MEGA - SE","1","1.551,93","1.551,93","Material","31/07/2026","4182","3722","Aprovado","","683","Não","5","Conectada","1783455706947x446354573281383600"
"17057345","19001","MEGA INFRA SOLUCOES EM INFRAESTRUTURA LTDA (Filial SP)","07.525.262/0004-61","4-IMPLANTAÇÃO_DE_REDE_INTERNA","","Kit Cobertura Wi-Fi - 2 Access Points - Equip - MEGA - NO","1","9.143,85","9.143,85","Material","31/07/2026","4183","3719","Aprovado","","522","Não","5","Conectada","1783456183470x801543447818392700"
"17044464","19001","MEGA INFRA SOLUCOES EM INFRAESTRUTURA LTDA (Filial SP)","07.525.262/0004-61","4-IMPLANTAÇÃO_DE_REDE_INTERNA","","Kit Cobertura Wi-Fi - 1 Access Point - Equip - MEGA - NO","1","7.955,58","7.955,58","Material","31/07/2026","4183","3719","Aprovado","","1246","Não","5","Conectada","1783456183549x143777046543078540"
"17054397","19001","MEGA INFRA SOLUCOES EM INFRAESTRUTURA LTDA (Filial SP)","07.525.262/0004-61","4-IMPLANTAÇÃO_DE_REDE_INTERNA","","Kit Cobertura Wi-Fi - 1 Access Point - Equip - MEGA - NO","1","7.955,58","7.955,58","Material","31/07/2026","4183","3719","Aprovado","","1408","Não","5","Conectada","1783456183664x853301880788492400"
"17054400","19001","MEGA INFRA SOLUCOES EM INFRAESTRUTURA LTDA (Filial SP)","07.525.262/0004-61","4-IMPLANTAÇÃO_DE_REDE_INTERNA","","Kit Cobertura Wi-Fi - 1 Access Point - Equip - MEGA - NO","1","7.955,58","7.955,58","Material","31/07/2026","4183","3719","Aprovado","","1244","Não","5","Conectada","1783456183681x806667922669854700"
"17009987","19001","MEGA INFRA SOLUCOES EM INFRAESTRUTURA LTDA (Filial SP)","07.525.262/0004-61","4-IMPLANTAÇÃO_DE_REDE_INTERNA","","Nobreak - Equip - MEGA - NO","1","1.491,72","1.491,72","Material","31/07/2026","4183","3719","Aprovado","","841","Não","5","Conectada","1783456183757x566686061050851700"
"17008824","19001","MEGA INFRA SOLUCOES EM INFRAESTRUTURA LTDA (Filial SP)","07.525.262/0004-61","4-IMPLANTAÇÃO_DE_REDE_INTERNA","","Nobreak - Equip - MEGA - NO","1","1.491,72","1.491,72","Material","31/07/2026","4183","3719","Aprovado","","679","Não","5","Conectada","1783456183827x921115528566920200"
"17044464","19001","MEGA INFRA SOLUCOES EM INFRAESTRUTURA LTDA (Filial SP)","07.525.262/0004-61","4-IMPLANTAÇÃO_DE_REDE_INTERNA","","Nobreak - Equip - MEGA - NO","1","1.491,72","1.491,72","Material","31/07/2026","4183","3719","Aprovado","","1247","Não","5","Conectada","1783456183858x575782745959340740"
"17054397","19001","MEGA INFRA SOLUCOES EM INFRAESTRUTURA LTDA (Filial SP)","07.525.262/0004-61","4-IMPLANTAÇÃO_DE_REDE_INTERNA","","Nobreak - Equip - MEGA - NO","1","1.491,72","1.491,72","Material","31/07/2026","4183","3719","Aprovado","","1410","Não","5","Conectada","1783456183904x892005889685629600"
"17054400","19001","MEGA INFRA SOLUCOES EM INFRAESTRUTURA LTDA (Filial SP)","07.525.262/0004-61","4-IMPLANTAÇÃO_DE_REDE_INTERNA","","Nobreak - Equip - MEGA - NO","1","1.491,72","1.491,72","Material","31/07/2026","4183","3719","Aprovado","","1245","Não","5","Conectada","1783456183939x258681930406903460"
"17057345","19001","MEGA INFRA SOLUCOES EM INFRAESTRUTURA LTDA (Filial SP)","07.525.262/0004-61","4-IMPLANTAÇÃO_DE_REDE_INTERNA","","Nobreak - Equip - MEGA - NO","1","1.491,72","1.491,72","Material","31/07/2026","4183","3719","Aprovado","","524","Não","5","Conectada","1783456184168x522387613605362000"
"35239264","19001","MEGA INFRA SOLUCOES EM INFRAESTRUTURA LTDA (Filial SP)","07.525.262/0004-61","4-IMPLANTAÇÃO_DE_REDE_INTERNA","","Kit Cobertura Wi-Fi - 2 Access Points - Equip - MEGA - SE","1","9.512,95","9.512,95","Material","31/07/2026","4190","3678","Aprovado","","497","Não","5","Conectada","1783531556829x364686844399896500"
"52048810","19001","MEGA INFRA SOLUCOES EM INFRAESTRUTURA LTDA (Filial SP)","07.525.262/0004-61","4-IMPLANTAÇÃO_DE_REDE_INTERNA","","Kit Cobertura Wi-Fi - 11 Access Points - Equip - MEGA - CO","1","20.577,55","20.577,55","Material","31/07/2026","4193","3895","Aprovado","","556","Não","5","Conectada","1783606633362x119086211904456220"
"52051510","19001","MEGA INFRA SOLUCOES EM INFRAESTRUTURA LTDA (Filial SP)","07.525.262/0004-61","4-IMPLANTAÇÃO_DE_REDE_INTERNA","","Nobreak - Equip - MEGA - CO","1","1.491,72","1.491,72","Material","31/07/2026","4193","3895","Aprovado","","720","Não","5","Conectada","1783606633473x877241377438198200"
"52048810","19001","MEGA INFRA SOLUCOES EM INFRAESTRUTURA LTDA (Filial SP)","07.525.262/0004-61","4-IMPLANTAÇÃO_DE_REDE_INTERNA","","Nobreak - Equip - MEGA - CO","1","1.491,72","1.491,72","Material","31/07/2026","4193","3895","Aprovado","","558","Não","5","Conectada","1783606633632x245150886097872400"
"35437244","19001","MEGA INFRA SOLUCOES EM INFRAESTRUTURA LTDA (Filial SP)","07.525.262/0004-61","4-IMPLANTAÇÃO_DE_REDE_INTERNA","","Kit Cobertura Wi-Fi - 15 Access Points - Equip - MEGA - SE","1","26.353,13","26.353,13","Material","31/07/2026","4195","3723","Aprovado","","546","Não","5","Conectada","1783609439876x948478200768347400"
"35110498","19001","MEGA INFRA SOLUCOES EM INFRAESTRUTURA LTDA (Filial SP)","07.525.262/0004-61","4-IMPLANTAÇÃO_DE_REDE_INTERNA","","Kit Cobertura Wi-Fi - 11 Access Points - Equip - MEGA - SE","1","21.408,19","21.408,19","Material","31/07/2026","4195","3723","Aprovado","","584","Não","5","Conectada","1783609439932x861545078127899600"
"35068706","19001","MEGA INFRA SOLUCOES EM INFRAESTRUTURA LTDA (Filial SP)","07.525.262/0004-61","4-IMPLANTAÇÃO_DE_REDE_INTERNA","","Kit Cobertura Wi-Fi - 12 Access Points - Equip - MEGA - SE","1","22.644,43","22.644,43","Material","31/07/2026","4195","3723","Aprovado","","572","Não","5","Conectada","1783609439944x750255769126844800"
"35068706","19001","MEGA INFRA SOLUCOES EM INFRAESTRUTURA LTDA (Filial SP)","07.525.262/0004-61","4-IMPLANTAÇÃO_DE_REDE_INTERNA","","Nobreak - Equip - MEGA - SE","1","1.551,93","1.551,93","Material","31/07/2026","4195","3723","Aprovado","","573","Não","5","Conectada","1783609439981x446187191022564560"
"35110498","19001","MEGA INFRA SOLUCOES EM INFRAESTRUTURA LTDA (Filial SP)","07.525.262/0004-61","4-IMPLANTAÇÃO_DE_REDE_INTERNA","","Nobreak - Equip - MEGA - SE","1","1.551,93","1.551,93","Material","31/07/2026","4195","3723","Aprovado","","587","Não","5","Conectada","1783609440233x191270412162033000"
"35437244","19001","MEGA INFRA SOLUCOES EM INFRAESTRUTURA LTDA (Filial SP)","07.525.262/0004-61","4-IMPLANTAÇÃO_DE_REDE_INTERNA","","Nobreak - Equip - MEGA - SE","1","1.551,93","1.551,93","Material","31/07/2026","4195","3723","Aprovado","","548","Não","5","Conectada","1783609440319x798188194667372200"
"17050324","19001","MEGA INFRA SOLUCOES EM INFRAESTRUTURA LTDA (Filial SP)","07.525.262/0004-61","4-IMPLANTAÇÃO_DE_REDE_INTERNA","","Kit Cobertura Wi-Fi - 1 Access Point - Equip - MEGA - NO","1","7.955,58","7.955,58","Material","31/07/2026","4197","3891","Aprovado","","554","Não","5","Conectada","1783619077575x235231806164957220"
"17049261","19001","MEGA INFRA SOLUCOES EM INFRAESTRUTURA LTDA (Filial SP)","07.525.262/0004-61","4-IMPLANTAÇÃO_DE_REDE_INTERNA","","Kit Cobertura Wi-Fi - 1 Access Point - Equip - MEGA - NO","1","7.955,58","7.955,58","Material","31/07/2026","4197","3891","Aprovado","","552","Não","5","Conectada","1783619077706x956174488692563300"
"17049261","19001","MEGA INFRA SOLUCOES EM INFRAESTRUTURA LTDA (Filial SP)","07.525.262/0004-61","4-IMPLANTAÇÃO_DE_REDE_INTERNA","","Nobreak - Equip - MEGA - NO","1","1.491,72","1.491,72","Material","31/07/2026","4197","3891","Aprovado","","553","Não","5","Conectada","1783619078287x604737759023966000"
"17050324","19001","MEGA INFRA SOLUCOES EM INFRAESTRUTURA LTDA (Filial SP)","07.525.262/0004-61","4-IMPLANTAÇÃO_DE_REDE_INTERNA","","Nobreak - Equip - MEGA - NO","1","1.491,72","1.491,72","Material","31/07/2026","4197","3891","Aprovado","","555","Não","5","Conectada","1783619079676x292052860461114400"
"17027330","19001","MEGA INFRA SOLUCOES EM INFRAESTRUTURA LTDA (Filial SP)","07.525.262/0004-61","4-IMPLANTAÇÃO_DE_REDE_INTERNA","","Nobreak - Equip - MEGA - NO","1","1.491,72","1.491,72","Material","31/07/2026","4200","3720","Aprovado","","519","Não","5","Conectada","1783628412390x710254058240761500"
"17027012","19001","MEGA INFRA SOLUCOES EM INFRAESTRUTURA LTDA (Filial SP)","07.525.262/0004-61","4-IMPLANTAÇÃO_DE_REDE_INTERNA","","Nobreak - Equip - MEGA - NO","1","1.491,72","1.491,72","Material","31/07/2026","4200","3720","Aprovado","","513","Não","5","Conectada","1783628412450x657396307701670000"
"17027330","19001","MEGA INFRA SOLUCOES EM INFRAESTRUTURA LTDA (Filial SP)","07.525.262/0004-61","4-IMPLANTAÇÃO_DE_REDE_INTERNA","","Kit Cobertura Wi-Fi - 1 Access Point - Equip - MEGA - NO","1","7.955,58","7.955,58","Material","31/07/2026","4200","3720","Aprovado","","518","Não","5","Conectada","1783628412617x804495098471611900"
"17044421","19001","MEGA INFRA SOLUCOES EM INFRAESTRUTURA LTDA (Filial SP)","07.525.262/0004-61","4-IMPLANTAÇÃO_DE_REDE_INTERNA","","Kit Cobertura Wi-Fi - 2 Access Points - Equip - MEGA - NO","1","9.143,85","9.143,85","Material","31/07/2026","4200","3720","Aprovado","","525","Não","5","Conectada","1783628412655x906396091918278300"
"17044421","19001","MEGA INFRA SOLUCOES EM INFRAESTRUTURA LTDA (Filial SP)","07.525.262/0004-61","4-IMPLANTAÇÃO_DE_REDE_INTERNA","","Nobreak - Equip - MEGA - NO","1","1.491,72","1.491,72","Material","31/07/2026","4200","3720","Aprovado","","527","Não","5","Conectada","1783628413052x239604054372240860"
"17044391","19001","MEGA INFRA SOLUCOES EM INFRAESTRUTURA LTDA (Filial SP)","07.525.262/0004-61","4-IMPLANTAÇÃO_DE_REDE_INTERNA","","Kit Cobertura Wi-Fi - 1 Access Point - Equip - MEGA - NO","1","7.955,58","7.955,58","Material","31/07/2026","4200","3720","Aprovado","","516","Não","5","Conectada","1783628413171x981144151776077300"
"17044391","19001","MEGA INFRA SOLUCOES EM INFRAESTRUTURA LTDA (Filial SP)","07.525.262/0004-61","4-IMPLANTAÇÃO_DE_REDE_INTERNA","","Nobreak - Equip - MEGA - NO","1","1.491,72","1.491,72","Material","31/07/2026","4200","3720","Aprovado","","517","Não","5","Conectada","1783628413316x221953357843638340"
"17027012","19001","MEGA INFRA SOLUCOES EM INFRAESTRUTURA LTDA (Filial SP)","07.525.262/0004-61","4-IMPLANTAÇÃO_DE_REDE_INTERNA","","Kit Cobertura Wi-Fi - 1 Access Point - Equip - MEGA - NO","1","7.955,58","7.955,58","Material","31/07/2026","4200","3720","Aprovado","","544","Não","5","Conectada","1783628414270x154891678992471900"
"17040000","19001","MEGA INFRA SOLUCOES EM INFRAESTRUTURA LTDA (Filial SP)","07.525.262/0004-61","4-IMPLANTAÇÃO_DE_REDE_INTERNA","","Kit Cobertura Wi-Fi - 6 Access Points - Equip - MEGA - NO","1","13.896,92","13.896,92","Material","31/07/2026","4202","3724","Aprovado","","531","Não","5","Conectada","1783695885618x319570948205283500"
"17027020","19001","MEGA INFRA SOLUCOES EM INFRAESTRUTURA LTDA (Filial SP)","07.525.262/0004-61","4-IMPLANTAÇÃO_DE_REDE_INTERNA","","Kit Cobertura Wi-Fi - 1 Access Point - Equip - MEGA - NO","1","7.955,58","7.955,58","Material","31/07/2026","4202","3724","Aprovado","","529","Não","5","Conectada","1783695885662x354569267545102000"
"17040000","19001","MEGA INFRA SOLUCOES EM INFRAESTRUTURA LTDA (Filial SP)","07.525.262/0004-61","4-IMPLANTAÇÃO_DE_REDE_INTERNA","","Nobreak - Equip - MEGA - NO","1","1.491,72","1.491,72","Material","31/07/2026","4202","3724","Aprovado","","532","Não","5","Conectada","1783695885731x884735154385191300"
"17027020","19001","MEGA INFRA SOLUCOES EM INFRAESTRUTURA LTDA (Filial SP)","07.525.262/0004-61","4-IMPLANTAÇÃO_DE_REDE_INTERNA","","Nobreak - Equip - MEGA - NO","1","1.491,72","1.491,72","Material","31/07/2026","4202","3724","Aprovado","","530","Não","5","Conectada","1783695886206x254490762235266340"
"35241738","19001","MEGA INFRA SOLUCOES EM INFRAESTRUTURA LTDA (Filial SP)","07.525.262/0004-61","4-IMPLANTAÇÃO_DE_REDE_INTERNA","","Kit Cobertura Wi-Fi - 13 Access Points - Equip - MEGA - SE","1","23.880,66","23.880,66","Material","31/07/2026","4225","3926","Aprovado","Notas pendentes","","Não","5","Em planejamento","1783713503667x494598705278952200"
"35275918","19001","MEGA INFRA SOLUCOES EM INFRAESTRUTURA LTDA (Filial SP)","07.525.262/0004-61","4-IMPLANTAÇÃO_DE_REDE_INTERNA","","Kit Cobertura Wi-Fi - 10 Access Points - Equip - MEGA - SE","1","20.171,96","20.171,96","Material","31/07/2026","4225","3926","Aprovado","Notas pendentes","","Não","5","Em planejamento","1783713504465x694255406045432000"
"35241738","19001","MEGA INFRA SOLUCOES EM INFRAESTRUTURA LTDA (Filial SP)","07.525.262/0004-61","4-IMPLANTAÇÃO_DE_REDE_INTERNA","","Nobreak - Equip - MEGA - SE","1","1.551,93","1.551,93","Material","31/07/2026","4225","3926","Aprovado","Notas pendentes","","Não","5","Em planejamento","1783713504575x241803345734625800"
"35244673","19001","MEGA INFRA SOLUCOES EM INFRAESTRUTURA LTDA (Filial SP)","07.525.262/0004-61","4-IMPLANTAÇÃO_DE_REDE_INTERNA","","Nobreak - Equip - MEGA - SE","1","1.551,93","1.551,93","Material","31/07/2026","4225","3926","Aprovado","Notas pendentes","1441","Não","5","Conectada","1783713504719x537537077585839040"
"35244661","19001","MEGA INFRA SOLUCOES EM INFRAESTRUTURA LTDA (Filial SP)","07.525.262/0004-61","4-IMPLANTAÇÃO_DE_REDE_INTERNA","","Nobreak - Equip - MEGA - SE","1","1.551,93","1.551,93","Material","31/07/2026","4225","3926","Aprovado","Notas pendentes","","Não","5","Em planejamento","1783713504835x736828671982510300"
"35275897","19001","MEGA INFRA SOLUCOES EM INFRAESTRUTURA LTDA (Filial SP)","07.525.262/0004-61","4-IMPLANTAÇÃO_DE_REDE_INTERNA","","Nobreak - Equip - MEGA - SE","1","1.551,93","1.551,93","Material","31/07/2026","4225","3926","Aprovado","Notas pendentes","","Não","5","Em planejamento","1783713505255x234213783375818440"
"35275918","19001","MEGA INFRA SOLUCOES EM INFRAESTRUTURA LTDA (Filial SP)","07.525.262/0004-61","4-IMPLANTAÇÃO_DE_REDE_INTERNA","","Nobreak - Equip - MEGA - SE","1","1.551,93","1.551,93","Material","31/07/2026","4225","3926","Aprovado","Notas pendentes","","Não","5","Em planejamento","1783713505315x429276747143837700"
"35354348","19001","MEGA INFRA SOLUCOES EM INFRAESTRUTURA LTDA (Filial SP)","07.525.262/0004-61","4-IMPLANTAÇÃO_DE_REDE_INTERNA","","Nobreak - Equip - MEGA - SE","1","1.551,93","1.551,93","Material","31/07/2026","4225","3926","Aprovado","Notas pendentes","1443","Não","5","Conectada","1783713505356x520795936783328830"
"35220231","19001","MEGA INFRA SOLUCOES EM INFRAESTRUTURA LTDA (Filial SP)","07.525.262/0004-61","4-IMPLANTAÇÃO_DE_REDE_INTERNA","","Nobreak - Equip - MEGA - SE","1","1.551,93","1.551,93","Material","31/07/2026","4225","3926","Aprovado","Notas pendentes","","Não","5","Em planejamento","1783713505488x998989379964939000"
"35275906","19001","MEGA INFRA SOLUCOES EM INFRAESTRUTURA LTDA (Filial SP)","07.525.262/0004-61","4-IMPLANTAÇÃO_DE_REDE_INTERNA","","Nobreak - Equip - MEGA - SE","1","1.551,93","1.551,93","Material","31/07/2026","4225","3926","Aprovado","Notas pendentes","1330","Não","5","Conectada","1783713505714x907234566200826100"
"35069991","19001","MEGA INFRA SOLUCOES EM INFRAESTRUTURA LTDA (Filial SP)","07.525.262/0004-61","4-IMPLANTAÇÃO_DE_REDE_INTERNA","","Kit Cobertura Wi-Fi - 12 Access Points - Equip - MEGA - SE","1","22.644,43","22.644,43","Material","31/07/2026","4224","3925","Aprovado","Notas pendentes","1401","Não","5","Conectada","1783713506207x383551613971447900"
"35241726","19001","MEGA INFRA SOLUCOES EM INFRAESTRUTURA LTDA (Filial SP)","07.525.262/0004-61","4-IMPLANTAÇÃO_DE_REDE_INTERNA","","Kit Cobertura Wi-Fi - 12 Access Points - Equip - MEGA - SE","1","22.644,43","22.644,43","Material","31/07/2026","4224","3925","Aprovado","Notas pendentes","","Não","5","Em planejamento","1783713506808x805808298600591000"
"35090529","19001","MEGA INFRA SOLUCOES EM INFRAESTRUTURA LTDA (Filial SP)","07.525.262/0004-61","4-IMPLANTAÇÃO_DE_REDE_INTERNA","","Kit Cobertura Wi-Fi - 10 Access Points - Equip - MEGA - SE","1","20.171,96","20.171,96","Material","31/07/2026","4224","3925","Aprovado","Notas pendentes","","Não","5","Em planejamento","1783713506888x333863289539342100"
"35090554","19001","MEGA INFRA SOLUCOES EM INFRAESTRUTURA LTDA (Filial SP)","07.525.262/0004-61","4-IMPLANTAÇÃO_DE_REDE_INTERNA","","Kit Cobertura Wi-Fi - 9 Access Points - Equip - MEGA - SE","1","18.935,73","18.935,73","Material","31/07/2026","4224","3925","Aprovado","Notas pendentes","1356","Não","5","Conectada","1783713507070x165695709283992800"
"35238797","19001","MEGA INFRA SOLUCOES EM INFRAESTRUTURA LTDA (Filial SP)","07.525.262/0004-61","4-IMPLANTAÇÃO_DE_REDE_INTERNA","","Kit Cobertura Wi-Fi - 2 Access Points - Equip - MEGA - SE","1","9.512,95","9.512,95","Material","31/07/2026","4224","3925","Aprovado","Notas pendentes","639","Não","5","Conectada","1783713507404x361467409496789800"
"35069991","19001","MEGA INFRA SOLUCOES EM INFRAESTRUTURA LTDA (Filial SP)","07.525.262/0004-61","4-IMPLANTAÇÃO_DE_REDE_INTERNA","","Nobreak - Equip - MEGA - SE","1","1.551,93","1.551,93","Material","31/07/2026","4224","3925","Aprovado","Notas pendentes","1402","Não","5","Conectada","1783713507443x208198560096430700"
"35090529","19001","MEGA INFRA SOLUCOES EM INFRAESTRUTURA LTDA (Filial SP)","07.525.262/0004-61","4-IMPLANTAÇÃO_DE_REDE_INTERNA","","Nobreak - Equip - MEGA - SE","1","1.551,93","1.551,93","Material","31/07/2026","4224","3925","Aprovado","Notas pendentes","","Não","5","Em planejamento","1783713507615x710314767586332800"
"35090554","19001","MEGA INFRA SOLUCOES EM INFRAESTRUTURA LTDA (Filial SP)","07.525.262/0004-61","4-IMPLANTAÇÃO_DE_REDE_INTERNA","","Nobreak - Equip - MEGA - SE","1","1.551,93","1.551,93","Material","31/07/2026","4224","3925","Aprovado","Notas pendentes","1357","Não","5","Conectada","1783713507953x841724117098662400"
"35238797","19001","MEGA INFRA SOLUCOES EM INFRAESTRUTURA LTDA (Filial SP)","07.525.262/0004-61","4-IMPLANTAÇÃO_DE_REDE_INTERNA","","Nobreak - Equip - MEGA - SE","1","1.551,93","1.551,93","Material","31/07/2026","4224","3925","Aprovado","Notas pendentes","638","Não","5","Conectada","1783713508072x738584167321896300"
"35220224","19001","MEGA INFRA SOLUCOES EM INFRAESTRUTURA LTDA (Filial SP)","07.525.262/0004-61","4-IMPLANTAÇÃO_DE_REDE_INTERNA","","Nobreak - Equip - MEGA - SE","1","1.551,93","1.551,93","Material","31/07/2026","4224","3925","Aprovado","Notas pendentes","1265","Não","5","Conectada","1783713508088x404880949773291260"
"35203185","19001","MEGA INFRA SOLUCOES EM INFRAESTRUTURA LTDA (Filial SP)","07.525.262/0004-61","4-IMPLANTAÇÃO_DE_REDE_INTERNA","","Nobreak - Equip - MEGA - SE","1","1.551,93","1.551,93","Material","31/07/2026","4224","3925","Aprovado","Notas pendentes","","Não","5","Em planejamento","1783713508123x421657032284572500"
"35241714","19001","MEGA INFRA SOLUCOES EM INFRAESTRUTURA LTDA (Filial SP)","07.525.262/0004-61","4-IMPLANTAÇÃO_DE_REDE_INTERNA","","Nobreak - Equip - MEGA - SE","1","1.551,93","1.551,93","Material","31/07/2026","4224","3925","Aprovado","Notas pendentes","","Não","5","Em planejamento","1783713508406x808988380989365400"
"35241726","19001","MEGA INFRA SOLUCOES EM INFRAESTRUTURA LTDA (Filial SP)","07.525.262/0004-61","4-IMPLANTAÇÃO_DE_REDE_INTERNA","","Nobreak - Equip - MEGA - SE","1","1.551,93","1.551,93","Material","31/07/2026","4224","3925","Aprovado","Notas pendentes","","Não","5","Em planejamento","1783713508618x582509739435159600"
"17005809","19001","MEGA INFRA SOLUCOES EM INFRAESTRUTURA LTDA (Filial SP)","07.525.262/0004-61","4-IMPLANTAÇÃO_DE_REDE_INTERNA","","Kit Cobertura Wi-Fi - 4 Access Points - Equip - MEGA - NO","1","11.520,39","11.520,39","Material","31/07/2026","4229","3894","Aprovado","Notas pendentes","860","Não","5","Conectada","1783713816750x410051847068671170"
"17027110","19001","MEGA INFRA SOLUCOES EM INFRAESTRUTURA LTDA (Filial SP)","07.525.262/0004-61","4-IMPLANTAÇÃO_DE_REDE_INTERNA","","Kit Cobertura Wi-Fi - 4 Access Points - Equip - MEGA - NO","1","11.520,39","11.520,39","Material","31/07/2026","4229","3894","Aprovado","Notas pendentes","735","Não","5","Conectada","1783713817575x292151200798903550"
"17039185","19001","MEGA INFRA SOLUCOES EM INFRAESTRUTURA LTDA (Filial SP)","07.525.262/0004-61","4-IMPLANTAÇÃO_DE_REDE_INTERNA","","Kit Cobertura Wi-Fi - 2 Access Points - Equip - MEGA - NO","1","9.143,85","9.143,85","Material","31/07/2026","4229","3894","Aprovado","Notas pendentes","","Não","5","Em planejamento","1783713819150x905976803967000200"
"17055474","19001","MEGA INFRA SOLUCOES EM INFRAESTRUTURA LTDA (Filial SP)","07.525.262/0004-61","4-IMPLANTAÇÃO_DE_REDE_INTERNA","","Kit Cobertura Wi-Fi - 2 Access Points - Equip - MEGA - NO","1","9.143,85","9.143,85","Material","31/07/2026","4229","3894","Aprovado","Notas pendentes","559","Não","5","Conectada","1783713819954x720240579994827500"
"17027217","19001","MEGA INFRA SOLUCOES EM INFRAESTRUTURA LTDA (Filial SP)","07.525.262/0004-61","4-IMPLANTAÇÃO_DE_REDE_INTERNA","","Kit Cobertura Wi-Fi - 1 Access Point - Equip - MEGA - NO","1","7.955,58","7.955,58","Material","31/07/2026","4229","3894","Aprovado","Notas pendentes","826","Não","5","Conectada","1783713820420x952770460471030100"
"17027004","19001","MEGA INFRA SOLUCOES EM INFRAESTRUTURA LTDA (Filial SP)","07.525.262/0004-61","4-IMPLANTAÇÃO_DE_REDE_INTERNA","","Kit Cobertura Wi-Fi - 1 Access Point - Equip - MEGA - NO","1","7.955,58","7.955,58","Material","31/07/2026","4229","3894","Aprovado","Notas pendentes","","Não","5","Em planejamento","1783713820998x780693367818192900"
"17039223","19001","MEGA INFRA SOLUCOES EM INFRAESTRUTURA LTDA (Filial SP)","07.525.262/0004-61","4-IMPLANTAÇÃO_DE_REDE_INTERNA","","Kit Cobertura Wi-Fi - 1 Access Point - Equip - MEGA - NO","1","7.955,58","7.955,58","Material","31/07/2026","4229","3894","Aprovado","Notas pendentes","","Não","5","Em planejamento","1783713821484x862411658528711200"
"17055709","19001","MEGA INFRA SOLUCOES EM INFRAESTRUTURA LTDA (Filial SP)","07.525.262/0004-61","4-IMPLANTAÇÃO_DE_REDE_INTERNA","","Kit Cobertura Wi-Fi - 1 Access Point - Equip - MEGA - NO","1","7.955,58","7.955,58","Material","31/07/2026","4229","3894","Aprovado","Notas pendentes","","Não","5","Em planejamento","1783713821973x617261616580044900"
"17005809","19001","MEGA INFRA SOLUCOES EM INFRAESTRUTURA LTDA (Filial SP)","07.525.262/0004-61","4-IMPLANTAÇÃO_DE_REDE_INTERNA","","Nobreak - Equip - MEGA - NO","1","1.491,72","1.491,72","Material","31/07/2026","4229","3894","Aprovado","Notas pendentes","861","Não","5","Conectada","1783713822543x248964080056184540"
"17027004","19001","MEGA INFRA SOLUCOES EM INFRAESTRUTURA LTDA (Filial SP)","07.525.262/0004-61","4-IMPLANTAÇÃO_DE_REDE_INTERNA","","Nobreak - Equip - MEGA - NO","1","1.491,72","1.491,72","Material","31/07/2026","4229","3894","Aprovado","Notas pendentes","","Não","5","Em planejamento","1783713822974x183991270061508960"
"17027110","19001","MEGA INFRA SOLUCOES EM INFRAESTRUTURA LTDA (Filial SP)","07.525.262/0004-61","4-IMPLANTAÇÃO_DE_REDE_INTERNA","","Nobreak - Equip - MEGA - NO","1","1.491,72","1.491,72","Material","31/07/2026","4229","3894","Aprovado","Notas pendentes","736","Não","5","Conectada","1783713823496x992348135889698200"
"17027217","19001","MEGA INFRA SOLUCOES EM INFRAESTRUTURA LTDA (Filial SP)","07.525.262/0004-61","4-IMPLANTAÇÃO_DE_REDE_INTERNA","","Nobreak - Equip - MEGA - NO","1","1.491,72","1.491,72","Material","31/07/2026","4229","3894","Aprovado","Notas pendentes","827","Não","5","Conectada","1783713823928x232899071528342340"
"17039223","19001","MEGA INFRA SOLUCOES EM INFRAESTRUTURA LTDA (Filial SP)","07.525.262/0004-61","4-IMPLANTAÇÃO_DE_REDE_INTERNA","","Nobreak - Equip - MEGA - NO","1","1.491,72","1.491,72","Material","31/07/2026","4229","3894","Aprovado","Notas pendentes","","Não","5","Em planejamento","1783713824637x226813208539837540"
"17039185","19001","MEGA INFRA SOLUCOES EM INFRAESTRUTURA LTDA (Filial SP)","07.525.262/0004-61","4-IMPLANTAÇÃO_DE_REDE_INTERNA","","Nobreak - Equip - MEGA - NO","1","1.491,72","1.491,72","Material","31/07/2026","4229","3894","Aprovado","Notas pendentes","","Não","5","Em planejamento","1783713825439x152987742607837660"
"17055709","19001","MEGA INFRA SOLUCOES EM INFRAESTRUTURA LTDA (Filial SP)","07.525.262/0004-61","4-IMPLANTAÇÃO_DE_REDE_INTERNA","","Nobreak - Equip - MEGA - NO","1","1.491,72","1.491,72","Material","31/07/2026","4229","3894","Aprovado","Notas pendentes","","Não","5","Em planejamento","1783713825962x285295598245263840"
"17055474","19001","MEGA INFRA SOLUCOES EM INFRAESTRUTURA LTDA (Filial SP)","07.525.262/0004-61","4-IMPLANTAÇÃO_DE_REDE_INTERNA","","Nobreak - Equip - MEGA - NO","1","1.491,72","1.491,72","Material","31/07/2026","4229","3894","Aprovado","Notas pendentes","560","Não","5","Conectada","1783713826638x378265269632847040"
"17046718","19001","MEGA INFRA SOLUCOES EM INFRAESTRUTURA LTDA (Filial SP)","07.525.262/0004-61","4-IMPLANTAÇÃO_DE_REDE_INTERNA","","Kit Cobertura Wi-Fi - 3 Access Points - Equip - MEGA - NO","1","10.332,12","10.332,12","Material","31/07/2026","4227","3893","Aprovado","Notas pendentes","","Não","5","Em planejamento","1783713827675x586657276238145300"
"17050561","19001","MEGA INFRA SOLUCOES EM INFRAESTRUTURA LTDA (Filial SP)","07.525.262/0004-61","4-IMPLANTAÇÃO_DE_REDE_INTERNA","","Kit Cobertura Wi-Fi - 2 Access Points - Equip - MEGA - NO","1","9.143,85","9.143,85","Material","31/07/2026","4227","3893","Aprovado","Notas pendentes","","Não","5","Em implantação","1783713828541x743772221720475700"
"17040990","19001","MEGA INFRA SOLUCOES EM INFRAESTRUTURA LTDA (Filial SP)","07.525.262/0004-61","4-IMPLANTAÇÃO_DE_REDE_INTERNA","","Kit Cobertura Wi-Fi - 1 Access Point - Equip - MEGA - NO","1","7.955,58","7.955,58","Material","31/07/2026","5115","4672","Aprovado","","1149","Não","5","Conectada","1783713829196x428442531153606200"
"17042330","19001","MEGA INFRA SOLUCOES EM INFRAESTRUTURA LTDA (Filial SP)","07.525.262/0004-61","4-IMPLANTAÇÃO_DE_REDE_INTERNA","","Kit Cobertura Wi-Fi - 1 Access Point - Equip - MEGA - NO","1","7.955,58","7.955,58","Material","31/07/2026","4227","3893","Aprovado","Notas pendentes","","Não","5","Em planejamento","1783713829278x811387175563749900"
"17042453","19001","MEGA INFRA SOLUCOES EM INFRAESTRUTURA LTDA (Filial SP)","07.525.262/0004-61","4-IMPLANTAÇÃO_DE_REDE_INTERNA","","Kit Cobertura Wi-Fi - 1 Access Point - Equip - MEGA - NO","1","7.955,58","7.955,58","Material","31/07/2026","4227","3893","Aprovado","Notas pendentes","732","Não","5","Conectada","1783713829725x402459361976823300"
"17047862","19001","MEGA INFRA SOLUCOES EM INFRAESTRUTURA LTDA (Filial SP)","07.525.262/0004-61","4-IMPLANTAÇÃO_DE_REDE_INTERNA","","Kit Cobertura Wi-Fi - 1 Access Point - Equip - MEGA - NO","1","7.955,58","7.955,58","Material","31/07/2026","4227","3893","Aprovado","Notas pendentes","657","Não","5","Conectada","1783713830250x438008873960308100"
"17053927","19001","MEGA INFRA SOLUCOES EM INFRAESTRUTURA LTDA (Filial SP)","07.525.262/0004-61","4-IMPLANTAÇÃO_DE_REDE_INTERNA","","Kit Cobertura Wi-Fi - 1 Access Point - Equip - MEGA - NO","1","7.955,58","7.955,58","Material","31/07/2026","4227","3893","Aprovado","Notas pendentes","","Não","5","Em planejamento","1783713830343x465555685665088900"
"17040990","19001","MEGA INFRA SOLUCOES EM INFRAESTRUTURA LTDA (Filial SP)","07.525.262/0004-61","4-IMPLANTAÇÃO_DE_REDE_INTERNA","","Nobreak - Equip - MEGA - NO","1","1.491,72","1.491,72","Material","31/07/2026","5116","4673","Aprovado","","1150","Não","5","Conectada","1783713830692x678252450259842800"
"17042453","19001","MEGA INFRA SOLUCOES EM INFRAESTRUTURA LTDA (Filial SP)","07.525.262/0004-61","4-IMPLANTAÇÃO_DE_REDE_INTERNA","","Nobreak - Equip - MEGA - NO","1","1.491,72","1.491,72","Material","31/07/2026","4227","3893","Aprovado","Notas pendentes","734","Não","5","Conectada","1783713831186x944887840313062200"
"17046718","19001","MEGA INFRA SOLUCOES EM INFRAESTRUTURA LTDA (Filial SP)","07.525.262/0004-61","4-IMPLANTAÇÃO_DE_REDE_INTERNA","","Nobreak - Equip - MEGA - NO","1","1.491,72","1.491,72","Material","31/07/2026","4227","3893","Aprovado","Notas pendentes","","Não","5","Em planejamento","1783713831323x248346715321891460"
"17047862","19001","MEGA INFRA SOLUCOES EM INFRAESTRUTURA LTDA (Filial SP)","07.525.262/0004-61","4-IMPLANTAÇÃO_DE_REDE_INTERNA","","Nobreak - Equip - MEGA - NO","1","1.491,72","1.491,72","Material","31/07/2026","4227","3893","Aprovado","Notas pendentes","658","Não","5","Conectada","1783713831665x935752504433485300"
"17050561","19001","MEGA INFRA SOLUCOES EM INFRAESTRUTURA LTDA (Filial SP)","07.525.262/0004-61","4-IMPLANTAÇÃO_DE_REDE_INTERNA","","Nobreak - Equip - MEGA - NO","1","1.491,72","1.491,72","Material","31/07/2026","4227","3893","Aprovado","Notas pendentes","","Não","5","Em implantação","1783713831818x176794782245285340"
"17053927","19001","MEGA INFRA SOLUCOES EM INFRAESTRUTURA LTDA (Filial SP)","07.525.262/0004-61","4-IMPLANTAÇÃO_DE_REDE_INTERNA","","Nobreak - Equip - MEGA - NO","1","1.491,72","1.491,72","Material","31/07/2026","4227","3893","Aprovado","Notas pendentes","","Não","5","Em planejamento","1783713832180x784349462463494100"
"17055997","19001","MEGA INFRA SOLUCOES EM INFRAESTRUTURA LTDA (Filial SP)","07.525.262/0004-61","4-IMPLANTAÇÃO_DE_REDE_INTERNA","","Nobreak - Equip - MEGA - NO","1","1.491,72","1.491,72","Material","31/07/2026","4227","3893","Aprovado","Notas pendentes","1034","Não","5","Conectada","1783713832214x268368839873876830"
"17056810","19001","MEGA INFRA SOLUCOES EM INFRAESTRUTURA LTDA (Filial SP)","07.525.262/0004-61","4-IMPLANTAÇÃO_DE_REDE_INTERNA","","Kit Cobertura Wi-Fi - 5 Access Points - Equip - MEGA - NO","1","12.708,66","12.708,66","Material","31/07/2026","4226","3892","Aprovado","Notas pendentes","","Não","5","Em planejamento","1783713968822x256819252887499080"
"17003598","19001","MEGA INFRA SOLUCOES EM INFRAESTRUTURA LTDA (Filial SP)","07.525.262/0004-61","4-IMPLANTAÇÃO_DE_REDE_INTERNA","","Kit Cobertura Wi-Fi - 4 Access Points - Equip - MEGA - NO","1","11.520,39","11.520,39","Material","31/07/2026","4226","3892","Aprovado","Notas pendentes","669","Não","5","Conectada","1783713968871x842948845087686500"
"17056110","19001","MEGA INFRA SOLUCOES EM INFRAESTRUTURA LTDA (Filial SP)","07.525.262/0004-61","4-IMPLANTAÇÃO_DE_REDE_INTERNA","","Kit Cobertura Wi-Fi - 15 Access Points - Equip - MEGA - NO","1","25.330,63","25.330,63","Material","31/07/2026","4226","3892","Aprovado","Notas pendentes","","Não","5","Em planejamento","1783713969065x205942268279225570"
"17056918","19001","MEGA INFRA SOLUCOES EM INFRAESTRUTURA LTDA (Filial SP)","07.525.262/0004-61","4-IMPLANTAÇÃO_DE_REDE_INTERNA","","Kit Cobertura Wi-Fi - 1 Access Point - Equip - MEGA - NO","1","7.955,58","7.955,58","Material","31/07/2026","4226","3892","Aprovado","Notas pendentes","579","Não","5","Conectada","1783713969687x430163828756717760"
"17056110","19001","MEGA INFRA SOLUCOES EM INFRAESTRUTURA LTDA (Filial SP)","07.525.262/0004-61","4-IMPLANTAÇÃO_DE_REDE_INTERNA","","Access Point adicional Indoor - Equip - MEGA - NO","6","699,09","4.194,54","Material","31/07/2026","4226","3892","Aprovado","Notas pendentes","","Não","5","Em planejamento","1783713969926x467008564564500540"
"17056918","19001","MEGA INFRA SOLUCOES EM INFRAESTRUTURA LTDA (Filial SP)","07.525.262/0004-61","4-IMPLANTAÇÃO_DE_REDE_INTERNA","","Nobreak - Equip - MEGA - NO","1","1.491,72","1.491,72","Material","31/07/2026","4226","3892","Aprovado","Notas pendentes","580","Não","5","Conectada","1783713970604x999139532508054800"
"17003598","19001","MEGA INFRA SOLUCOES EM INFRAESTRUTURA LTDA (Filial SP)","07.525.262/0004-61","4-IMPLANTAÇÃO_DE_REDE_INTERNA","","Nobreak - Equip - MEGA - NO","1","1.491,72","1.491,72","Material","31/07/2026","4226","3892","Aprovado","Notas pendentes","670","Não","5","Conectada","1783713970462x223404155458248640"
"17056810","19001","MEGA INFRA SOLUCOES EM INFRAESTRUTURA LTDA (Filial SP)","07.525.262/0004-61","4-IMPLANTAÇÃO_DE_REDE_INTERNA","","Nobreak - Equip - MEGA - NO","1","1.491,72","1.491,72","Material","31/07/2026","4226","3892","Aprovado","Notas pendentes","","Não","5","Em planejamento","1783713970790x937516714848137900"
"17057086","19001","MEGA INFRA SOLUCOES EM INFRAESTRUTURA LTDA (Filial SP)","07.525.262/0004-61","4-IMPLANTAÇÃO_DE_REDE_INTERNA","","Nobreak - Equip - MEGA - NO","1","1.491,72","1.491,72","Material","31/07/2026","4226","3892","Aprovado","Notas pendentes","1094","Não","5","Conectada","1783713970962x945335416986364500"
"17056977","19001","MEGA INFRA SOLUCOES EM INFRAESTRUTURA LTDA (Filial SP)","07.525.262/0004-61","4-IMPLANTAÇÃO_DE_REDE_INTERNA","","Nobreak - Equip - MEGA - NO","1","1.491,72","1.491,72","Material","31/07/2026","4226","3892","Aprovado","Notas pendentes","1415","Não","5","Conectada","1783713970926x945505723658604200"
"17053552","19001","MEGA INFRA SOLUCOES EM INFRAESTRUTURA LTDA (Filial SP)","07.525.262/0004-61","4-IMPLANTAÇÃO_DE_REDE_INTERNA","","Nobreak - Equip - MEGA - NO","1","1.491,72","1.491,72","Material","31/07/2026","4226","3892","Aprovado","Notas pendentes","852","Não","5","Conectada","1783713971460x824869469932360400"
"17026563","19001","MEGA INFRA SOLUCOES EM INFRAESTRUTURA LTDA (Filial SP)","07.525.262/0004-61","4-IMPLANTAÇÃO_DE_REDE_INTERNA","","Nobreak - Equip - MEGA - NO","1","1.491,72","1.491,72","Material","31/07/2026","4226","3892","Aprovado","Notas pendentes","1310","Não","5","Conectada","1783713971692x624287379575446700"
"17056110","19001","MEGA INFRA SOLUCOES EM INFRAESTRUTURA LTDA (Filial SP)","07.525.262/0004-61","4-IMPLANTAÇÃO_DE_REDE_INTERNA","","Nobreak - Equip - MEGA - NO","1","1.491,72","1.491,72","Material","31/07/2026","4226","3892","Aprovado","Notas pendentes","","Não","5","Em planejamento","1783713971938x841915142069193100"
"35448285","19001","MEGA INFRA SOLUCOES EM INFRAESTRUTURA LTDA (Filial SP)","07.525.262/0004-61","4-IMPLANTAÇÃO_DE_REDE_INTERNA","","Kit Cobertura Wi-Fi - 15 Access Points - Equip - MEGA - SE","1","26.353,13","26.353,13","Material","31/07/2026","4230","3927","Aprovado","Notas pendentes","","Não","5","Em planejamento","1783714296966x805428908857296100"
"35110309","19001","MEGA INFRA SOLUCOES EM INFRAESTRUTURA LTDA (Filial SP)","07.525.262/0004-61","4-IMPLANTAÇÃO_DE_REDE_INTERNA","","Kit Cobertura Wi-Fi - 12 Access Points - Equip - MEGA - SE","1","22.644,43","22.644,43","Material","31/07/2026","4230","3927","Aprovado","Notas pendentes","889","Não","5","Conectada","1783714297085x744557685038724800"
"35206209","19001","MEGA INFRA SOLUCOES EM INFRAESTRUTURA LTDA (Filial SP)","07.525.262/0004-61","4-IMPLANTAÇÃO_DE_REDE_INTERNA","","Kit Cobertura Wi-Fi - 12 Access Points - Equip - MEGA - SE","1","22.644,43","22.644,43","Material","31/07/2026","4230","3927","Aprovado","Notas pendentes","811","Não","5","Conectada","1783714297162x556467170277087600"
"35271706","19001","MEGA INFRA SOLUCOES EM INFRAESTRUTURA LTDA (Filial SP)","07.525.262/0004-61","4-IMPLANTAÇÃO_DE_REDE_INTERNA","","Kit Cobertura Wi-Fi - 10 Access Points - Equip - MEGA - SE","1","20.171,96","20.171,96","Material","31/07/2026","4230","3927","Aprovado","Notas pendentes","595","Não","5","Conectada","1783714297595x125330896229342020"
"35663323","19001","MEGA INFRA SOLUCOES EM INFRAESTRUTURA LTDA (Filial SP)","07.525.262/0004-61","4-IMPLANTAÇÃO_DE_REDE_INTERNA","","Kit Cobertura Wi-Fi - 4 Access Points - Equip - MEGA - SE","1","11.985,42","11.985,42","Material","31/07/2026","4230","3927","Aprovado","Notas pendentes","585","Não","5","Conectada","1783714298499x630169443462788900"
"35448285","19001","MEGA INFRA SOLUCOES EM INFRAESTRUTURA LTDA (Filial SP)","07.525.262/0004-61","4-IMPLANTAÇÃO_DE_REDE_INTERNA","","Access Point adicional Indoor - Equip - MEGA - SE","5","727,31","3.636,55","Material","31/07/2026","4230","3927","Aprovado","Notas pendentes","","Não","5","Em planejamento","1783714298595x564490031629648200"
"35663323","19001","MEGA INFRA SOLUCOES EM INFRAESTRUTURA LTDA (Filial SP)","07.525.262/0004-61","4-IMPLANTAÇÃO_DE_REDE_INTERNA","","Nobreak - Equip - MEGA - SE","1","1.551,93","1.551,93","Material","31/07/2026","4230","3927","Aprovado","Notas pendentes","586","Não","5","Conectada","1783714298843x549777482672382460"
"35448285","19001","MEGA INFRA SOLUCOES EM INFRAESTRUTURA LTDA (Filial SP)","07.525.262/0004-61","4-IMPLANTAÇÃO_DE_REDE_INTERNA","","Nobreak - Equip - MEGA - SE","1","1.551,93","1.551,93","Material","31/07/2026","4230","3927","Aprovado","Notas pendentes","","Não","5","Em planejamento","1783714298934x492469373213495700"
"35110309","19001","MEGA INFRA SOLUCOES EM INFRAESTRUTURA LTDA (Filial SP)","07.525.262/0004-61","4-IMPLANTAÇÃO_DE_REDE_INTERNA","","Nobreak - Equip - MEGA - SE","1","1.551,93","1.551,93","Material","31/07/2026","4230","3927","Aprovado","Notas pendentes","890","Não","5","Conectada","1783714299066x714707210547560700"
"35206209","19001","MEGA INFRA SOLUCOES EM INFRAESTRUTURA LTDA (Filial SP)","07.525.262/0004-61","4-IMPLANTAÇÃO_DE_REDE_INTERNA","","Nobreak - Equip - MEGA - SE","1","1.551,93","1.551,93","Material","31/07/2026","4230","3927","Aprovado","Notas pendentes","812","Não","5","Conectada","1783714299286x418352630835413950"
"35271706","19001","MEGA INFRA SOLUCOES EM INFRAESTRUTURA LTDA (Filial SP)","07.525.262/0004-61","4-IMPLANTAÇÃO_DE_REDE_INTERNA","","Nobreak - Equip - MEGA - SE","1","1.551,93","1.551,93","Material","31/07/2026","4230","3927","Aprovado","Notas pendentes","598","Não","5","Conectada","1783714299613x494917707904482600"
"35005847","19001","MEGA INFRA SOLUCOES EM INFRAESTRUTURA LTDA (Filial SP)","07.525.262/0004-61","4-IMPLANTAÇÃO_DE_REDE_INTERNA","","Nobreak - Equip - MEGA - SE","1","1.551,93","1.551,93","Material","31/07/2026","4230","3927","Aprovado","Notas pendentes","1156","Não","5","Conectada","1783714299728x131823424162363040"
"35087403","19001","MEGA INFRA SOLUCOES EM INFRAESTRUTURA LTDA (Filial SP)","07.525.262/0004-61","4-IMPLANTAÇÃO_DE_REDE_INTERNA","","Nobreak - Equip - MEGA - SE","1","1.551,93","1.551,93","Material","31/07/2026","4230","3927","Aprovado","Notas pendentes","792","Não","5","Conectada","1783714300002x634561132064903600"
"35278385","19001","MEGA INFRA SOLUCOES EM INFRAESTRUTURA LTDA (Filial SP)","07.525.262/0004-61","4-IMPLANTAÇÃO_DE_REDE_INTERNA","","Nobreak - Equip - MEGA - SE","1","1.551,93","1.551,93","Material","31/07/2026","4230","3927","Aprovado","Notas pendentes","","Não","5","Em planejamento","1783714300142x928697982754091800"
"35010279","19001","MEGA INFRA SOLUCOES EM INFRAESTRUTURA LTDA (Filial SP)","07.525.262/0004-61","4-IMPLANTAÇÃO_DE_REDE_INTERNA","","Kit Cobertura Wi-Fi - 15 Access Points - Equip - MEGA - SE","1","26.353,13","26.353,13","Material","31/07/2026","4232","3928","Aprovado","Notas pendentes","","Não","5","Em planejamento","1783716642633x536290745485392700"
"35208103","19001","MEGA INFRA SOLUCOES EM INFRAESTRUTURA LTDA (Filial SP)","07.525.262/0004-61","4-IMPLANTAÇÃO_DE_REDE_INTERNA","","Kit Cobertura Wi-Fi - 15 Access Points - Equip - MEGA - SE","1","26.353,13","26.353,13","Material","31/07/2026","4232","3928","Aprovado","Notas pendentes","","Não","5","Em planejamento","1783716642686x383258120624530900"
"35241623","19001","MEGA INFRA SOLUCOES EM INFRAESTRUTURA LTDA (Filial SP)","07.525.262/0004-61","4-IMPLANTAÇÃO_DE_REDE_INTERNA","","Kit Cobertura Wi-Fi - 15 Access Points - Equip - MEGA - SE","1","26.353,13","26.353,13","Material","31/07/2026","4232","3928","Aprovado","Notas pendentes","","Não","5","Em planejamento","1783716642917x940491158800971000"
"35276315","19001","MEGA INFRA SOLUCOES EM INFRAESTRUTURA LTDA (Filial SP)","07.525.262/0004-61","4-IMPLANTAÇÃO_DE_REDE_INTERNA","","Kit Cobertura Wi-Fi - 15 Access Points - Equip - MEGA - SE","1","26.353,13","26.353,13","Material","31/07/2026","4232","3928","Aprovado","Notas pendentes","1360","Não","5","Conectada","1783716642970x615860469134918500"
"35223001","19001","MEGA INFRA SOLUCOES EM INFRAESTRUTURA LTDA (Filial SP)","07.525.262/0004-61","4-IMPLANTAÇÃO_DE_REDE_INTERNA","","Kit Cobertura Wi-Fi - 14 Access Points - Equip - MEGA - SE","1","25.116,90","25.116,90","Material","31/07/2026","4232","3928","Aprovado","Notas pendentes","","Não","5","Em planejamento","1783716643029x606933396932004400"
"35273582","19001","MEGA INFRA SOLUCOES EM INFRAESTRUTURA LTDA (Filial SP)","07.525.262/0004-61","4-IMPLANTAÇÃO_DE_REDE_INTERNA","","Kit Cobertura Wi-Fi - 13 Access Points - Equip - MEGA - SE","1","23.880,66","23.880,66","Material","31/07/2026","4232","3928","Aprovado","Notas pendentes","599","Não","5","Conectada","1783716643081x805144012077484000"
"35208103","19001","MEGA INFRA SOLUCOES EM INFRAESTRUTURA LTDA (Filial SP)","07.525.262/0004-61","4-IMPLANTAÇÃO_DE_REDE_INTERNA","","Access Point adicional Indoor - Equip - MEGA - SE","2","2.545,59","5.091,17","Material","31/07/2026","4232","3928","Aprovado","Notas pendentes","","Não","5","Em planejamento","1783716643396x481040885570338100"
"35276315","19001","MEGA INFRA SOLUCOES EM INFRAESTRUTURA LTDA (Filial SP)","07.525.262/0004-61","4-IMPLANTAÇÃO_DE_REDE_INTERNA","","Access Point adicional Indoor - Equip - MEGA - SE","4","727,31","2.909,24","Material","31/07/2026","4232","3928","Aprovado","Notas pendentes","1359","Não","5","Conectada","1783716643532x305455051033532350"
"35241623","19001","MEGA INFRA SOLUCOES EM INFRAESTRUTURA LTDA (Filial SP)","07.525.262/0004-61","4-IMPLANTAÇÃO_DE_REDE_INTERNA","","Access Point adicional Indoor - Equip - MEGA - SE","4","727,31","2.909,24","Material","31/07/2026","4232","3928","Aprovado","Notas pendentes","","Não","5","Em planejamento","1783716643636x621768375516527400"
"35010279","19001","MEGA INFRA SOLUCOES EM INFRAESTRUTURA LTDA (Filial SP)","07.525.262/0004-61","4-IMPLANTAÇÃO_DE_REDE_INTERNA","","Access Point adicional Indoor - Equip - MEGA - SE","3","727,31","2.181,93","Material","31/07/2026","4232","3928","Aprovado","Notas pendentes","","Não","5","Em planejamento","1783716643756x438568650931308700"
"35010279","19001","MEGA INFRA SOLUCOES EM INFRAESTRUTURA LTDA (Filial SP)","07.525.262/0004-61","4-IMPLANTAÇÃO_DE_REDE_INTERNA","","Nobreak - Equip - MEGA - SE","1","1.551,93","1.551,93","Material","31/07/2026","4232","3928","Aprovado","Notas pendentes","","Não","5","Em planejamento","1783716643969x633250457761888300"
"35208103","19001","MEGA INFRA SOLUCOES EM INFRAESTRUTURA LTDA (Filial SP)","07.525.262/0004-61","4-IMPLANTAÇÃO_DE_REDE_INTERNA","","Nobreak - Equip - MEGA - SE","1","1.551,93","1.551,93","Material","31/07/2026","4232","3928","Aprovado","Notas pendentes","","Não","5","Em planejamento","1783716644000x566978654467317200"
"35223001","19001","MEGA INFRA SOLUCOES EM INFRAESTRUTURA LTDA (Filial SP)","07.525.262/0004-61","4-IMPLANTAÇÃO_DE_REDE_INTERNA","","Nobreak - Equip - MEGA - SE","1","1.551,93","1.551,93","Material","31/07/2026","4232","3928","Aprovado","Notas pendentes","","Não","5","Em planejamento","1783716644197x267944080254046700"
"35216324","19001","MEGA INFRA SOLUCOES EM INFRAESTRUTURA LTDA (Filial SP)","07.525.262/0004-61","4-IMPLANTAÇÃO_DE_REDE_INTERNA","","Nobreak - Equip - MEGA - SE","1","1.551,93","1.551,93","Material","31/07/2026","4232","3928","Aprovado","Notas pendentes","","Não","5","Conectada","1783716644206x569109739692679400"
"35241611","19001","MEGA INFRA SOLUCOES EM INFRAESTRUTURA LTDA (Filial SP)","07.525.262/0004-61","4-IMPLANTAÇÃO_DE_REDE_INTERNA","","Nobreak - Equip - MEGA - SE","1","1.551,93","1.551,93","Material","31/07/2026","4232","3928","Aprovado","Notas pendentes","1061","Não","5","Conectada","1783716644311x958659802645975400"
"35241623","19001","MEGA INFRA SOLUCOES EM INFRAESTRUTURA LTDA (Filial SP)","07.525.262/0004-61","4-IMPLANTAÇÃO_DE_REDE_INTERNA","","Nobreak - Equip - MEGA - SE","1","1.551,93","1.551,93","Material","31/07/2026","4232","3928","Aprovado","Notas pendentes","","Não","5","Em planejamento","1783716644435x371650601502862000"
"35276315","19001","MEGA INFRA SOLUCOES EM INFRAESTRUTURA LTDA (Filial SP)","07.525.262/0004-61","4-IMPLANTAÇÃO_DE_REDE_INTERNA","","Nobreak - Equip - MEGA - SE","1","1.551,93","1.551,93","Material","31/07/2026","4232","3928","Aprovado","Notas pendentes","1361","Não","5","Conectada","1783716644548x278661985775234600"
"35273582","19001","MEGA INFRA SOLUCOES EM INFRAESTRUTURA LTDA (Filial SP)","07.525.262/0004-61","4-IMPLANTAÇÃO_DE_REDE_INTERNA","","Nobreak - Equip - MEGA - SE","1","1.551,93","1.551,93","Material","31/07/2026","4232","3928","Aprovado","Notas pendentes","601","Não","5","Conectada","1783716644763x341917379077957700"
"52044440","19001","MEGA INFRA SOLUCOES EM INFRAESTRUTURA LTDA (Filial SP)","07.525.262/0004-61","4-IMPLANTAÇÃO_DE_REDE_INTERNA","","Kit Cobertura Wi-Fi - 14 Access Points - Equip - MEGA - CO","1","24.142,36","24.142,36","Material","31/07/2026","4233","3896","Aprovado","Notas pendentes","","Não","5","Conectada","1783717001547x816052057137104100"
"52031349","19001","MEGA INFRA SOLUCOES EM INFRAESTRUTURA LTDA (Filial SP)","07.525.262/0004-61","4-IMPLANTAÇÃO_DE_REDE_INTERNA","","Nobreak - Equip - MEGA - CO","1","1.491,72","1.491,72","Material","31/07/2026","4233","3896","Aprovado","Notas pendentes","994","Não","5","Conectada","1783717003015x755466642062170200"
"52035395","19001","MEGA INFRA SOLUCOES EM INFRAESTRUTURA LTDA (Filial SP)","07.525.262/0004-61","4-IMPLANTAÇÃO_DE_REDE_INTERNA","","Nobreak - Equip - MEGA - CO","1","1.491,72","1.491,72","Material","31/07/2026","4233","3896","Aprovado","Notas pendentes","1039","Não","5","Conectada","1783717003291x594459792173134700"
"52033511","19001","MEGA INFRA SOLUCOES EM INFRAESTRUTURA LTDA (Filial SP)","07.525.262/0004-61","4-IMPLANTAÇÃO_DE_REDE_INTERNA","","Nobreak - Equip - MEGA - CO","1","1.491,72","1.491,72","Material","31/07/2026","4233","3896","Aprovado","Notas pendentes","1047","Não","5","Conectada","1783717003466x619692562491873000"
"52033503","19001","MEGA INFRA SOLUCOES EM INFRAESTRUTURA LTDA (Filial SP)","07.525.262/0004-61","4-IMPLANTAÇÃO_DE_REDE_INTERNA","","Nobreak - Equip - MEGA - CO","1","1.491,72","1.491,72","Material","31/07/2026","4233","3896","Aprovado","Notas pendentes","","Não","5","Em planejamento","1783717003599x831632038156307000"
"52035352","19001","MEGA INFRA SOLUCOES EM INFRAESTRUTURA LTDA (Filial SP)","07.525.262/0004-61","4-IMPLANTAÇÃO_DE_REDE_INTERNA","","Nobreak - Equip - MEGA - CO","1","1.491,72","1.491,72","Material","31/07/2026","4233","3896","Aprovado","Notas pendentes","704","Não","5","Conectada","1783717003880x672054276373167900"
"52044440","19001","MEGA INFRA SOLUCOES EM INFRAESTRUTURA LTDA (Filial SP)","07.525.262/0004-61","4-IMPLANTAÇÃO_DE_REDE_INTERNA","","Nobreak - Equip - MEGA - CO","1","1.491,72","1.491,72","Material","31/07/2026","4233","3896","Aprovado","Notas pendentes","","Não","5","Conectada","1783717003909x921835212905555600"
"52031454","19001","MEGA INFRA SOLUCOES EM INFRAESTRUTURA LTDA (Filial SP)","07.525.262/0004-61","4-IMPLANTAÇÃO_DE_REDE_INTERNA","","Nobreak - Equip - MEGA - CO","1","1.491,72","1.491,72","Material","31/07/2026","4233","3896","Aprovado","Notas pendentes","798","Não","5","Conectada","1783717004083x328438597944891200"
"52070964","19001","MEGA INFRA SOLUCOES EM INFRAESTRUTURA LTDA (Filial SP)","07.525.262/0004-61","4-IMPLANTAÇÃO_DE_REDE_INTERNA","","Nobreak - Equip - MEGA - CO","1","1.491,72","1.491,72","Material","31/07/2026","4233","3896","Aprovado","Notas pendentes","722","Não","5","Conectada","1783717004437x537842752718811650"
"52079562","19001","MEGA INFRA SOLUCOES EM INFRAESTRUTURA LTDA (Filial SP)","07.525.262/0004-61","4-IMPLANTAÇÃO_DE_REDE_INTERNA","","Nobreak - Equip - MEGA - CO","1","1.491,72","1.491,72","Material","31/07/2026","4233","3896","Aprovado","Notas pendentes","982","Não","5","Conectada","1783717004451x807501323100202400"
"35281897","19001","MEGA INFRA SOLUCOES EM INFRAESTRUTURA LTDA (Filial SP)","07.525.262/0004-61","4-IMPLANTAÇÃO_DE_REDE_INTERNA","","Kit Cobertura Wi-Fi - 15 Access Points - Equip - MEGA - SE","1","26.353,13","26.353,13","Material","31/07/2026","4274","3888","Aprovado","Notas pendentes","1035","Não","5","Conectada","1783945308733x429315346161595500"
"35439666","19001","MEGA INFRA SOLUCOES EM INFRAESTRUTURA LTDA (Filial SP)","07.525.262/0004-61","4-IMPLANTAÇÃO_DE_REDE_INTERNA","","Kit Cobertura Wi-Fi - 15 Access Points - Equip - MEGA - SE","1","26.353,13","26.353,13","Material","31/07/2026","4274","3888","Aprovado","Notas pendentes","","Não","5","Em planejamento","1783945308759x585647720192820100"
"35276352","19001","MEGA INFRA SOLUCOES EM INFRAESTRUTURA LTDA (Filial SP)","07.525.262/0004-61","4-IMPLANTAÇÃO_DE_REDE_INTERNA","","Kit Cobertura Wi-Fi - 15 Access Points - Equip - MEGA - SE","1","26.353,13","26.353,13","Material","31/07/2026","4274","3888","Aprovado","Notas pendentes","","Não","5","Em planejamento","1783945308816x735582139350480300"
"35465240","19001","MEGA INFRA SOLUCOES EM INFRAESTRUTURA LTDA (Filial SP)","07.525.262/0004-61","4-IMPLANTAÇÃO_DE_REDE_INTERNA","","Kit Cobertura Wi-Fi - 15 Access Points - Equip - MEGA - SE","1","26.353,13","26.353,13","Material","31/07/2026","4274","3888","Aprovado","Notas pendentes","","Não","5","Em planejamento","1783945308826x608039625149495700"
"35355744","19001","MEGA INFRA SOLUCOES EM INFRAESTRUTURA LTDA (Filial SP)","07.525.262/0004-61","4-IMPLANTAÇÃO_DE_REDE_INTERNA","","Kit Cobertura Wi-Fi - 12 Access Points - Equip - MEGA - SE","1","22.644,43","22.644,43","Material","31/07/2026","4274","3888","Aprovado","Notas pendentes","","Não","5","Em planejamento","1783945309224x263603160864593660"
"35405140","19001","MEGA INFRA SOLUCOES EM INFRAESTRUTURA LTDA (Filial SP)","07.525.262/0004-61","4-IMPLANTAÇÃO_DE_REDE_INTERNA","","Kit Cobertura Wi-Fi - 8 Access Points - Equip - MEGA - SE","1","17.699,49","17.699,49","Material","31/07/2026","4274","3888","Aprovado","Notas pendentes","753","Não","5","Conectada","1783945309337x471796299145799800"
"35223098","19001","MEGA INFRA SOLUCOES EM INFRAESTRUTURA LTDA (Filial SP)","07.525.262/0004-61","4-IMPLANTAÇÃO_DE_REDE_INTERNA","","Kit Cobertura Wi-Fi - 10 Access Points - Equip - MEGA - SE","1","20.171,96","20.171,96","Material","31/07/2026","4274","3888","Aprovado","Notas pendentes","537","Não","5","Conectada","1783945309339x750403753912878700"
"35077926","19001","MEGA INFRA SOLUCOES EM INFRAESTRUTURA LTDA (Filial SP)","07.525.262/0004-61","4-IMPLANTAÇÃO_DE_REDE_INTERNA","","Kit Cobertura Wi-Fi - 6 Access Points - Equip - MEGA - SE","1","14.457,89","14.457,89","Material","31/07/2026","4274","3888","Aprovado","Notas pendentes","536","Não","5","Conectada","1783945309625x901289165461094700"
"35276352","19001","MEGA INFRA SOLUCOES EM INFRAESTRUTURA LTDA (Filial SP)","07.525.262/0004-61","4-IMPLANTAÇÃO_DE_REDE_INTERNA","","Access Point adicional Indoor - Equip - MEGA - CO","3","699,09","2.097,27","Material","31/07/2026","4274","3888","Aprovado","Notas pendentes","","Não","5","Em planejamento","1783945309617x613974693432884200"
"35276352","19001","MEGA INFRA SOLUCOES EM INFRAESTRUTURA LTDA (Filial SP)","07.525.262/0004-61","4-IMPLANTAÇÃO_DE_REDE_INTERNA","","Nobreak - Equip - MEGA - SE","1","1.551,93","1.551,93","Material","31/07/2026","4274","3888","Aprovado","Notas pendentes","","Não","5","Em planejamento","1783945309675x717117883902635100"
"35281897","19001","MEGA INFRA SOLUCOES EM INFRAESTRUTURA LTDA (Filial SP)","07.525.262/0004-61","4-IMPLANTAÇÃO_DE_REDE_INTERNA","","Nobreak - Equip - MEGA - SE","1","1.551,93","1.551,93","Material","31/07/2026","4274","3888","Aprovado","Notas pendentes","1036","Não","5","Conectada","1783945309781x343808435849501250"
"35355744","19001","MEGA INFRA SOLUCOES EM INFRAESTRUTURA LTDA (Filial SP)","07.525.262/0004-61","4-IMPLANTAÇÃO_DE_REDE_INTERNA","","Nobreak - Equip - MEGA - SE","1","1.551,93","1.551,93","Material","31/07/2026","4274","3888","Aprovado","Notas pendentes","","Não","5","Em planejamento","1783945309878x106170514114377390"
"35405140","19001","MEGA INFRA SOLUCOES EM INFRAESTRUTURA LTDA (Filial SP)","07.525.262/0004-61","4-IMPLANTAÇÃO_DE_REDE_INTERNA","","Nobreak - Equip - MEGA - SE","1","1.551,93","1.551,93","Material","31/07/2026","4274","3888","Aprovado","Notas pendentes","754","Não","5","Conectada","1783945310027x658047311326950700"
"35439666","19001","MEGA INFRA SOLUCOES EM INFRAESTRUTURA LTDA (Filial SP)","07.525.262/0004-61","4-IMPLANTAÇÃO_DE_REDE_INTERNA","","Nobreak - Equip - MEGA - SE","1","1.551,93","1.551,93","Material","31/07/2026","4274","3888","Aprovado","Notas pendentes","","Não","5","Em planejamento","1783945310230x377066891276827140"
"35465240","19001","MEGA INFRA SOLUCOES EM INFRAESTRUTURA LTDA (Filial SP)","07.525.262/0004-61","4-IMPLANTAÇÃO_DE_REDE_INTERNA","","Nobreak - Equip - MEGA - SE","1","1.551,93","1.551,93","Material","31/07/2026","4274","3888","Aprovado","Notas pendentes","","Não","5","Em planejamento","1783945310289x489228022872068900"
"35077926","19001","MEGA INFRA SOLUCOES EM INFRAESTRUTURA LTDA (Filial SP)","07.525.262/0004-61","4-IMPLANTAÇÃO_DE_REDE_INTERNA","","Nobreak - Equip - MEGA - SE","1","1.551,93","1.551,93","Material","31/07/2026","4274","3888","Aprovado","Notas pendentes","538","Não","5","Conectada","1783945310314x997355152742015500"
"35223098","19001","MEGA INFRA SOLUCOES EM INFRAESTRUTURA LTDA (Filial SP)","07.525.262/0004-61","4-IMPLANTAÇÃO_DE_REDE_INTERNA","","Nobreak - Equip - MEGA - SE","1","1.551,93","1.551,93","Material","31/07/2026","4274","3888","Aprovado","Notas pendentes","539","Não","5","Conectada","1783945310537x126240516683245200"
"35465240","19001","MEGA INFRA SOLUCOES EM INFRAESTRUTURA LTDA (Filial SP)","07.525.262/0004-61","4-IMPLANTAÇÃO_DE_REDE_INTERNA","","Access Point adicional Indoor - Equip - MEGA - SE","2","727,31","1.454,62","Material","31/07/2026","4274","3888","Aprovado","Notas pendentes","","Não","5","Em planejamento","1783945310802x577607144661821200"
"35281897","19001","MEGA INFRA SOLUCOES EM INFRAESTRUTURA LTDA (Filial SP)","07.525.262/0004-61","4-IMPLANTAÇÃO_DE_REDE_INTERNA","","Access Point adicional Indoor - Equip - MEGA - SE","1","727,31","727,31","Material","31/07/2026","4274","3888","Aprovado","Notas pendentes","1037","Não","5","Conectada","1783945310983x250902054672454750"
"52031314","19001","MEGA INFRA SOLUCOES EM INFRAESTRUTURA LTDA (Filial SP)","07.525.262/0004-61","4-IMPLANTAÇÃO_DE_REDE_INTERNA","","Kit Cobertura Wi-Fi - 13 Access Points - Equip - MEGA - CO","1","22.954,09","22.954,09","Material","31/07/2026","4286","3897","Aprovado","Notas pendentes","","Não","5","Em planejamento","1783948717002x605829177144750800"
"52031926","19001","MEGA INFRA SOLUCOES EM INFRAESTRUTURA LTDA (Filial SP)","07.525.262/0004-61","4-IMPLANTAÇÃO_DE_REDE_INTERNA","","Kit Cobertura Wi-Fi - 11 Access Points - Equip - MEGA - CO","1","20.577,55","20.577,55","Material","31/07/2026","4286","3897","Aprovado","Notas pendentes","807","Não","5","Conectada","1783948717047x894900666387130100"
"52085864","19001","MEGA INFRA SOLUCOES EM INFRAESTRUTURA LTDA (Filial SP)","07.525.262/0004-61","4-IMPLANTAÇÃO_DE_REDE_INTERNA","","Kit Cobertura Wi-Fi - 6 Access Points - Equip - MEGA - CO","1","13.896,92","13.896,92","Material","31/07/2026","4286","3897","Aprovado","Notas pendentes","562","Não","5","Conectada","1783948717549x159371494074471700"
"52085864","19001","MEGA INFRA SOLUCOES EM INFRAESTRUTURA LTDA (Filial SP)","07.525.262/0004-61","4-IMPLANTAÇÃO_DE_REDE_INTERNA","","Nobreak - Equip - MEGA - CO","1","1.491,72","1.491,72","Material","31/07/2026","4286","3897","Aprovado","Notas pendentes","569","Não","5","Conectada","1783948717619x342950579918257700"
"52030679","19001","MEGA INFRA SOLUCOES EM INFRAESTRUTURA LTDA (Filial SP)","07.525.262/0004-61","4-IMPLANTAÇÃO_DE_REDE_INTERNA","","Nobreak - Equip - MEGA - CO","1","1.491,72","1.491,72","Material","31/07/2026","4286","3897","Aprovado","Notas pendentes","724","Não","5","Conectada","1783948717687x872434504904851000"
"52030628","19001","MEGA INFRA SOLUCOES EM INFRAESTRUTURA LTDA (Filial SP)","07.525.262/0004-61","4-IMPLANTAÇÃO_DE_REDE_INTERNA","","Nobreak - Equip - MEGA - CO","1","1.491,72","1.491,72","Material","31/07/2026","4286","3897","Aprovado","Notas pendentes","776","Não","5","Conectada","1783948717715x762497584048186200"
"52030881","19001","MEGA INFRA SOLUCOES EM INFRAESTRUTURA LTDA (Filial SP)","07.525.262/0004-61","4-IMPLANTAÇÃO_DE_REDE_INTERNA","","Nobreak - Equip - MEGA - CO","1","1.491,72","1.491,72","Material","31/07/2026","4286","3897","Aprovado","Notas pendentes","785","Não","5","Conectada","1783948717782x608676415081700100"
"52031977","19001","MEGA INFRA SOLUCOES EM INFRAESTRUTURA LTDA (Filial SP)","07.525.262/0004-61","4-IMPLANTAÇÃO_DE_REDE_INTERNA","","Nobreak - Equip - MEGA - CO","1","1.491,72","1.491,72","Material","31/07/2026","4286","3897","Aprovado","Notas pendentes","","Não","5","Conectada","1783948717805x912046603521361700"
"52032043","19001","MEGA INFRA SOLUCOES EM INFRAESTRUTURA LTDA (Filial SP)","07.525.262/0004-61","4-IMPLANTAÇÃO_DE_REDE_INTERNA","","Nobreak - Equip - MEGA - CO","1","1.491,72","1.491,72","Material","31/07/2026","4286","3897","Aprovado","Notas pendentes","","Não","5","Conectada","1783948717807x597395959921911440"
"52031314","19001","MEGA INFRA SOLUCOES EM INFRAESTRUTURA LTDA (Filial SP)","07.525.262/0004-61","4-IMPLANTAÇÃO_DE_REDE_INTERNA","","Nobreak - Equip - MEGA - CO","1","1.491,72","1.491,72","Material","31/07/2026","4286","3897","Aprovado","Notas pendentes","","Não","5","Em planejamento","1783948717819x504939121020141950"
"52031926","19001","MEGA INFRA SOLUCOES EM INFRAESTRUTURA LTDA (Filial SP)","07.525.262/0004-61","4-IMPLANTAÇÃO_DE_REDE_INTERNA","","Nobreak - Equip - MEGA - CO","1","1.491,72","1.491,72","Material","31/07/2026","4286","3897","Aprovado","Notas pendentes","805","Não","5","Conectada","1783948717822x898189336339555000"
"35355732","19001","MEGA INFRA SOLUCOES EM INFRAESTRUTURA LTDA (Filial SP)","07.525.262/0004-61","4-IMPLANTAÇÃO_DE_REDE_INTERNA","","Kit Cobertura Wi-Fi - 11 Access Points - Equip - MEGA - SE","1","21.408,19","21.408,19","Material","31/07/2026","4288","3890","Aprovado","Notas pendentes","1010","Não","5","Conectada","1783949905401x495076551092041840"
"35244764","19001","MEGA INFRA SOLUCOES EM INFRAESTRUTURA LTDA (Filial SP)","07.525.262/0004-61","4-IMPLANTAÇÃO_DE_REDE_INTERNA","","Kit Cobertura Wi-Fi - 15 Access Points - Equip - MEGA - SE","1","26.353,13","26.353,13","Material","31/07/2026","4288","3890","Aprovado","Notas pendentes","","Não","5","Em planejamento","1783949905644x113549279925937660"
"35479412","19001","MEGA INFRA SOLUCOES EM INFRAESTRUTURA LTDA (Filial SP)","07.525.262/0004-61","4-IMPLANTAÇÃO_DE_REDE_INTERNA","","Kit Cobertura Wi-Fi - 15 Access Points - Equip - MEGA - SE","1","26.353,13","26.353,13","Material","31/07/2026","4288","3890","Aprovado","Notas pendentes","1080","Não","5","Conectada","1783949905760x556250070258478500"
"35072990","19001","MEGA INFRA SOLUCOES EM INFRAESTRUTURA LTDA (Filial SP)","07.525.262/0004-61","4-IMPLANTAÇÃO_DE_REDE_INTERNA","","Kit Cobertura Wi-Fi - 15 Access Points - Equip - MEGA - SE","1","26.353,13","26.353,13","Material","31/07/2026","4288","3890","Aprovado","Notas pendentes","","Não","5","Em planejamento","1783949905875x603748515899183400"
"35010299","19001","MEGA INFRA SOLUCOES EM INFRAESTRUTURA LTDA (Filial SP)","07.525.262/0004-61","4-IMPLANTAÇÃO_DE_REDE_INTERNA","","Kit Cobertura Wi-Fi - 10 Access Points - Equip - MEGA - SE","1","20.171,96","20.171,96","Material","31/07/2026","4288","3890","Aprovado","Notas pendentes","565","Não","5","Conectada","1783949905892x939671253419240400"
"35195479","19001","MEGA INFRA SOLUCOES EM INFRAESTRUTURA LTDA (Filial SP)","07.525.262/0004-61","4-IMPLANTAÇÃO_DE_REDE_INTERNA","","Kit Cobertura Wi-Fi - 10 Access Points - Equip - MEGA - SE","1","20.171,96","20.171,96","Material","31/07/2026","4288","3890","Aprovado","Notas pendentes","1165","Não","5","Conectada","1783949905907x953337416941285600"
"35294937","19001","MEGA INFRA SOLUCOES EM INFRAESTRUTURA LTDA (Filial SP)","07.525.262/0004-61","4-IMPLANTAÇÃO_DE_REDE_INTERNA","","Kit Cobertura Wi-Fi - 9 Access Points - Equip - MEGA - SE","1","18.935,73","18.935,73","Material","31/07/2026","4288","3890","Aprovado","Notas pendentes","","Não","5","Em planejamento","1783949906100x791768559878893000"
"35009794","19001","MEGA INFRA SOLUCOES EM INFRAESTRUTURA LTDA (Filial SP)","07.525.262/0004-61","4-IMPLANTAÇÃO_DE_REDE_INTERNA","","Kit Cobertura Wi-Fi - 8 Access Points - Equip - MEGA - SE","1","17.699,49","17.699,49","Material","31/07/2026","4288","3890","Aprovado","Notas pendentes","","Não","5","Em planejamento","1783949906136x362843267236401900"
"35244764","19001","MEGA INFRA SOLUCOES EM INFRAESTRUTURA LTDA (Filial SP)","07.525.262/0004-61","4-IMPLANTAÇÃO_DE_REDE_INTERNA","","Access Point adicional Indoor - Equip - MEGA - SE","5","727,31","3.636,55","Material","31/07/2026","4288","3890","Aprovado","Notas pendentes","","Não","5","Em planejamento","1783949906182x529508252053527230"
"35072990","19001","MEGA INFRA SOLUCOES EM INFRAESTRUTURA LTDA (Filial SP)","07.525.262/0004-61","4-IMPLANTAÇÃO_DE_REDE_INTERNA","","Access Point adicional Indoor - Equip - MEGA - SE","4","727,31","2.909,24","Material","31/07/2026","4288","3890","Aprovado","Notas pendentes","","Não","5","Em planejamento","1783949906315x346360269006689340"
"35009794","19001","MEGA INFRA SOLUCOES EM INFRAESTRUTURA LTDA (Filial SP)","07.525.262/0004-61","4-IMPLANTAÇÃO_DE_REDE_INTERNA","","Nobreak - Equip - MEGA - SE","1","1.551,93","1.551,93","Material","31/07/2026","4288","3890","Aprovado","Notas pendentes","","Não","5","Em planejamento","1783949906551x420799262852265860"
"35294937","19001","MEGA INFRA SOLUCOES EM INFRAESTRUTURA LTDA (Filial SP)","07.525.262/0004-61","4-IMPLANTAÇÃO_DE_REDE_INTERNA","","Nobreak - Equip - MEGA - SE","1","1.551,93","1.551,93","Material","31/07/2026","4288","3890","Aprovado","Notas pendentes","","Não","5","Em planejamento","1783949906563x235045063009074140"
"35010299","19001","MEGA INFRA SOLUCOES EM INFRAESTRUTURA LTDA (Filial SP)","07.525.262/0004-61","4-IMPLANTAÇÃO_DE_REDE_INTERNA","","Nobreak - Equip - MEGA - SE","1","1.551,93","1.551,93","Material","31/07/2026","4288","3890","Aprovado","Notas pendentes","566","Não","5","Conectada","1783949906597x442518416596683300"
"35479412","19001","MEGA INFRA SOLUCOES EM INFRAESTRUTURA LTDA (Filial SP)","07.525.262/0004-61","4-IMPLANTAÇÃO_DE_REDE_INTERNA","","Nobreak - Equip - MEGA - SE","1","1.551,93","1.551,93","Material","31/07/2026","4288","3890","Aprovado","Notas pendentes","1095","Não","5","Conectada","1783949906743x625330590681966200"
"35072990","19001","MEGA INFRA SOLUCOES EM INFRAESTRUTURA LTDA (Filial SP)","07.525.262/0004-61","4-IMPLANTAÇÃO_DE_REDE_INTERNA","","Nobreak - Equip - MEGA - SE","1","1.551,93","1.551,93","Material","31/07/2026","4288","3890","Aprovado","Notas pendentes","","Não","5","Em planejamento","1783949906886x625933214006837400"
"35195479","19001","MEGA INFRA SOLUCOES EM INFRAESTRUTURA LTDA (Filial SP)","07.525.262/0004-61","4-IMPLANTAÇÃO_DE_REDE_INTERNA","","Nobreak - Equip - MEGA - SE","1","1.551,93","1.551,93","Material","31/07/2026","4288","3890","Aprovado","Notas pendentes","1166","Não","5","Conectada","1783949907012x673413170125278800"
"35244764","19001","MEGA INFRA SOLUCOES EM INFRAESTRUTURA LTDA (Filial SP)","07.525.262/0004-61","4-IMPLANTAÇÃO_DE_REDE_INTERNA","","Nobreak - Equip - MEGA - SE","1","1.551,93","1.551,93","Material","31/07/2026","4288","3890","Aprovado","Notas pendentes","","Não","5","Em planejamento","1783949907098x304090790732759230"
"35355732","19001","MEGA INFRA SOLUCOES EM INFRAESTRUTURA LTDA (Filial SP)","07.525.262/0004-61","4-IMPLANTAÇÃO_DE_REDE_INTERNA","","Nobreak - Equip - MEGA - SE","1","1.551,93","1.551,93","Material","31/07/2026","4288","3890","Aprovado","Notas pendentes","1011","Não","5","Conectada","1783949907160x195731778758375230"
"35479412","19001","MEGA INFRA SOLUCOES EM INFRAESTRUTURA LTDA (Filial SP)","07.525.262/0004-61","4-IMPLANTAÇÃO_DE_REDE_INTERNA","","Access Point adicional Indoor - Equip - MEGA - SE","1","727,31","727,31","Material","31/07/2026","4288","3890","Aprovado","Notas pendentes","1082","Não","5","Conectada","1783949907339x235670961884778750"
"52286355","19001","MEGA INFRA SOLUCOES EM INFRAESTRUTURA LTDA (Filial SP)","07.525.262/0004-61","4-IMPLANTAÇÃO_DE_REDE_INTERNA","","Kit Cobertura Wi-Fi - 13 Access Points - Equip - MEGA - CO","1","22.954,09","22.954,09","Material","31/07/2026","4293","3898","Aprovado","","979","Não","5","Conectada","1783953543016x480848939696450200"
"52103820","19001","MEGA INFRA SOLUCOES EM INFRAESTRUTURA LTDA (Filial SP)","07.525.262/0004-61","4-IMPLANTAÇÃO_DE_REDE_INTERNA","","Kit Cobertura Wi-Fi - 4 Access Points - Equip - MEGA - CO","1","11.520,39","11.520,39","Material","31/07/2026","4293","3898","Aprovado","","651","Não","5","Conectada","1783953543006x834894269994512100"
"52108830","19001","MEGA INFRA SOLUCOES EM INFRAESTRUTURA LTDA (Filial SP)","07.525.262/0004-61","4-IMPLANTAÇÃO_DE_REDE_INTERNA","","Kit Cobertura Wi-Fi - 4 Access Points - Equip - MEGA - CO","1","11.520,39","11.520,39","Material","31/07/2026","4293","3898","Aprovado","","1200","Não","5","Conectada","1783953543166x388449784642936900"
"52109399","19001","MEGA INFRA SOLUCOES EM INFRAESTRUTURA LTDA (Filial SP)","07.525.262/0004-61","4-IMPLANTAÇÃO_DE_REDE_INTERNA","","Kit Cobertura Wi-Fi - 2 Access Points - Equip - MEGA - CO","1","9.143,85","9.143,85","Material","31/07/2026","4293","3898","Aprovado","","844","Não","5","Conectada","1783953543245x364456063788400450"
"52171205","19001","MEGA INFRA SOLUCOES EM INFRAESTRUTURA LTDA (Filial SP)","07.525.262/0004-61","4-IMPLANTAÇÃO_DE_REDE_INTERNA","","Kit Cobertura Wi-Fi - 2 Access Points - Equip - MEGA - CO","1","9.143,85","9.143,85","Material","31/07/2026","4293","3898","Aprovado","","1007","Não","5","Conectada","1783953543293x846443405101711700"
"52108830","19001","MEGA INFRA SOLUCOES EM INFRAESTRUTURA LTDA (Filial SP)","07.525.262/0004-61","4-IMPLANTAÇÃO_DE_REDE_INTERNA","","Nobreak - Equip - MEGA - CO","1","1.491,72","1.491,72","Material","31/07/2026","4293","3898","Aprovado","","1201","Não","5","Conectada","1783953543395x331943649634653960"
"52171205","19001","MEGA INFRA SOLUCOES EM INFRAESTRUTURA LTDA (Filial SP)","07.525.262/0004-61","4-IMPLANTAÇÃO_DE_REDE_INTERNA","","Nobreak - Equip - MEGA - CO","1","1.491,72","1.491,72","Material","31/07/2026","4293","3898","Aprovado","","1009","Não","5","Conectada","1783953543450x732894746393959400"
"52109399","19001","MEGA INFRA SOLUCOES EM INFRAESTRUTURA LTDA (Filial SP)","07.525.262/0004-61","4-IMPLANTAÇÃO_DE_REDE_INTERNA","","Nobreak - Equip - MEGA - CO","1","1.491,72","1.491,72","Material","31/07/2026","4293","3898","Aprovado","","845","Não","5","Conectada","1783953543765x172966076872272300"
"52286355","19001","MEGA INFRA SOLUCOES EM INFRAESTRUTURA LTDA (Filial SP)","07.525.262/0004-61","4-IMPLANTAÇÃO_DE_REDE_INTERNA","","Nobreak - Equip - MEGA - CO","1","1.491,72","1.491,72","Material","31/07/2026","4293","3898","Aprovado","","980","Não","5","Conectada","1783953543835x150518325753397500"
"52103820","19001","MEGA INFRA SOLUCOES EM INFRAESTRUTURA LTDA (Filial SP)","07.525.262/0004-61","4-IMPLANTAÇÃO_DE_REDE_INTERNA","","Nobreak - Equip - MEGA - CO","1","1.491,72","1.491,72","Material","31/07/2026","4293","3898","Aprovado","","652","Não","5","Conectada","1783953544007x449751375427517500"
"52030610","19001","MEGA INFRA SOLUCOES EM INFRAESTRUTURA LTDA (Filial SP)","07.525.262/0004-61","4-IMPLANTAÇÃO_DE_REDE_INTERNA","","Nobreak - Equip - MEGA - CO","1","1.491,72","1.491,72","Material","31/07/2026","5120","4674","Aprovado","","1138","Não","5","Conectada","1783953544123x893230472887119200"
"52031020","19001","MEGA INFRA SOLUCOES EM INFRAESTRUTURA LTDA (Filial SP)","07.525.262/0004-61","4-IMPLANTAÇÃO_DE_REDE_INTERNA","","Nobreak - Equip - MEGA - CO","1","1.491,72","1.491,72","Material","31/07/2026","4293","3898","Aprovado","","1414","Não","5","Conectada","1783953544246x211673433008427330"
"52057100","19001","MEGA INFRA SOLUCOES EM INFRAESTRUTURA LTDA (Filial SP)","07.525.262/0004-61","4-IMPLANTAÇÃO_DE_REDE_INTERNA","","Kit Cobertura Wi-Fi - 11 Access Points - Equip - MEGA - CO","1","20.577,55","20.577,55","Material","31/07/2026","4294","3899","Aprovado","Notas pendentes","","Não","5","Em planejamento","1783953765876x738963399844174200"
"52084612","19001","MEGA INFRA SOLUCOES EM INFRAESTRUTURA LTDA (Filial SP)","07.525.262/0004-61","4-IMPLANTAÇÃO_DE_REDE_INTERNA","","Kit Cobertura Wi-Fi - 13 Access Points - Equip - MEGA - CO","1","22.954,09","22.954,09","Material","31/07/2026","4294","3899","Aprovado","Notas pendentes","","Não","5","Em planejamento","1783953766057x282704277522598750"
"52051170","19001","MEGA INFRA SOLUCOES EM INFRAESTRUTURA LTDA (Filial SP)","07.525.262/0004-61","4-IMPLANTAÇÃO_DE_REDE_INTERNA","","Kit Cobertura Wi-Fi - 15 Access Points - Equip - MEGA - CO","1","25.330,63","25.330,63","Material","31/07/2026","4294","3899","Aprovado","Notas pendentes","1333","Não","5","Conectada","1783953766306x405804135432052740"
"52047660","19001","MEGA INFRA SOLUCOES EM INFRAESTRUTURA LTDA (Filial SP)","07.525.262/0004-61","4-IMPLANTAÇÃO_DE_REDE_INTERNA","","Kit Cobertura Wi-Fi - 14 Access Points - Equip - MEGA - CO","1","24.142,36","24.142,36","Material","31/07/2026","4294","3899","Aprovado","Notas pendentes","1384","Não","5","Conectada","1783953766378x498156874499003460"
"52068528","19001","MEGA INFRA SOLUCOES EM INFRAESTRUTURA LTDA (Filial SP)","07.525.262/0004-61","4-IMPLANTAÇÃO_DE_REDE_INTERNA","","Kit Cobertura Wi-Fi - 9 Access Points - Equip - MEGA - CO","1","18.201,02","18.201,02","Material","31/07/2026","4294","3899","Aprovado","Notas pendentes","864","Não","5","Conectada","1783953766677x698128745053812500"
"52047660","19001","MEGA INFRA SOLUCOES EM INFRAESTRUTURA LTDA (Filial SP)","07.525.262/0004-61","4-IMPLANTAÇÃO_DE_REDE_INTERNA","","Nobreak - Equip - MEGA - CO","1","1.491,72","1.491,72","Material","31/07/2026","4294","3899","Aprovado","Notas pendentes","1385","Não","5","Conectada","1783953766764x540572243366840700"
"52051170","19001","MEGA INFRA SOLUCOES EM INFRAESTRUTURA LTDA (Filial SP)","07.525.262/0004-61","4-IMPLANTAÇÃO_DE_REDE_INTERNA","","Nobreak - Equip - MEGA - CO","1","1.491,72","1.491,72","Material","31/07/2026","4294","3899","Aprovado","Notas pendentes","1335","Não","5","Conectada","1783953766770x211705200963487880"
"52082768","19001","MEGA INFRA SOLUCOES EM INFRAESTRUTURA LTDA (Filial SP)","07.525.262/0004-61","4-IMPLANTAÇÃO_DE_REDE_INTERNA","","Kit Cobertura Wi-Fi - 6 Access Points - Equip - MEGA - CO","1","13.896,92","13.896,92","Material","31/07/2026","4294","3899","Aprovado","Notas pendentes","","Não","5","Em planejamento","1783953766781x762291195457874800"
"52057100","19001","MEGA INFRA SOLUCOES EM INFRAESTRUTURA LTDA (Filial SP)","07.525.262/0004-61","4-IMPLANTAÇÃO_DE_REDE_INTERNA","","Nobreak - Equip - MEGA - CO","1","1.491,72","1.491,72","Material","31/07/2026","4294","3899","Aprovado","Notas pendentes","","Não","5","Em planejamento","1783953766986x266529456480225180"
"52082768","19001","MEGA INFRA SOLUCOES EM INFRAESTRUTURA LTDA (Filial SP)","07.525.262/0004-61","4-IMPLANTAÇÃO_DE_REDE_INTERNA","","Nobreak - Equip - MEGA - CO","1","1.491,72","1.491,72","Material","31/07/2026","4294","3899","Aprovado","Notas pendentes","","Não","5","Em planejamento","1783953767113x746054384226388700"
"52084612","19001","MEGA INFRA SOLUCOES EM INFRAESTRUTURA LTDA (Filial SP)","07.525.262/0004-61","4-IMPLANTAÇÃO_DE_REDE_INTERNA","","Nobreak - Equip - MEGA - CO","1","1.491,72","1.491,72","Material","31/07/2026","4294","3899","Aprovado","Notas pendentes","","Não","5","Em planejamento","1783953767342x869655888406751400"
"52078558","19001","MEGA INFRA SOLUCOES EM INFRAESTRUTURA LTDA (Filial SP)","07.525.262/0004-61","4-IMPLANTAÇÃO_DE_REDE_INTERNA","","Nobreak - Equip - MEGA - CO","1","1.491,72","1.491,72","Material","31/07/2026","4294","3899","Aprovado","Notas pendentes","1480","Não","5","Conectada","1783953767430x196708857808426850"
"52068528","19001","MEGA INFRA SOLUCOES EM INFRAESTRUTURA LTDA (Filial SP)","07.525.262/0004-61","4-IMPLANTAÇÃO_DE_REDE_INTERNA","","Nobreak - Equip - MEGA - CO","1","1.491,72","1.491,72","Material","31/07/2026","4294","3899","Aprovado","Notas pendentes","866","Não","5","Conectada","1783953767531x783141827759028100"
"52082270","19001","MEGA INFRA SOLUCOES EM INFRAESTRUTURA LTDA (Filial SP)","07.525.262/0004-61","4-IMPLANTAÇÃO_DE_REDE_INTERNA","","Nobreak - Equip - MEGA - CO","1","1.491,72","1.491,72","Material","31/07/2026","4294","3899","Aprovado","Notas pendentes","707","Não","5","Conectada","1783953767594x219720634030394780"
"35390896","19001","MEGA INFRA SOLUCOES EM INFRAESTRUTURA LTDA (Filial SP)","07.525.262/0004-61","4-IMPLANTAÇÃO_DE_REDE_INTERNA","","Kit Cobertura Wi-Fi - 12 Access Points - Equip - MEGA - SE","1","22.644,43","22.644,43","Material","31/07/2026","4295","3929","Aprovado","Notas pendentes","","Não","5","Em planejamento","1783953900222x680960007498349300"
"35438285","19001","MEGA INFRA SOLUCOES EM INFRAESTRUTURA LTDA (Filial SP)","07.525.262/0004-61","4-IMPLANTAÇÃO_DE_REDE_INTERNA","","Kit Cobertura Wi-Fi - 15 Access Points - Equip - MEGA - SE","1","26.353,13","26.353,13","Material","31/07/2026","4295","3929","Aprovado","Notas pendentes","","Não","5","Em planejamento","1783953900418x320620546260998140"
"35055220","19001","MEGA INFRA SOLUCOES EM INFRAESTRUTURA LTDA (Filial SP)","07.525.262/0004-61","4-IMPLANTAÇÃO_DE_REDE_INTERNA","","Kit Cobertura Wi-Fi - 15 Access Points - Equip - MEGA - SE","1","26.353,13","26.353,13","Material","31/07/2026","4295","3929","Aprovado","Notas pendentes","726","Não","5","Conectada","1783953901209x860287414882332900"
"35915804","19001","MEGA INFRA SOLUCOES EM INFRAESTRUTURA LTDA (Filial SP)","07.525.262/0004-61","4-IMPLANTAÇÃO_DE_REDE_INTERNA","","Kit Cobertura Wi-Fi - 10 Access Points - Equip - MEGA - SE","1","20.171,96","20.171,96","Material","31/07/2026","4295","3929","Aprovado","Notas pendentes","","Não","5","Em planejamento","1783953901366x966670809350853600"
"35438285","19001","MEGA INFRA SOLUCOES EM INFRAESTRUTURA LTDA (Filial SP)","07.525.262/0004-61","4-IMPLANTAÇÃO_DE_REDE_INTERNA","","Access Point adicional Indoor - Equip - MEGA - SE","5","727,31","3.636,55","Material","31/07/2026","4295","3929","Aprovado","Notas pendentes","","Não","5","Em planejamento","1783953901733x595233097514864300"
"35428905","19001","MEGA INFRA SOLUCOES EM INFRAESTRUTURA LTDA (Filial SP)","07.525.262/0004-61","4-IMPLANTAÇÃO_DE_REDE_INTERNA","","Kit Cobertura Wi-Fi - 15 Access Points - Equip - MEGA - SE","1","26.353,13","26.353,13","Material","31/07/2026","4295","3929","Aprovado","Notas pendentes","","Não","5","Em planejamento","1783953901761x492440841974081800"
"35428905","19001","MEGA INFRA SOLUCOES EM INFRAESTRUTURA LTDA (Filial SP)","07.525.262/0004-61","4-IMPLANTAÇÃO_DE_REDE_INTERNA","","Access Point adicional Indoor - Equip - MEGA - SE","4","727,31","2.909,24","Material","31/07/2026","4295","3929","Aprovado","Notas pendentes","","Não","5","Em planejamento","1783953901961x713063494250418200"
"35390896","19001","MEGA INFRA SOLUCOES EM INFRAESTRUTURA LTDA (Filial SP)","07.525.262/0004-61","4-IMPLANTAÇÃO_DE_REDE_INTERNA","","Nobreak - Equip - MEGA - SE","1","1.551,93","1.551,93","Material","31/07/2026","4295","3929","Aprovado","Notas pendentes","","Não","5","Em planejamento","1783953902065x183054920520124830"
"35428905","19001","MEGA INFRA SOLUCOES EM INFRAESTRUTURA LTDA (Filial SP)","07.525.262/0004-61","4-IMPLANTAÇÃO_DE_REDE_INTERNA","","Nobreak - Equip - MEGA - SE","1","1.551,93","1.551,93","Material","31/07/2026","4295","3929","Aprovado","Notas pendentes","","Não","5","Em planejamento","1783953902290x728362343514937700"
"35438285","19001","MEGA INFRA SOLUCOES EM INFRAESTRUTURA LTDA (Filial SP)","07.525.262/0004-61","4-IMPLANTAÇÃO_DE_REDE_INTERNA","","Nobreak - Equip - MEGA - SE","1","1.551,93","1.551,93","Material","31/07/2026","4295","3929","Aprovado","Notas pendentes","","Não","5","Em planejamento","1783953902399x565994275574820400"
"35915804","19001","MEGA INFRA SOLUCOES EM INFRAESTRUTURA LTDA (Filial SP)","07.525.262/0004-61","4-IMPLANTAÇÃO_DE_REDE_INTERNA","","Nobreak - Equip - MEGA - SE","1","1.551,93","1.551,93","Material","31/07/2026","4295","3929","Aprovado","Notas pendentes","","Não","5","Em planejamento","1783953902526x607021730241209500"
"35010151","19001","MEGA INFRA SOLUCOES EM INFRAESTRUTURA LTDA (Filial SP)","07.525.262/0004-61","4-IMPLANTAÇÃO_DE_REDE_INTERNA","","Nobreak - Equip - MEGA - SE","1","1.551,93","1.551,93","Material","31/07/2026","4295","3929","Aprovado","Notas pendentes","699","Não","5","Conectada","1783953902790x596732297148309500"
"35055013","19001","MEGA INFRA SOLUCOES EM INFRAESTRUTURA LTDA (Filial SP)","07.525.262/0004-61","4-IMPLANTAÇÃO_DE_REDE_INTERNA","","Nobreak - Equip - MEGA - SE","1","1.551,93","1.551,93","Material","31/07/2026","4295","3929","Aprovado","Notas pendentes","760","Não","5","Conectada","1783953902863x527816881233341900"
"35055220","19001","MEGA INFRA SOLUCOES EM INFRAESTRUTURA LTDA (Filial SP)","07.525.262/0004-61","4-IMPLANTAÇÃO_DE_REDE_INTERNA","","Nobreak - Equip - MEGA - SE","1","1.551,93","1.551,93","Material","31/07/2026","4295","3929","Aprovado","Notas pendentes","727","Não","5","Conectada","1783953903067x161206291562923330"
"35055220","19001","MEGA INFRA SOLUCOES EM INFRAESTRUTURA LTDA (Filial SP)","07.525.262/0004-61","4-IMPLANTAÇÃO_DE_REDE_INTERNA","","Access Point adicional Indoor - Equip - MEGA - SE","1","727,31","727,31","Material","31/07/2026","4295","3929","Aprovado","Notas pendentes","728","Não","5","Conectada","1783953903528x808965785168043400"
"52088812","19001","MEGA INFRA SOLUCOES EM INFRAESTRUTURA LTDA (Filial SP)","07.525.262/0004-61","4-IMPLANTAÇÃO_DE_REDE_INTERNA","","Kit Cobertura Wi-Fi - 13 Access Points - Equip - MEGA - CO","1","22.954,09","22.954,09","Material","31/07/2026","4296","3900","Aprovado","Notas pendentes","","Não","5","Em planejamento","1783954078716x375356719817335300"
"52078523","19001","MEGA INFRA SOLUCOES EM INFRAESTRUTURA LTDA (Filial SP)","07.525.262/0004-61","4-IMPLANTAÇÃO_DE_REDE_INTERNA","","Kit Cobertura Wi-Fi - 15 Access Points - Equip - MEGA - CO","1","25.330,63","25.330,63","Material","31/07/2026","4296","3900","Aprovado","Notas pendentes","1205","Não","5","Conectada","1783954078959x937647539683626400"
"52073459","19001","MEGA INFRA SOLUCOES EM INFRAESTRUTURA LTDA (Filial SP)","07.525.262/0004-61","4-IMPLANTAÇÃO_DE_REDE_INTERNA","","Kit Cobertura Wi-Fi - 15 Access Points - Equip - MEGA - CO","1","25.330,63","25.330,63","Material","31/07/2026","4296","3900","Aprovado","Notas pendentes","615","Não","5","Conectada","1783954079384x210808982031730050"
"52083110","19001","MEGA INFRA SOLUCOES EM INFRAESTRUTURA LTDA (Filial SP)","07.525.262/0004-61","4-IMPLANTAÇÃO_DE_REDE_INTERNA","","Kit Cobertura Wi-Fi - 13 Access Points - Equip - MEGA - CO","1","22.954,09","22.954,09","Material","31/07/2026","4296","3900","Aprovado","Notas pendentes","","Não","5","Em planejamento","1783954079513x464504911039823800"
"52069915","19001","MEGA INFRA SOLUCOES EM INFRAESTRUTURA LTDA (Filial SP)","07.525.262/0004-61","4-IMPLANTAÇÃO_DE_REDE_INTERNA","","Kit Cobertura Wi-Fi - 11 Access Points - Equip - MEGA - CO","1","20.577,55","20.577,55","Material","31/07/2026","4296","3900","Aprovado","Notas pendentes","","Não","5","Em planejamento","1783954079713x711088475897597300"
"52251357","19001","MEGA INFRA SOLUCOES EM INFRAESTRUTURA LTDA (Filial SP)","07.525.262/0004-61","4-IMPLANTAÇÃO_DE_REDE_INTERNA","","Kit Cobertura Wi-Fi - 11 Access Points - Equip - MEGA - CO","1","20.577,55","20.577,55","Material","31/07/2026","4296","3900","Aprovado","Notas pendentes","","Não","5","Em planejamento","1783954079974x526644332900467300"
"52073459","19001","MEGA INFRA SOLUCOES EM INFRAESTRUTURA LTDA (Filial SP)","07.525.262/0004-61","4-IMPLANTAÇÃO_DE_REDE_INTERNA","","Nobreak - Equip - MEGA - CO","1","1.491,72","1.491,72","Material","31/07/2026","4296","3900","Aprovado","Notas pendentes","618","Não","5","Conectada","1783954080107x728747534521929600"
"52078523","19001","MEGA INFRA SOLUCOES EM INFRAESTRUTURA LTDA (Filial SP)","07.525.262/0004-61","4-IMPLANTAÇÃO_DE_REDE_INTERNA","","Nobreak - Equip - MEGA - CO","1","1.491,72","1.491,72","Material","31/07/2026","4296","3900","Aprovado","Notas pendentes","1206","Não","5","Conectada","1783954080161x945213726540319400"
"52083110","19001","MEGA INFRA SOLUCOES EM INFRAESTRUTURA LTDA (Filial SP)","07.525.262/0004-61","4-IMPLANTAÇÃO_DE_REDE_INTERNA","","Nobreak - Equip - MEGA - CO","1","1.491,72","1.491,72","Material","31/07/2026","4296","3900","Aprovado","Notas pendentes","","Não","5","Em planejamento","1783954080637x118620477904405780"
"52069915","19001","MEGA INFRA SOLUCOES EM INFRAESTRUTURA LTDA (Filial SP)","07.525.262/0004-61","4-IMPLANTAÇÃO_DE_REDE_INTERNA","","Nobreak - Equip - MEGA - CO","1","1.491,72","1.491,72","Material","31/07/2026","4296","3900","Aprovado","Notas pendentes","","Não","5","Em planejamento","1783954080634x709643130293707400"
"52103064","19001","MEGA INFRA SOLUCOES EM INFRAESTRUTURA LTDA (Filial SP)","07.525.262/0004-61","4-IMPLANTAÇÃO_DE_REDE_INTERNA","","Nobreak - Equip - MEGA - CO","1","1.491,72","1.491,72","Material","31/07/2026","4296","3900","Aprovado","Notas pendentes","","Não","5","Conectada","1783954080748x970771020639379200"
"52088812","19001","MEGA INFRA SOLUCOES EM INFRAESTRUTURA LTDA (Filial SP)","07.525.262/0004-61","4-IMPLANTAÇÃO_DE_REDE_INTERNA","","Nobreak - Equip - MEGA - CO","1","1.491,72","1.491,72","Material","31/07/2026","4296","3900","Aprovado","Notas pendentes","","Não","5","Em planejamento","1783954080920x561492153931993900"
"52086100","19001","MEGA INFRA SOLUCOES EM INFRAESTRUTURA LTDA (Filial SP)","07.525.262/0004-61","4-IMPLANTAÇÃO_DE_REDE_INTERNA","","Nobreak - Equip - MEGA - CO","1","1.491,72","1.491,72","Material","31/07/2026","4296","3900","Aprovado","Notas pendentes","1060","Não","5","Conectada","1783954080982x994218672094247200"
"52251357","19001","MEGA INFRA SOLUCOES EM INFRAESTRUTURA LTDA (Filial SP)","07.525.262/0004-61","4-IMPLANTAÇÃO_DE_REDE_INTERNA","","Nobreak - Equip - MEGA - CO","1","1.491,72","1.491,72","Material","31/07/2026","4296","3900","Aprovado","Notas pendentes","","Não","5","Em planejamento","1783954081079x993083338033822600"
"52103064","19001","MEGA INFRA SOLUCOES EM INFRAESTRUTURA LTDA (Filial SP)","07.525.262/0004-61","4-IMPLANTAÇÃO_DE_REDE_INTERNA","","Access Point adicional Indoor - Equip - MEGA - CO","1","699,09","699,09","Material","31/07/2026","4296","3900","Aprovado","Notas pendentes","","Não","5","Conectada","1783954081335x232017894770665250"
"52033481","19001","MEGA INFRA SOLUCOES EM INFRAESTRUTURA LTDA (Filial SP)","07.525.262/0004-61","4-IMPLANTAÇÃO_DE_REDE_INTERNA","","Kit Cobertura Wi-Fi - 15 Access Points - Equip - MEGA - CO","1","25.330,63","25.330,63","Material","31/07/2026","4297","3901","Aprovado","Notas pendentes","1281","Não","5","Conectada","1783954375830x915990928125203700"
"52033457","19001","MEGA INFRA SOLUCOES EM INFRAESTRUTURA LTDA (Filial SP)","07.525.262/0004-61","4-IMPLANTAÇÃO_DE_REDE_INTERNA","","Kit Cobertura Wi-Fi - 15 Access Points - Equip - MEGA - CO","1","25.330,63","25.330,63","Material","31/07/2026","4297","3901","Aprovado","Notas pendentes","","Não","5","Em planejamento","1783954375883x833043090641269600"
"52047172","19001","MEGA INFRA SOLUCOES EM INFRAESTRUTURA LTDA (Filial SP)","07.525.262/0004-61","4-IMPLANTAÇÃO_DE_REDE_INTERNA","","Kit Cobertura Wi-Fi - 15 Access Points - Equip - MEGA - CO","1","25.330,63","25.330,63","Material","31/07/2026","4297","3901","Aprovado","Notas pendentes","","Não","5","Em planejamento","1783954375920x595685055141987700"
"52047172","19001","MEGA INFRA SOLUCOES EM INFRAESTRUTURA LTDA (Filial SP)","07.525.262/0004-61","4-IMPLANTAÇÃO_DE_REDE_INTERNA","","Access Point adicional Indoor - Equip - MEGA - CO","9","699,09","6.291,81","Material","31/07/2026","4297","3901","Aprovado","Notas pendentes","","Não","5","Em planejamento","1783954376209x413613702934584300"
"52033457","19001","MEGA INFRA SOLUCOES EM INFRAESTRUTURA LTDA (Filial SP)","07.525.262/0004-61","4-IMPLANTAÇÃO_DE_REDE_INTERNA","","Nobreak - Equip - MEGA - CO","1","1.491,72","1.491,72","Material","31/07/2026","4297","3901","Aprovado","Notas pendentes","","Não","5","Em planejamento","1783954376648x806558429883485300"
"52035280","19001","MEGA INFRA SOLUCOES EM INFRAESTRUTURA LTDA (Filial SP)","07.525.262/0004-61","4-IMPLANTAÇÃO_DE_REDE_INTERNA","","Nobreak - Equip - MEGA - CO","1","1.491,72","1.491,72","Material","31/07/2026","4297","3901","Aprovado","Notas pendentes","997","Não","5","Conectada","1783954376653x257787770707937900"
"52047202","19001","MEGA INFRA SOLUCOES EM INFRAESTRUTURA LTDA (Filial SP)","07.525.262/0004-61","4-IMPLANTAÇÃO_DE_REDE_INTERNA","","Nobreak - Equip - MEGA - CO","1","1.491,72","1.491,72","Material","31/07/2026","4297","3901","Aprovado","Notas pendentes","751","Não","5","Conectada","1783954376804x190708661168956130"
"52047172","19001","MEGA INFRA SOLUCOES EM INFRAESTRUTURA LTDA (Filial SP)","07.525.262/0004-61","4-IMPLANTAÇÃO_DE_REDE_INTERNA","","Nobreak - Equip - MEGA - CO","1","1.491,72","1.491,72","Material","31/07/2026","4297","3901","Aprovado","Notas pendentes","","Não","5","Em planejamento","1783954376811x690452312206557300"
"52033481","19001","MEGA INFRA SOLUCOES EM INFRAESTRUTURA LTDA (Filial SP)","07.525.262/0004-61","4-IMPLANTAÇÃO_DE_REDE_INTERNA","","Nobreak - Equip - MEGA - CO","1","1.491,72","1.491,72","Material","31/07/2026","4297","3901","Aprovado","Notas pendentes","1282","Não","5","Conectada","1783954376821x423888905728255300"
"35078773","19001","MEGA INFRA SOLUCOES EM INFRAESTRUTURA LTDA (Filial SP)","07.525.262/0004-61","4-IMPLANTAÇÃO_DE_REDE_INTERNA","","Kit Cobertura Wi-Fi - 12 Access Points - Equip - MEGA - SE","1","22.644,43","22.644,43","Material","31/07/2026","4298","3930","Aprovado","Notas pendentes","","Não","5","Em planejamento","1783954461450x679524622586861700"
"35091418","19001","MEGA INFRA SOLUCOES EM INFRAESTRUTURA LTDA (Filial SP)","07.525.262/0004-61","4-IMPLANTAÇÃO_DE_REDE_INTERNA","","Kit Cobertura Wi-Fi - 14 Access Points - Equip - MEGA - SE","1","25.116,90","25.116,90","Material","31/07/2026","4298","3930","Aprovado","Notas pendentes","","Não","5","Em planejamento","1783954462244x632505391349543300"
"35080226","19001","MEGA INFRA SOLUCOES EM INFRAESTRUTURA LTDA (Filial SP)","07.525.262/0004-61","4-IMPLANTAÇÃO_DE_REDE_INTERNA","","Kit Cobertura Wi-Fi - 12 Access Points - Equip - MEGA - SE","1","22.644,43","22.644,43","Material","31/07/2026","4298","3930","Aprovado","Notas pendentes","","Não","5","Em planejamento","1783954462598x692000557406556700"
"35061694","19001","MEGA INFRA SOLUCOES EM INFRAESTRUTURA LTDA (Filial SP)","07.525.262/0004-61","4-IMPLANTAÇÃO_DE_REDE_INTERNA","","Kit Cobertura Wi-Fi - 11 Access Points - Equip - MEGA - SE","1","21.408,19","21.408,19","Material","31/07/2026","4298","3930","Aprovado","Notas pendentes","","Não","5","Em planejamento","1783954462831x387589874286325950"
"35055426","19001","MEGA INFRA SOLUCOES EM INFRAESTRUTURA LTDA (Filial SP)","07.525.262/0004-61","4-IMPLANTAÇÃO_DE_REDE_INTERNA","","Nobreak - Equip - MEGA - SE","1","1.551,93","1.551,93","Material","31/07/2026","4298","3930","Aprovado","Notas pendentes","1184","Não","5","Conectada","1783954463788x730737378925570700"
"35087282","19001","MEGA INFRA SOLUCOES EM INFRAESTRUTURA LTDA (Filial SP)","07.525.262/0004-61","4-IMPLANTAÇÃO_DE_REDE_INTERNA","","Nobreak - Equip - MEGA - SE","1","1.551,93","1.551,93","Material","31/07/2026","4298","3930","Aprovado","Notas pendentes","1148","Não","5","Conectada","1783954463986x122931156455625470"
"35061694","19001","MEGA INFRA SOLUCOES EM INFRAESTRUTURA LTDA (Filial SP)","07.525.262/0004-61","4-IMPLANTAÇÃO_DE_REDE_INTERNA","","Nobreak - Equip - MEGA - SE","1","1.551,93","1.551,93","Material","31/07/2026","4298","3930","Aprovado","Notas pendentes","","Não","5","Em planejamento","1783954464011x129536696610817570"
"35078773","19001","MEGA INFRA SOLUCOES EM INFRAESTRUTURA LTDA (Filial SP)","07.525.262/0004-61","4-IMPLANTAÇÃO_DE_REDE_INTERNA","","Nobreak - Equip - MEGA - SE","1","1.551,93","1.551,93","Material","31/07/2026","4298","3930","Aprovado","Notas pendentes","","Não","5","Em planejamento","1783954464395x110388069520358290"
"35072230","19001","MEGA INFRA SOLUCOES EM INFRAESTRUTURA LTDA (Filial SP)","07.525.262/0004-61","4-IMPLANTAÇÃO_DE_REDE_INTERNA","","Nobreak - Equip - MEGA - SE","1","1.551,93","1.551,93","Material","31/07/2026","4298","3930","Aprovado","Notas pendentes","1251","Não","5","Conectada","1783954464445x326586146276282240"
"35080226","19001","MEGA INFRA SOLUCOES EM INFRAESTRUTURA LTDA (Filial SP)","07.525.262/0004-61","4-IMPLANTAÇÃO_DE_REDE_INTERNA","","Nobreak - Equip - MEGA - SE","1","1.551,93","1.551,93","Material","31/07/2026","4298","3930","Aprovado","Notas pendentes","","Não","5","Em planejamento","1783954464715x344806327114162560"
"35091418","19001","MEGA INFRA SOLUCOES EM INFRAESTRUTURA LTDA (Filial SP)","07.525.262/0004-61","4-IMPLANTAÇÃO_DE_REDE_INTERNA","","Nobreak - Equip - MEGA - SE","1","1.551,93","1.551,93","Material","31/07/2026","4298","3930","Aprovado","Notas pendentes","","Não","5","Em planejamento","1783954464729x889039034122896400"
"35094785","19001","MEGA INFRA SOLUCOES EM INFRAESTRUTURA LTDA (Filial SP)","07.525.262/0004-61","4-IMPLANTAÇÃO_DE_REDE_INTERNA","","Nobreak - Equip - MEGA - SE","1","1.551,93","1.551,93","Material","31/07/2026","4298","3930","Aprovado","Notas pendentes","934","Não","5","Conectada","1783954465063x523605955724943940"
"35225939","19001","MEGA INFRA SOLUCOES EM INFRAESTRUTURA LTDA (Filial SP)","07.525.262/0004-61","4-IMPLANTAÇÃO_DE_REDE_INTERNA","","Kit Cobertura Wi-Fi - 12 Access Points - Equip - MEGA - SE","1","22.644,43","22.644,43","Material","31/07/2026","4299","3931","Aprovado","Notas pendentes","1319","Não","5","Conectada","1783954788993x551463193547218940"
"35209557","19001","MEGA INFRA SOLUCOES EM INFRAESTRUTURA LTDA (Filial SP)","07.525.262/0004-61","4-IMPLANTAÇÃO_DE_REDE_INTERNA","","Kit Cobertura Wi-Fi - 8 Access Points - Equip - MEGA - SE","1","17.699,49","17.699,49","Material","31/07/2026","4299","3931","Aprovado","Notas pendentes","745","Não","5","Conectada","1783954789133x400928279982973900"
"35209557","19001","MEGA INFRA SOLUCOES EM INFRAESTRUTURA LTDA (Filial SP)","07.525.262/0004-61","4-IMPLANTAÇÃO_DE_REDE_INTERNA","","Nobreak - Equip - MEGA - SE","1","1.551,93","1.551,93","Material","31/07/2026","4299","3931","Aprovado","Notas pendentes","746","Não","5","Conectada","1783954789193x529175493734023600"
"35201054","19001","MEGA INFRA SOLUCOES EM INFRAESTRUTURA LTDA (Filial SP)","07.525.262/0004-61","4-IMPLANTAÇÃO_DE_REDE_INTERNA","","Nobreak - Equip - MEGA - SE","1","1.551,93","1.551,93","Material","31/07/2026","4299","3931","Aprovado","Notas pendentes","950","Não","5","Conectada","1783954789296x960613011845135200"
"35225939","19001","MEGA INFRA SOLUCOES EM INFRAESTRUTURA LTDA (Filial SP)","07.525.262/0004-61","4-IMPLANTAÇÃO_DE_REDE_INTERNA","","Nobreak - Equip - MEGA - SE","1","1.551,93","1.551,93","Material","31/07/2026","4299","3931","Aprovado","Notas pendentes","1321","Não","5","Conectada","1783954789351x661801330822444400"
"35278312","19001","MEGA INFRA SOLUCOES EM INFRAESTRUTURA LTDA (Filial SP)","07.525.262/0004-61","4-IMPLANTAÇÃO_DE_REDE_INTERNA","","Kit Cobertura Wi-Fi - 9 Access Points - Equip - MEGA - SE","1","18.935,73","18.935,73","Material","31/07/2026","4299","3931","Aprovado","Notas pendentes","","Não","5","Conectada","1783954789373x611252430494380100"
"35278312","19001","MEGA INFRA SOLUCOES EM INFRAESTRUTURA LTDA (Filial SP)","07.525.262/0004-61","4-IMPLANTAÇÃO_DE_REDE_INTERNA","","Nobreak - Equip - MEGA - SE","1","1.551,93","1.551,93","Material","31/07/2026","4299","3931","Aprovado","Notas pendentes","","Não","5","Conectada","1783954789544x931655730281506600"
"35201959","19001","MEGA INFRA SOLUCOES EM INFRAESTRUTURA LTDA (Filial SP)","07.525.262/0004-61","4-IMPLANTAÇÃO_DE_REDE_INTERNA","","Kit Cobertura Wi-Fi - 12 Access Points - Equip - MEGA - SE","1","22.644,43","22.644,43","Material","31/07/2026","4300","3932","Aprovado","Notas pendentes","","Não","5","Em planejamento","1783954824004x772902509769099400"
"35207779","19001","MEGA INFRA SOLUCOES EM INFRAESTRUTURA LTDA (Filial SP)","07.525.262/0004-61","4-IMPLANTAÇÃO_DE_REDE_INTERNA","","Kit Cobertura Wi-Fi - 13 Access Points - Equip - MEGA - SE","1","23.880,66","23.880,66","Material","31/07/2026","4300","3932","Aprovado","Notas pendentes","","Não","5","Em planejamento","1783954824963x560852643235206600"
"35229568","19001","MEGA INFRA SOLUCOES EM INFRAESTRUTURA LTDA (Filial SP)","07.525.262/0004-61","4-IMPLANTAÇÃO_DE_REDE_INTERNA","","Kit Cobertura Wi-Fi - 15 Access Points - Equip - MEGA - SE","1","26.353,13","26.353,13","Material","31/07/2026","4300","3932","Aprovado","Notas pendentes","968","Não","5","Conectada","1783954825364x540848562270615600"
"35098735","19001","MEGA INFRA SOLUCOES EM INFRAESTRUTURA LTDA (Filial SP)","07.525.262/0004-61","4-IMPLANTAÇÃO_DE_REDE_INTERNA","","Nobreak - Equip - MEGA - SE","1","1.551,93","1.551,93","Material","31/07/2026","4300","3932","Aprovado","Notas pendentes","959","Não","5","Conectada","1783954826294x723042660621718100"
"35201959","19001","MEGA INFRA SOLUCOES EM INFRAESTRUTURA LTDA (Filial SP)","07.525.262/0004-61","4-IMPLANTAÇÃO_DE_REDE_INTERNA","","Nobreak - Equip - MEGA - SE","1","1.551,93","1.551,93","Material","31/07/2026","4300","3932","Aprovado","Notas pendentes","","Não","5","Em planejamento","1783954826506x508745072538500100"
"35207056","19001","MEGA INFRA SOLUCOES EM INFRAESTRUTURA LTDA (Filial SP)","07.525.262/0004-61","4-IMPLANTAÇÃO_DE_REDE_INTERNA","","Nobreak - Equip - MEGA - SE","1","1.551,93","1.551,93","Material","31/07/2026","4300","3932","Aprovado","Notas pendentes","966","Não","5","Conectada","1783954826874x531293685590311900"
"35207779","19001","MEGA INFRA SOLUCOES EM INFRAESTRUTURA LTDA (Filial SP)","07.525.262/0004-61","4-IMPLANTAÇÃO_DE_REDE_INTERNA","","Nobreak - Equip - MEGA - SE","1","1.551,93","1.551,93","Material","31/07/2026","4300","3932","Aprovado","Notas pendentes","","Não","5","Em planejamento","1783954827035x377047277833769500"
"35207822","19001","MEGA INFRA SOLUCOES EM INFRAESTRUTURA LTDA (Filial SP)","07.525.262/0004-61","4-IMPLANTAÇÃO_DE_REDE_INTERNA","","Nobreak - Equip - MEGA - SE","1","1.551,93","1.551,93","Material","31/07/2026","4300","3932","Aprovado","Notas pendentes","1351","Não","5","Conectada","1783954827840x847184876080179200"
"35207834","19001","MEGA INFRA SOLUCOES EM INFRAESTRUTURA LTDA (Filial SP)","07.525.262/0004-61","4-IMPLANTAÇÃO_DE_REDE_INTERNA","","Nobreak - Equip - MEGA - SE","1","1.551,93","1.551,93","Material","31/07/2026","4300","3932","Aprovado","Notas pendentes","","Não","5","Conectada","1783954828230x735965011713444900"
"35207861","19001","MEGA INFRA SOLUCOES EM INFRAESTRUTURA LTDA (Filial SP)","07.525.262/0004-61","4-IMPLANTAÇÃO_DE_REDE_INTERNA","","Nobreak - Equip - MEGA - SE","1","1.551,93","1.551,93","Material","31/07/2026","4300","3932","Aprovado","Notas pendentes","696","Não","5","Conectada","1783954828438x774231362949561900"
"35229568","19001","MEGA INFRA SOLUCOES EM INFRAESTRUTURA LTDA (Filial SP)","07.525.262/0004-61","4-IMPLANTAÇÃO_DE_REDE_INTERNA","","Nobreak - Equip - MEGA - SE","1","1.551,93","1.551,93","Material","31/07/2026","4300","3932","Aprovado","Notas pendentes","969","Não","5","Conectada","1783954828653x657247219114866800"
"53002512","19001","MEGA INFRA SOLUCOES EM INFRAESTRUTURA LTDA (Filial SP)","07.525.262/0004-61","4-IMPLANTAÇÃO_DE_REDE_INTERNA","","Nobreak - Equip - MEGA - CO","1","1.491,72","1.491,72","Material","31/07/2026","4302","3902","Aprovado","Notas pendentes","","Não","5","Em planejamento","1783962555296x786467136666150100"
"53006232","19001","MEGA INFRA SOLUCOES EM INFRAESTRUTURA LTDA (Filial SP)","07.525.262/0004-61","4-IMPLANTAÇÃO_DE_REDE_INTERNA","","Nobreak - Equip - MEGA - CO","1","1.491,72","1.491,72","Material","31/07/2026","4302","3902","Aprovado","Notas pendentes","","Não","5","Em planejamento","1783962555345x110029440206465440"
"53004264","19001","MEGA INFRA SOLUCOES EM INFRAESTRUTURA LTDA (Filial SP)","07.525.262/0004-61","4-IMPLANTAÇÃO_DE_REDE_INTERNA","","Kit Cobertura Wi-Fi - 13 Access Points - Equip - MEGA - CO","1","22.954,09","22.954,09","Material","31/07/2026","4302","3902","Aprovado","Notas pendentes","567","Não","5","Conectada","1783962555341x355721196204058500"
"53012046","19001","MEGA INFRA SOLUCOES EM INFRAESTRUTURA LTDA (Filial SP)","07.525.262/0004-61","4-IMPLANTAÇÃO_DE_REDE_INTERNA","","Kit Cobertura Wi-Fi - 13 Access Points - Equip - MEGA - CO","1","22.954,09","22.954,09","Material","31/07/2026","5121","4675","Aprovado","","1108","Não","5","Conectada","1783962555454x782193576912595800"
"53012089","19001","MEGA INFRA SOLUCOES EM INFRAESTRUTURA LTDA (Filial SP)","07.525.262/0004-61","4-IMPLANTAÇÃO_DE_REDE_INTERNA","","Kit Cobertura Wi-Fi - 12 Access Points - Equip - MEGA - CO","1","21.765,83","21.765,83","Material","31/07/2026","4302","3902","Aprovado","Notas pendentes","718","Não","5","Conectada","1783962555528x572834329717949250"
"53008600","19001","MEGA INFRA SOLUCOES EM INFRAESTRUTURA LTDA (Filial SP)","07.525.262/0004-61","4-IMPLANTAÇÃO_DE_REDE_INTERNA","","Kit Cobertura Wi-Fi - 12 Access Points - Equip - MEGA - CO","1","21.765,83","21.765,83","Material","31/07/2026","4302","3902","Aprovado","Notas pendentes","761","Não","5","Conectada","1783962556150x285878534462155700"
"53006232","19001","MEGA INFRA SOLUCOES EM INFRAESTRUTURA LTDA (Filial SP)","07.525.262/0004-61","4-IMPLANTAÇÃO_DE_REDE_INTERNA","","Kit Cobertura Wi-Fi - 8 Access Points - Equip - MEGA - CO","1","17.012,75","17.012,75","Material","31/07/2026","4848","4362","Aprovado","Nota Fiscal","","Não","5","Em planejamento","1783962556212x548608319380947650"
"53002997","19001","MEGA INFRA SOLUCOES EM INFRAESTRUTURA LTDA (Filial SP)","07.525.262/0004-61","4-IMPLANTAÇÃO_DE_REDE_INTERNA","","Nobreak - Equip - MEGA - CO","1","1.491,72","1.491,72","Material","31/07/2026","4302","3902","Aprovado","Notas pendentes","","Não","5","Em planejamento","1783962556241x517888597441861440"
"53005120","19001","MEGA INFRA SOLUCOES EM INFRAESTRUTURA LTDA (Filial SP)","07.525.262/0004-61","4-IMPLANTAÇÃO_DE_REDE_INTERNA","","Nobreak - Equip - MEGA - CO","1","1.491,72","1.491,72","Material","31/07/2026","5122","4676","Aprovado","","1134","Não","5","Conectada","1783962556274x999559403988058900"
"53004264","19001","MEGA INFRA SOLUCOES EM INFRAESTRUTURA LTDA (Filial SP)","07.525.262/0004-61","4-IMPLANTAÇÃO_DE_REDE_INTERNA","","Nobreak - Equip - MEGA - CO","1","1.491,72","1.491,72","Material","31/07/2026","4302","3902","Aprovado","Notas pendentes","568","Não","5","Conectada","1783962556637x312627214412315900"
"53012089","19001","MEGA INFRA SOLUCOES EM INFRAESTRUTURA LTDA (Filial SP)","07.525.262/0004-61","4-IMPLANTAÇÃO_DE_REDE_INTERNA","","Nobreak - Equip - MEGA - CO","1","1.491,72","1.491,72","Material","31/07/2026","4302","3902","Aprovado","Notas pendentes","717","Não","5","Conectada","1783962557521x256871953670816400"
"53008600","19001","MEGA INFRA SOLUCOES EM INFRAESTRUTURA LTDA (Filial SP)","07.525.262/0004-61","4-IMPLANTAÇÃO_DE_REDE_INTERNA","","Nobreak - Equip - MEGA - CO","1","1.491,72","1.491,72","Material","31/07/2026","4302","3902","Aprovado","Notas pendentes","763","Não","5","Conectada","1783962558227x666862651082150300"
"53012046","19001","MEGA INFRA SOLUCOES EM INFRAESTRUTURA LTDA (Filial SP)","07.525.262/0004-61","4-IMPLANTAÇÃO_DE_REDE_INTERNA","","Nobreak - Equip - MEGA - CO","1","1.491,72","1.491,72","Material","31/07/2026","5125","4679","Aprovado","","1109","Não","5","Conectada","1783962558230x174304288997782620"
"53016793","19001","MEGA INFRA SOLUCOES EM INFRAESTRUTURA LTDA (Filial SP)","07.525.262/0004-61","4-IMPLANTAÇÃO_DE_REDE_INTERNA","","Kit Cobertura Wi-Fi - 12 Access Points - Equip - MEGA - CO","1","21.765,83","21.765,83","Material","31/07/2026","4303","3903","Aprovado","Notas pendentes","883","Não","5","Conectada","1783963143121x129089356772684740"
"53068106","19001","MEGA INFRA SOLUCOES EM INFRAESTRUTURA LTDA (Filial SP)","07.525.262/0004-61","4-IMPLANTAÇÃO_DE_REDE_INTERNA","","Kit Cobertura Wi-Fi - 15 Access Points - Equip - MEGA - CO","1","25.330,63","25.330,63","Material","31/07/2026","4303","3903","Aprovado","Notas pendentes","596","Não","5","Conectada","1783963143367x979037193639811200"
"53011562","19001","MEGA INFRA SOLUCOES EM INFRAESTRUTURA LTDA (Filial SP)","07.525.262/0004-61","4-IMPLANTAÇÃO_DE_REDE_INTERNA","","Kit Cobertura Wi-Fi - 11 Access Points - Equip - MEGA - CO","1","20.577,55","20.577,55","Material","31/07/2026","5123","4677","Aprovado","","1099","Não","5","Conectada","1783963143476x103461695293076700"
"53010000","19001","MEGA INFRA SOLUCOES EM INFRAESTRUTURA LTDA (Filial SP)","07.525.262/0004-61","4-IMPLANTAÇÃO_DE_REDE_INTERNA","","Nobreak - Equip - MEGA - CO","1","1.491,72","1.491,72","Material","31/07/2026","4303","3903","Aprovado","Notas pendentes","","Não","5","Conectada","1783963143547x813021360086946400"
"53009754","19001","MEGA INFRA SOLUCOES EM INFRAESTRUTURA LTDA (Filial SP)","07.525.262/0004-61","4-IMPLANTAÇÃO_DE_REDE_INTERNA","","Nobreak - Equip - MEGA - CO","1","1.491,72","1.491,72","Material","31/07/2026","4303","3903","Aprovado","Notas pendentes","","Não","5","Em planejamento","1783963143584x554065434134440000"
"53068050","19001","MEGA INFRA SOLUCOES EM INFRAESTRUTURA LTDA (Filial SP)","07.525.262/0004-61","4-IMPLANTAÇÃO_DE_REDE_INTERNA","","Nobreak - Equip - MEGA - CO","1","1.491,72","1.491,72","Material","31/07/2026","4303","3903","Aprovado","Notas pendentes","921","Não","5","Conectada","1783963143902x529679439152293000"
"53011562","19001","MEGA INFRA SOLUCOES EM INFRAESTRUTURA LTDA (Filial SP)","07.525.262/0004-61","4-IMPLANTAÇÃO_DE_REDE_INTERNA","","Nobreak - Equip - MEGA - CO","1","1.491,72","1.491,72","Material","31/07/2026","5124","4678","Aprovado","","1100","Não","5","Conectada","1783963143957x706742464805052700"
"53014600","19001","MEGA INFRA SOLUCOES EM INFRAESTRUTURA LTDA (Filial SP)","07.525.262/0004-61","4-IMPLANTAÇÃO_DE_REDE_INTERNA","","Nobreak - Equip - MEGA - CO","1","1.491,72","1.491,72","Material","31/07/2026","4303","3903","Aprovado","Notas pendentes","1024","Não","5","Conectada","1783963144196x380133134815199940"
"53068106","19001","MEGA INFRA SOLUCOES EM INFRAESTRUTURA LTDA (Filial SP)","07.525.262/0004-61","4-IMPLANTAÇÃO_DE_REDE_INTERNA","","Nobreak - Equip - MEGA - CO","1","1.491,72","1.491,72","Material","31/07/2026","4303","3903","Aprovado","Notas pendentes","600","Não","5","Conectada","1783963144258x727444981271833100"
"53016793","19001","MEGA INFRA SOLUCOES EM INFRAESTRUTURA LTDA (Filial SP)","07.525.262/0004-61","4-IMPLANTAÇÃO_DE_REDE_INTERNA","","Nobreak - Equip - MEGA - CO","1","1.491,72","1.491,72","Material","31/07/2026","4303","3903","Aprovado","Notas pendentes","885","Não","5","Conectada","1783963144490x990734391410327400"
"53012038","19001","MEGA INFRA SOLUCOES EM INFRAESTRUTURA LTDA (Filial SP)","07.525.262/0004-61","4-IMPLANTAÇÃO_DE_REDE_INTERNA","","Nobreak - Equip - MEGA - CO","1","1.491,72","1.491,72","Material","31/07/2026","4303","3903","Aprovado","Notas pendentes","","Não","5","Em planejamento","1783963144686x342160070755381400"
"53009185","19001","MEGA INFRA SOLUCOES EM INFRAESTRUTURA LTDA (Filial SP)","07.525.262/0004-61","4-IMPLANTAÇÃO_DE_REDE_INTERNA","","Kit Cobertura Wi-Fi - 12 Access Points - Equip - MEGA - CO","1","21.765,83","21.765,83","Material","31/07/2026","4304","3904","Aprovado","Notas pendentes","","Não","5","Em planejamento","1783963832813x814123610643920300"
"53008464","19001","MEGA INFRA SOLUCOES EM INFRAESTRUTURA LTDA (Filial SP)","07.525.262/0004-61","4-IMPLANTAÇÃO_DE_REDE_INTERNA","","Kit Cobertura Wi-Fi - 15 Access Points - Equip - MEGA - CO","1","25.330,63","25.330,63","Material","31/07/2026","4304","3904","Aprovado","Notas pendentes","1362","Não","5","Conectada","1783963832834x868403918542912900"
"53008081","19001","MEGA INFRA SOLUCOES EM INFRAESTRUTURA LTDA (Filial SP)","07.525.262/0004-61","4-IMPLANTAÇÃO_DE_REDE_INTERNA","","Kit Cobertura Wi-Fi - 11 Access Points - Equip - MEGA - CO","1","20.577,55","20.577,55","Material","31/07/2026","4304","3904","Aprovado","Notas pendentes","802","Não","5","Conectada","1783963833012x742125445561836500"
"53006763","19001","MEGA INFRA SOLUCOES EM INFRAESTRUTURA LTDA (Filial SP)","07.525.262/0004-61","4-IMPLANTAÇÃO_DE_REDE_INTERNA","","Nobreak - Equip - MEGA - CO","1","1.491,72","1.491,72","Material","31/07/2026","4304","3904","Aprovado","Notas pendentes","","Não","5","Conectada","1783963834152x320080219235516540"
"53008081","19001","MEGA INFRA SOLUCOES EM INFRAESTRUTURA LTDA (Filial SP)","07.525.262/0004-61","4-IMPLANTAÇÃO_DE_REDE_INTERNA","","Nobreak - Equip - MEGA - CO","1","1.491,72","1.491,72","Material","31/07/2026","4304","3904","Aprovado","Notas pendentes","804","Não","5","Conectada","1783963834306x227082117648004000"
"53006771","19001","MEGA INFRA SOLUCOES EM INFRAESTRUTURA LTDA (Filial SP)","07.525.262/0004-61","4-IMPLANTAÇÃO_DE_REDE_INTERNA","","Nobreak - Equip - MEGA - CO","1","1.491,72","1.491,72","Material","31/07/2026","4304","3904","Aprovado","Notas pendentes","","Não","5","Em planejamento","1783963834789x449262216879879400"
"53005970","19001","MEGA INFRA SOLUCOES EM INFRAESTRUTURA LTDA (Filial SP)","07.525.262/0004-61","4-IMPLANTAÇÃO_DE_REDE_INTERNA","","Nobreak - Equip - MEGA - CO","1","1.491,72","1.491,72","Material","31/07/2026","4304","3904","Aprovado","Notas pendentes","","Não","5","Em planejamento","1783963835082x976393673838716400"
"53006011","19001","MEGA INFRA SOLUCOES EM INFRAESTRUTURA LTDA (Filial SP)","07.525.262/0004-61","4-IMPLANTAÇÃO_DE_REDE_INTERNA","","Nobreak - Equip - MEGA - CO","1","1.491,72","1.491,72","Material","31/07/2026","4304","3904","Aprovado","Notas pendentes","","Não","5","Conectada","1783963835287x719516904653508400"
"53009185","19001","MEGA INFRA SOLUCOES EM INFRAESTRUTURA LTDA (Filial SP)","07.525.262/0004-61","4-IMPLANTAÇÃO_DE_REDE_INTERNA","","Nobreak - Equip - MEGA - CO","1","1.491,72","1.491,72","Material","31/07/2026","4304","3904","Aprovado","Notas pendentes","","Não","5","Em planejamento","1783963835811x414849294510499140"
"53009150","19001","MEGA INFRA SOLUCOES EM INFRAESTRUTURA LTDA (Filial SP)","07.525.262/0004-61","4-IMPLANTAÇÃO_DE_REDE_INTERNA","","Nobreak - Equip - MEGA - CO","1","1.491,72","1.491,72","Material","31/07/2026","4304","3904","Aprovado","Notas pendentes","881","Não","5","Conectada","1783963835913x712837887090488800"
"53005090","19001","MEGA INFRA SOLUCOES EM INFRAESTRUTURA LTDA (Filial SP)","07.525.262/0004-61","4-IMPLANTAÇÃO_DE_REDE_INTERNA","","Nobreak - Equip - MEGA - CO","1","1.491,72","1.491,72","Material","31/07/2026","4306","3905","Aprovado","Notas pendentes","","Não","5","Conectada","1783964171019x321204718824597000"
"53003608","19001","MEGA INFRA SOLUCOES EM INFRAESTRUTURA LTDA (Filial SP)","07.525.262/0004-61","4-IMPLANTAÇÃO_DE_REDE_INTERNA","","Kit Cobertura Wi-Fi - 15 Access Points - Equip - MEGA - CO","1","25.330,63","25.330,63","Material","31/07/2026","4306","3905","Aprovado","Notas pendentes","796","Não","5","Conectada","1783964171079x980091548615517700"
"53002814","19001","MEGA INFRA SOLUCOES EM INFRAESTRUTURA LTDA (Filial SP)","07.525.262/0004-61","4-IMPLANTAÇÃO_DE_REDE_INTERNA","","Nobreak - Equip - MEGA - CO","1","1.491,72","1.491,72","Material","31/07/2026","4306","3905","Aprovado","Notas pendentes","1209","Não","5","Conectada","1783964171238x885919846681339100"
"53003608","19001","MEGA INFRA SOLUCOES EM INFRAESTRUTURA LTDA (Filial SP)","07.525.262/0004-61","4-IMPLANTAÇÃO_DE_REDE_INTERNA","","Nobreak - Equip - MEGA - CO","1","1.491,72","1.491,72","Material","31/07/2026","4306","3905","Aprovado","Notas pendentes","799","Não","5","Conectada","1783964171399x482088106136391300"
"35278270","19001","MEGA INFRA SOLUCOES EM INFRAESTRUTURA LTDA (Filial SP)","07.525.262/0004-61","4-IMPLANTAÇÃO_DE_REDE_INTERNA","","Nobreak - Equip - MEGA - SE","1","1.551,93","1.551,93","Material","31/07/2026","4308","3923","Aprovado","Notas pendentes","1450","Não","5","Conectada","1783965327734x524671107170529040"
"35296521","19001","MEGA INFRA SOLUCOES EM INFRAESTRUTURA LTDA (Filial SP)","07.525.262/0004-61","4-IMPLANTAÇÃO_DE_REDE_INTERNA","","Kit Cobertura Wi-Fi - 14 Access Points - Equip - MEGA - SE","1","25.116,90","25.116,90","Material","31/07/2026","4308","3923","Aprovado","Notas pendentes","","Não","5","Em planejamento","1783965327735x168165217827367360"
"35271147","19001","MEGA INFRA SOLUCOES EM INFRAESTRUTURA LTDA (Filial SP)","07.525.262/0004-61","4-IMPLANTAÇÃO_DE_REDE_INTERNA","","Kit Cobertura Wi-Fi - 12 Access Points - Equip - MEGA - SE","1","22.644,43","22.644,43","Material","31/07/2026","4308","3923","Aprovado","Notas pendentes","","Não","5","Conectada","1783965327801x590100655977790800"
"35271147","19001","MEGA INFRA SOLUCOES EM INFRAESTRUTURA LTDA (Filial SP)","07.525.262/0004-61","4-IMPLANTAÇÃO_DE_REDE_INTERNA","","Nobreak - Equip - MEGA - SE","1","1.551,93","1.551,93","Material","31/07/2026","4308","3923","Aprovado","Notas pendentes","","Não","5","Conectada","1783965327815x375118863932093500"
"35233894","19001","MEGA INFRA SOLUCOES EM INFRAESTRUTURA LTDA (Filial SP)","07.525.262/0004-61","4-IMPLANTAÇÃO_DE_REDE_INTERNA","","Nobreak - Equip - MEGA - SE","1","1.551,93","1.551,93","Material","31/07/2026","4308","3923","Aprovado","Notas pendentes","742","Não","5","Conectada","1783965328011x628266957280492000"
"35249312","19001","MEGA INFRA SOLUCOES EM INFRAESTRUTURA LTDA (Filial SP)","07.525.262/0004-61","4-IMPLANTAÇÃO_DE_REDE_INTERNA","","Nobreak - Equip - MEGA - SE","1","1.551,93","1.551,93","Material","31/07/2026","4308","3923","Aprovado","Notas pendentes","1169","Não","5","Conectada","1783965328402x711804414075891100"
"35005336","19001","MEGA INFRA SOLUCOES EM INFRAESTRUTURA LTDA (Filial SP)","07.525.262/0004-61","4-IMPLANTAÇÃO_DE_REDE_INTERNA","","Nobreak - Equip - MEGA - SE","1","1.551,93","1.551,93","Material","31/07/2026","4308","3923","Aprovado","Notas pendentes","582","Não","5","Conectada","1783965328541x188779882689190660"
"35005336","19001","MEGA INFRA SOLUCOES EM INFRAESTRUTURA LTDA (Filial SP)","07.525.262/0004-61","4-IMPLANTAÇÃO_DE_REDE_INTERNA","","Kit Cobertura Wi-Fi - 14 Access Points - Equip - MEGA - SE","1","25.116,90","25.116,90","Material","31/07/2026","4308","3923","Aprovado","Notas pendentes","581","Não","5","Conectada","1783965328641x899803717190193000"
"35249798","19001","MEGA INFRA SOLUCOES EM INFRAESTRUTURA LTDA (Filial SP)","07.525.262/0004-61","4-IMPLANTAÇÃO_DE_REDE_INTERNA","","Nobreak - Equip - MEGA - SE","1","1.551,93","1.551,93","Material","31/07/2026","4308","3923","Aprovado","Notas pendentes","","Não","5","Em planejamento","1783965328784x930931611677814800"
"35339982","19001","MEGA INFRA SOLUCOES EM INFRAESTRUTURA LTDA (Filial SP)","07.525.262/0004-61","4-IMPLANTAÇÃO_DE_REDE_INTERNA","","Nobreak - Equip - MEGA - SE","1","1.551,93","1.551,93","Material","31/07/2026","4308","3923","Aprovado","Notas pendentes","","Não","5","Em planejamento","1783965329087x468901944013176300"
"35249798","19001","MEGA INFRA SOLUCOES EM INFRAESTRUTURA LTDA (Filial SP)","07.525.262/0004-61","4-IMPLANTAÇÃO_DE_REDE_INTERNA","","Kit Cobertura Wi-Fi - 12 Access Points - Equip - MEGA - SE","1","22.644,43","22.644,43","Material","31/07/2026","4308","3923","Aprovado","Notas pendentes","","Não","5","Em planejamento","1783965329157x263431638661286270"
"35296521","19001","MEGA INFRA SOLUCOES EM INFRAESTRUTURA LTDA (Filial SP)","07.525.262/0004-61","4-IMPLANTAÇÃO_DE_REDE_INTERNA","","Nobreak - Equip - MEGA - SE","1","1.551,93","1.551,93","Material","31/07/2026","4308","3923","Aprovado","Notas pendentes","","Não","5","Em planejamento","1783965329187x419857851594592800"
"35278270","19001","MEGA INFRA SOLUCOES EM INFRAESTRUTURA LTDA (Filial SP)","07.525.262/0004-61","4-IMPLANTAÇÃO_DE_REDE_INTERNA","","Kit Cobertura Wi-Fi - 11 Access Points - Equip - MEGA - SE","1","21.408,19","21.408,19","Material","31/07/2026","4308","3923","Aprovado","Notas pendentes","1449","Não","5","Conectada","1783965329413x407308385886397300"
"35419357","19001","MEGA INFRA SOLUCOES EM INFRAESTRUTURA LTDA (Filial SP)","07.525.262/0004-61","4-IMPLANTAÇÃO_DE_REDE_INTERNA","","Nobreak - Equip - MEGA - SE","1","1.551,93","1.551,93","Material","31/07/2026","4951","4558","Aprovado","","1271","Não","5","Conectada","1783967543580x794733930781364100"
"35350989","19001","MEGA INFRA SOLUCOES EM INFRAESTRUTURA LTDA (Filial SP)","07.525.262/0004-61","4-IMPLANTAÇÃO_DE_REDE_INTERNA","","Kit Cobertura Wi-Fi - 13 Access Points - Equip - MEGA - SE","1","23.880,66","23.880,66","Material","31/07/2026","4311","3933","Aprovado","Notas pendentes","","Não","5","Em planejamento","1783967544239x928974688308035200"
"35006343","19001","MEGA INFRA SOLUCOES EM INFRAESTRUTURA LTDA (Filial SP)","07.525.262/0004-61","4-IMPLANTAÇÃO_DE_REDE_INTERNA","","Nobreak - Equip - MEGA - SE","1","1.551,93","1.551,93","Material","31/07/2026","4311","3933","Aprovado","Notas pendentes","","Não","5","Em planejamento","1783967544715x675716278218574400"
"35009449","19001","MEGA INFRA SOLUCOES EM INFRAESTRUTURA LTDA (Filial SP)","07.525.262/0004-61","4-IMPLANTAÇÃO_DE_REDE_INTERNA","","Nobreak - Equip - MEGA - SE","1","1.551,93","1.551,93","Material","31/07/2026","4311","3933","Aprovado","Notas pendentes","","Não","5","Em planejamento","1783967544946x677935203228256000"
"35417051","19001","MEGA INFRA SOLUCOES EM INFRAESTRUTURA LTDA (Filial SP)","07.525.262/0004-61","4-IMPLANTAÇÃO_DE_REDE_INTERNA","","Nobreak - Equip - MEGA - SE","1","1.551,93","1.551,93","Material","31/07/2026","4311","3933","Aprovado","Notas pendentes","","Não","5","Conectada","1783967545426x476634584403713660"
"35400051","19001","MEGA INFRA SOLUCOES EM INFRAESTRUTURA LTDA (Filial SP)","07.525.262/0004-61","4-IMPLANTAÇÃO_DE_REDE_INTERNA","","Nobreak - Equip - MEGA - SE","1","1.551,93","1.551,93","Material","31/07/2026","4311","3933","Aprovado","Notas pendentes","1307","Não","5","Conectada","1783967545825x334507068861359360"
"35369299","19001","MEGA INFRA SOLUCOES EM INFRAESTRUTURA LTDA (Filial SP)","07.525.262/0004-61","4-IMPLANTAÇÃO_DE_REDE_INTERNA","","Kit Cobertura Wi-Fi - 11 Access Points - Equip - MEGA - SE","1","21.408,19","21.408,19","Material","31/07/2026","4311","3933","Aprovado","Notas pendentes","","Não","5","Em planejamento","1783967545945x317972858876135700"
"35369299","19001","MEGA INFRA SOLUCOES EM INFRAESTRUTURA LTDA (Filial SP)","07.525.262/0004-61","4-IMPLANTAÇÃO_DE_REDE_INTERNA","","Nobreak - Equip - MEGA - SE","1","1.551,93","1.551,93","Material","31/07/2026","4311","3933","Aprovado","Notas pendentes","","Não","5","Em planejamento","1783967546137x786439758607549000"
"35009449","19001","MEGA INFRA SOLUCOES EM INFRAESTRUTURA LTDA (Filial SP)","07.525.262/0004-61","4-IMPLANTAÇÃO_DE_REDE_INTERNA","","Kit Cobertura Wi-Fi - 12 Access Points - Equip - MEGA - SE","1","22.644,43","22.644,43","Material","31/07/2026","4311","3933","Aprovado","Notas pendentes","","Não","5","Em planejamento","1783967546761x147847864828144060"
"35408566","19001","MEGA INFRA SOLUCOES EM INFRAESTRUTURA LTDA (Filial SP)","07.525.262/0004-61","4-IMPLANTAÇÃO_DE_REDE_INTERNA","","Nobreak - Equip - MEGA - SE","1","1.551,93","1.551,93","Material","31/07/2026","4311","3933","Aprovado","Notas pendentes","817","Não","5","Conectada","1783967547043x914822538959519000"
"35350989","19001","MEGA INFRA SOLUCOES EM INFRAESTRUTURA LTDA (Filial SP)","07.525.262/0004-61","4-IMPLANTAÇÃO_DE_REDE_INTERNA","","Nobreak - Equip - MEGA - SE","1","1.551,93","1.551,93","Material","31/07/2026","4311","3933","Aprovado","Notas pendentes","","Não","5","Em planejamento","1783967547109x299174602215234200"
"35010361","19001","MEGA INFRA SOLUCOES EM INFRAESTRUTURA LTDA (Filial SP)","07.525.262/0004-61","4-IMPLANTAÇÃO_DE_REDE_INTERNA","","Kit Cobertura Wi-Fi - 13 Access Points - Equip - MEGA - SE","1","23.880,66","23.880,66","Material","31/07/2026","4312","3934","Aprovado","Notas pendentes","","Não","5","Em planejamento","1783967759310x424269999175435260"
"35053314","19001","MEGA INFRA SOLUCOES EM INFRAESTRUTURA LTDA (Filial SP)","07.525.262/0004-61","4-IMPLANTAÇÃO_DE_REDE_INTERNA","","Kit Cobertura Wi-Fi - 11 Access Points - Equip - MEGA - SE","1","21.408,19","21.408,19","Material","31/07/2026","4312","3934","Aprovado","Notas pendentes","","Não","5","Em planejamento","1783967759371x104253044541503520"
"35053314","19001","MEGA INFRA SOLUCOES EM INFRAESTRUTURA LTDA (Filial SP)","07.525.262/0004-61","4-IMPLANTAÇÃO_DE_REDE_INTERNA","","Nobreak - Equip - MEGA - SE","1","1.551,93","1.551,93","Material","31/07/2026","4312","3934","Aprovado","Notas pendentes","","Não","5","Em planejamento","1783967759872x279959128847517600"
"35010361","19001","MEGA INFRA SOLUCOES EM INFRAESTRUTURA LTDA (Filial SP)","07.525.262/0004-61","4-IMPLANTAÇÃO_DE_REDE_INTERNA","","Nobreak - Equip - MEGA - SE","1","1.551,93","1.551,93","Material","31/07/2026","4312","3934","Aprovado","Notas pendentes","","Não","5","Em planejamento","1783967759870x960680522765138400"
"35056285","19001","MEGA INFRA SOLUCOES EM INFRAESTRUTURA LTDA (Filial SP)","07.525.262/0004-61","4-IMPLANTAÇÃO_DE_REDE_INTERNA","","Nobreak - Equip - MEGA - SE","1","1.551,93","1.551,93","Material","31/07/2026","4312","3934","Aprovado","Notas pendentes","849","Não","5","Conectada","1783967759976x194347427697606500"
"35191280","19001","MEGA INFRA SOLUCOES EM INFRAESTRUTURA LTDA (Filial SP)","07.525.262/0004-61","4-IMPLANTAÇÃO_DE_REDE_INTERNA","","Nobreak - Equip - MEGA - SE","1","1.551,93","1.551,93","Material","31/07/2026","4312","3934","Aprovado","Notas pendentes","1298","Não","5","Conectada","1783967760111x741205469810778100"
"35195832","19001","MEGA INFRA SOLUCOES EM INFRAESTRUTURA LTDA (Filial SP)","07.525.262/0004-61","4-IMPLANTAÇÃO_DE_REDE_INTERNA","","Nobreak - Equip - MEGA - SE","1","1.551,93","1.551,93","Material","31/07/2026","4312","3934","Aprovado","Notas pendentes","1051","Não","5","Conectada","1783967760112x781650486611271700"
"17057329","19001","MEGA INFRA SOLUCOES EM INFRAESTRUTURA LTDA (Filial SP)","07.525.262/0004-61","4-IMPLANTAÇÃO_DE_REDE_INTERNA","","Nobreak - Equip - MEGA - NO","1","1.491,72","1.491,72","Material","31/07/2026","4366","3944","Aprovado","","603","Não","5","Conectada","1784134900082x621406530236546600"
"17057329","19001","MEGA INFRA SOLUCOES EM INFRAESTRUTURA LTDA (Filial SP)","07.525.262/0004-61","4-IMPLANTAÇÃO_DE_REDE_INTERNA","","Kit Cobertura Wi-Fi - 2 Access Points - Equip - MEGA - NO","1","9.143,85","9.143,85","Material","31/07/2026","4366","3944","Aprovado","","602","Não","5","Conectada","1784134900087x943689516112936600"
"35234898","19001","MEGA INFRA SOLUCOES EM INFRAESTRUTURA LTDA (Filial SP)","07.525.262/0004-61","4-IMPLANTAÇÃO_DE_REDE_INTERNA","","Kit Cobertura Wi-Fi - 9 Access Points - Equip - MEGA - SE","1","18.935,73","18.935,73","Material","31/07/2026","4367","3975","Aprovado","","606","Não","5","Conectada","1784145925946x398571719098672600"
"35234898","19001","MEGA INFRA SOLUCOES EM INFRAESTRUTURA LTDA (Filial SP)","07.525.262/0004-61","4-IMPLANTAÇÃO_DE_REDE_INTERNA","","Nobreak - Equip - MEGA - SE","1","1.551,93","1.551,93","Material","31/07/2026","4367","3975","Aprovado","","608","Não","5","Conectada","1784145925962x264709317614554980"
"35062376","19001","MEGA INFRA SOLUCOES EM INFRAESTRUTURA LTDA (Filial SP)","07.525.262/0004-61","4-IMPLANTAÇÃO_DE_REDE_INTERNA","","Kit Cobertura Wi-Fi - 8 Access Points - Equip - MEGA - SE","1","17.699,49","17.699,49","Material","31/07/2026","4367","3975","Aprovado","","607","Não","5","Conectada","1784145925974x986819041905136400"
"17029198","19001","MEGA INFRA SOLUCOES EM INFRAESTRUTURA LTDA (Filial SP)","07.525.262/0004-61","4-IMPLANTAÇÃO_DE_REDE_INTERNA","","Kit Cobertura Wi-Fi - 8 Access Points - Equip - MEGA - NO","1","17.012,75","17.012,75","Material","31/07/2026","4369","3974","Aprovado","","622","Não","5","Conectada","1784204535771x658878694360062000"
"17029198","19001","MEGA INFRA SOLUCOES EM INFRAESTRUTURA LTDA (Filial SP)","07.525.262/0004-61","4-IMPLANTAÇÃO_DE_REDE_INTERNA","","Nobreak - Equip - MEGA - NO","1","1.491,72","1.491,72","Material","31/07/2026","4369","3974","Aprovado","","621","Não","5","Conectada","1784204535839x993771041915547700"
"52073459","19001","MEGA INFRA SOLUCOES EM INFRAESTRUTURA LTDA (Filial SP)","07.525.262/0004-61","4-IMPLANTAÇÃO_DE_REDE_INTERNA","","Access Point adicional Indoor - Equip - MEGA - CO","2","699,09","1.398,18","Material","31/07/2026","4370","4052","Aprovado","","619","Não","5","Conectada","1784204704337x979089530991275300"
"53006968","19001","MEGA INFRA SOLUCOES EM INFRAESTRUTURA LTDA (Filial SP)","07.525.262/0004-61","4-IMPLANTAÇÃO_DE_REDE_INTERNA","","Kit Cobertura Wi-Fi - 13 Access Points - Equip - MEGA - CO","1","22.954,09","22.954,09","Material","31/07/2026","4372","4051","Aprovado","","630","Não","5","Conectada","1784210547818x558900779113689300"
"53006968","19001","MEGA INFRA SOLUCOES EM INFRAESTRUTURA LTDA (Filial SP)","07.525.262/0004-61","4-IMPLANTAÇÃO_DE_REDE_INTERNA","","Nobreak - Equip - MEGA - CO","1","1.491,72","1.491,72","Material","31/07/2026","4372","4051","Aprovado","","631","Não","5","Conectada","1784210547947x564659498842914100"
"35072953","19001","MEGA INFRA SOLUCOES EM INFRAESTRUTURA LTDA (Filial SP)","07.525.262/0004-61","4-IMPLANTAÇÃO_DE_REDE_INTERNA","","Kit Cobertura Wi-Fi - 15 Access Points - Equip - MEGA - SE","1","26.353,13","26.353,13","Material","31/07/2026","4389","4043","Aprovado","Notas pendentes","871","Não","5","Conectada","1784293902189x488649959947124100"
"35431643","19001","MEGA INFRA SOLUCOES EM INFRAESTRUTURA LTDA (Filial SP)","07.525.262/0004-61","4-IMPLANTAÇÃO_DE_REDE_INTERNA","","Kit Cobertura Wi-Fi - 15 Access Points - Equip - MEGA - SE","1","26.353,13","26.353,13","Material","31/07/2026","4389","4043","Aprovado","Notas pendentes","","Não","5","Conectada","1784293902385x245526253407770240"
"35233018","19001","MEGA INFRA SOLUCOES EM INFRAESTRUTURA LTDA (Filial SP)","07.525.262/0004-61","4-IMPLANTAÇÃO_DE_REDE_INTERNA","","Kit Cobertura Wi-Fi - 12 Access Points - Equip - MEGA - SE","1","22.644,43","22.644,43","Material","31/07/2026","4389","4043","Aprovado","Notas pendentes","743","Não","5","Conectada","1784293902625x879353982381509800"
"35007418","19001","MEGA INFRA SOLUCOES EM INFRAESTRUTURA LTDA (Filial SP)","07.525.262/0004-61","4-IMPLANTAÇÃO_DE_REDE_INTERNA","","Kit Cobertura Wi-Fi - 11 Access Points - Equip - MEGA - SE","1","21.408,19","21.408,19","Material","31/07/2026","4389","4043","Aprovado","Notas pendentes","887","Não","5","Conectada","1784293902707x424095953033971200"
"35010071","19001","MEGA INFRA SOLUCOES EM INFRAESTRUTURA LTDA (Filial SP)","07.525.262/0004-61","4-IMPLANTAÇÃO_DE_REDE_INTERNA","","Kit Cobertura Wi-Fi - 2 Access Points - Equip - MEGA - SE","1","9.512,95","9.512,95","Material","31/07/2026","4389","4043","Aprovado","Notas pendentes","616","Não","5","Conectada","1784293902914x601545065711267700"
"35431643","19001","MEGA INFRA SOLUCOES EM INFRAESTRUTURA LTDA (Filial SP)","07.525.262/0004-61","4-IMPLANTAÇÃO_DE_REDE_INTERNA","","Access Point adicional Indoor - Equip - MEGA - SE","5","727,31","3.636,55","Material","31/07/2026","4389","4043","Aprovado","Notas pendentes","","Não","5","Conectada","1784293903026x358437317967335040"
"35007418","19001","MEGA INFRA SOLUCOES EM INFRAESTRUTURA LTDA (Filial SP)","07.525.262/0004-61","4-IMPLANTAÇÃO_DE_REDE_INTERNA","","Nobreak - Equip - MEGA - SE","1","1.551,93","1.551,93","Material","31/07/2026","4389","4043","Aprovado","Notas pendentes","888","Não","5","Conectada","1784293903283x575114643185425700"
"35010071","19001","MEGA INFRA SOLUCOES EM INFRAESTRUTURA LTDA (Filial SP)","07.525.262/0004-61","4-IMPLANTAÇÃO_DE_REDE_INTERNA","","Nobreak - Equip - MEGA - SE","1","1.551,93","1.551,93","Material","31/07/2026","4389","4043","Aprovado","Notas pendentes","617","Não","5","Conectada","1784293903437x869022996597947800"
"35072953","19001","MEGA INFRA SOLUCOES EM INFRAESTRUTURA LTDA (Filial SP)","07.525.262/0004-61","4-IMPLANTAÇÃO_DE_REDE_INTERNA","","Nobreak - Equip - MEGA - SE","1","1.551,93","1.551,93","Material","31/07/2026","4389","4043","Aprovado","Notas pendentes","873","Não","5","Conectada","1784293903576x859596832792997000"
"35070051","19001","MEGA INFRA SOLUCOES EM INFRAESTRUTURA LTDA (Filial SP)","07.525.262/0004-61","4-IMPLANTAÇÃO_DE_REDE_INTERNA","","Nobreak - Equip - MEGA - SE","1","1.551,93","1.551,93","Material","31/07/2026","4389","4043","Aprovado","Notas pendentes","759","Não","5","Conectada","1784293903588x713077393680561200"
"35111727","19001","MEGA INFRA SOLUCOES EM INFRAESTRUTURA LTDA (Filial SP)","07.525.262/0004-61","4-IMPLANTAÇÃO_DE_REDE_INTERNA","","Nobreak - Equip - MEGA - SE","1","1.551,93","1.551,93","Material","31/07/2026","4389","4043","Aprovado","Notas pendentes","872","Não","5","Conectada","1784293903745x568020182150088060"
"35233018","19001","MEGA INFRA SOLUCOES EM INFRAESTRUTURA LTDA (Filial SP)","07.525.262/0004-61","4-IMPLANTAÇÃO_DE_REDE_INTERNA","","Nobreak - Equip - MEGA - SE","1","1.551,93","1.551,93","Material","31/07/2026","4389","4043","Aprovado","Notas pendentes","744","Não","5","Conectada","1784293903778x300440107673882500"
"35431643","19001","MEGA INFRA SOLUCOES EM INFRAESTRUTURA LTDA (Filial SP)","07.525.262/0004-61","4-IMPLANTAÇÃO_DE_REDE_INTERNA","","Nobreak - Equip - MEGA - SE","1","1.551,93","1.551,93","Material","31/07/2026","4389","4043","Aprovado","Notas pendentes","","Não","5","Conectada","1784293903857x786233811647635300"
"35468320","19001","MEGA INFRA SOLUCOES EM INFRAESTRUTURA LTDA (Filial SP)","07.525.262/0004-61","4-IMPLANTAÇÃO_DE_REDE_INTERNA","","Nobreak - Equip - MEGA - SE","1","1.551,93","1.551,93","Material","31/07/2026","4389","4043","Aprovado","Notas pendentes","823","Não","5","Conectada","1784293903982x282972708735891520"
"35287994","19001","MEGA INFRA SOLUCOES EM INFRAESTRUTURA LTDA (Filial SP)","07.525.262/0004-61","4-IMPLANTAÇÃO_DE_REDE_INTERNA","","Kit Cobertura Wi-Fi - 13 Access Points - Equip - MEGA - SE","1","23.880,66","23.880,66","Material","31/07/2026","4402","4050","Aprovado","Notas pendentes","","Não","5","Em planejamento","1784310474656x179622065602736500"
"35006234","19001","MEGA INFRA SOLUCOES EM INFRAESTRUTURA LTDA (Filial SP)","07.525.262/0004-61","4-IMPLANTAÇÃO_DE_REDE_INTERNA","","Kit Cobertura Wi-Fi - 15 Access Points - Equip - MEGA - SE","1","26.353,13","26.353,13","Material","31/07/2026","4402","4050","Aprovado","Notas pendentes","","Não","5","Em planejamento","1784310475185x564316274558544830"
"35010072","19001","MEGA INFRA SOLUCOES EM INFRAESTRUTURA LTDA (Filial SP)","07.525.262/0004-61","4-IMPLANTAÇÃO_DE_REDE_INTERNA","","Kit Cobertura Wi-Fi - 10 Access Points - Equip - MEGA - SE","1","20.171,96","20.171,96","Material","31/07/2026","4402","4050","Aprovado","Notas pendentes","","Não","5","Em planejamento","1784310475259x482136413948909500"
"35211904","19001","MEGA INFRA SOLUCOES EM INFRAESTRUTURA LTDA (Filial SP)","07.525.262/0004-61","4-IMPLANTAÇÃO_DE_REDE_INTERNA","","Kit Cobertura Wi-Fi - 11 Access Points - Equip - MEGA - SE","1","21.408,19","21.408,19","Material","31/07/2026","4402","4050","Aprovado","Notas pendentes","627","Não","5","Conectada","1784310475387x723656550933081500"
"35061876","19001","MEGA INFRA SOLUCOES EM INFRAESTRUTURA LTDA (Filial SP)","07.525.262/0004-61","4-IMPLANTAÇÃO_DE_REDE_INTERNA","","Kit Cobertura Wi-Fi - 8 Access Points - Equip - MEGA - SE","1","17.699,49","17.699,49","Material","31/07/2026","4402","4050","Aprovado","Notas pendentes","","Não","5","Conectada","1784310475380x656253354379001700"
"35006234","19001","MEGA INFRA SOLUCOES EM INFRAESTRUTURA LTDA (Filial SP)","07.525.262/0004-61","4-IMPLANTAÇÃO_DE_REDE_INTERNA","","Access Point adicional Indoor - Equip - MEGA - SE","27","727,31","19.637,37","Material","31/07/2026","4402","4050","Aprovado","Notas pendentes","","Não","5","Em planejamento","1784310475388x621389338134223500"
"35010055","19001","MEGA INFRA SOLUCOES EM INFRAESTRUTURA LTDA (Filial SP)","07.525.262/0004-61","4-IMPLANTAÇÃO_DE_REDE_INTERNA","","Kit Cobertura Wi-Fi - 3 Access Points - Equip - MEGA - SE","1","10.749,19","10.749,19","Material","31/07/2026","4402","4050","Aprovado","Notas pendentes","","Não","5","Em planejamento","1784310475535x846395038715571600"
"35009043","19001","MEGA INFRA SOLUCOES EM INFRAESTRUTURA LTDA (Filial SP)","07.525.262/0004-61","4-IMPLANTAÇÃO_DE_REDE_INTERNA","","Nobreak - Equip - MEGA - SE","1","1.551,93","1.551,93","Material","31/07/2026","4402","4050","Aprovado","Notas pendentes","","Não","5","Em planejamento","1784310475688x137640744450153730"
"35009043","19001","MEGA INFRA SOLUCOES EM INFRAESTRUTURA LTDA (Filial SP)","07.525.262/0004-61","4-IMPLANTAÇÃO_DE_REDE_INTERNA","","Kit Cobertura Wi-Fi - 2 Access Points - Equip - MEGA - SE","1","9.512,95","9.512,95","Material","31/07/2026","4402","4050","Aprovado","Notas pendentes","","Não","5","Em planejamento","1784310475714x898458826099246500"
"35287994","19001","MEGA INFRA SOLUCOES EM INFRAESTRUTURA LTDA (Filial SP)","07.525.262/0004-61","4-IMPLANTAÇÃO_DE_REDE_INTERNA","","Nobreak - Equip - MEGA - SE","1","1.551,93","1.551,93","Material","31/07/2026","4402","4050","Aprovado","Notas pendentes","","Não","5","Em planejamento","1784310476228x932565673982857200"
"35006234","19001","MEGA INFRA SOLUCOES EM INFRAESTRUTURA LTDA (Filial SP)","07.525.262/0004-61","4-IMPLANTAÇÃO_DE_REDE_INTERNA","","Nobreak - Equip - MEGA - SE","1","1.551,93","1.551,93","Material","31/07/2026","4402","4050","Aprovado","Notas pendentes","","Não","5","Em planejamento","1784310476460x612817540307893200"
"35010055","19001","MEGA INFRA SOLUCOES EM INFRAESTRUTURA LTDA (Filial SP)","07.525.262/0004-61","4-IMPLANTAÇÃO_DE_REDE_INTERNA","","Nobreak - Equip - MEGA - SE","1","1.551,93","1.551,93","Material","31/07/2026","4402","4050","Aprovado","Notas pendentes","","Não","5","Em planejamento","1784310476692x857805346769313900"
"35055736","19001","MEGA INFRA SOLUCOES EM INFRAESTRUTURA LTDA (Filial SP)","07.525.262/0004-61","4-IMPLANTAÇÃO_DE_REDE_INTERNA","","Nobreak - Equip - MEGA - SE","1","1.551,93","1.551,93","Material","31/07/2026","4402","4050","Aprovado","Notas pendentes","","Não","5","Em planejamento","1784310476767x191043282320270100"
"35010072","19001","MEGA INFRA SOLUCOES EM INFRAESTRUTURA LTDA (Filial SP)","07.525.262/0004-61","4-IMPLANTAÇÃO_DE_REDE_INTERNA","","Nobreak - Equip - MEGA - SE","1","1.551,93","1.551,93","Material","31/07/2026","4402","4050","Aprovado","Notas pendentes","","Não","5","Em planejamento","1784310476730x315402424476966660"
"35061876","19001","MEGA INFRA SOLUCOES EM INFRAESTRUTURA LTDA (Filial SP)","07.525.262/0004-61","4-IMPLANTAÇÃO_DE_REDE_INTERNA","","Nobreak - Equip - MEGA - SE","1","1.551,93","1.551,93","Material","31/07/2026","4402","4050","Aprovado","Notas pendentes","","Não","5","Conectada","1784310477015x477527706469219140"
"35211904","19001","MEGA INFRA SOLUCOES EM INFRAESTRUTURA LTDA (Filial SP)","07.525.262/0004-61","4-IMPLANTAÇÃO_DE_REDE_INTERNA","","Nobreak - Equip - MEGA - SE","1","1.551,93","1.551,93","Material","31/07/2026","4402","4050","Aprovado","Notas pendentes","628","Não","5","Conectada","1784310477401x564495777866723900"
"35010151","19001","MEGA INFRA SOLUCOES EM INFRAESTRUTURA LTDA (Filial SP)","07.525.262/0004-61","4-IMPLANTAÇÃO_DE_REDE_INTERNA","","Kit Cobertura Wi-Fi - 14 Access Points - Equip - MEGA - SE","1","25.116,90","25.116,90","Material","31/07/2026","4462","4090","Aprovado","","698","Não","5","Conectada","1784721956061x991921721247450900"
"35207861","19001","MEGA INFRA SOLUCOES EM INFRAESTRUTURA LTDA (Filial SP)","07.525.262/0004-61","4-IMPLANTAÇÃO_DE_REDE_INTERNA","","Kit Cobertura Wi-Fi - 14 Access Points - Equip - MEGA - SE","1","25.116,90","25.116,90","Material","31/07/2026","4462","4090","Aprovado","","695","Não","5","Conectada","1784721956470x445880622121311000"
"35010230","19001","MEGA INFRA SOLUCOES EM INFRAESTRUTURA LTDA (Filial SP)","07.525.262/0004-61","4-IMPLANTAÇÃO_DE_REDE_INTERNA","","Kit Cobertura Wi-Fi - 10 Access Points - Equip - MEGA - SE","1","20.171,96","20.171,96","Material","31/07/2026","4462","4090","Aprovado","","694","Não","5","Conectada","1784721956464x328833036946272200"
"35010230","19001","MEGA INFRA SOLUCOES EM INFRAESTRUTURA LTDA (Filial SP)","07.525.262/0004-61","4-IMPLANTAÇÃO_DE_REDE_INTERNA","","Nobreak - Equip - MEGA - SE","1","1.551,93","1.551,93","Material","31/07/2026","4462","4090","Aprovado","","697","Não","5","Conectada","1784721956705x165003946396247160"
"17008824","19001","MEGA INFRA SOLUCOES EM INFRAESTRUTURA LTDA (Filial SP)","07.525.262/0004-61","4-IMPLANTAÇÃO_DE_REDE_INTERNA","","Kit Cobertura Wi-Fi - 6 Access Points - Equip - MEGA - NO","1","13.896,92","13.896,92","Material","31/07/2026","4463","4084","Aprovado","","677","Não","5","Conectada","1784722249278x116898738211811410"
"52047202","19001","MEGA INFRA SOLUCOES EM INFRAESTRUTURA LTDA (Filial SP)","07.525.262/0004-61","4-IMPLANTAÇÃO_DE_REDE_INTERNA","","Kit Cobertura Wi-Fi - 15 Access Points - Equip - MEGA - CO","1","25.330,63","25.330,63","Material","31/07/2026","4464","4106","Aprovado","","750","Não","5","Conectada","1784722463750x863281632974225300"
"52082270","19001","MEGA INFRA SOLUCOES EM INFRAESTRUTURA LTDA (Filial SP)","07.525.262/0004-61","4-IMPLANTAÇÃO_DE_REDE_INTERNA","","Kit Cobertura Wi-Fi - 10 Access Points - Equip - MEGA - CO","1","19.389,29","19.389,29","Material","31/07/2026","4464","4106","Aprovado","","706","Não","5","Conectada","1784722463896x322521480643847900"
"52035352","19001","MEGA INFRA SOLUCOES EM INFRAESTRUTURA LTDA (Filial SP)","07.525.262/0004-61","4-IMPLANTAÇÃO_DE_REDE_INTERNA","","Kit Cobertura Wi-Fi - 9 Access Points - Equip - MEGA - CO","1","18.201,02","18.201,02","Material","31/07/2026","4464","4106","Aprovado","","703","Não","5","Conectada","1784722464257x767285818734162400"
"35238168","19001","MEGA INFRA SOLUCOES EM INFRAESTRUTURA LTDA (Filial SP)","07.525.262/0004-61","4-IMPLANTAÇÃO_DE_REDE_INTERNA","","Kit Cobertura Wi-Fi - 3 Access Points - Equip - MEGA - SE","1","8.276,72","8.276,72","Material","31/07/2026","4479","4091","Aprovado","","114","Não","5","Conectada","1784738049760x891132448890020100"
"52051510","19001","MEGA INFRA SOLUCOES EM INFRAESTRUTURA LTDA (Filial SP)","07.525.262/0004-61","4-IMPLANTAÇÃO_DE_REDE_INTERNA","","Kit Cobertura Wi-Fi - 12 Access Points - Equip - MEGA - CO","1","21.765,83","21.765,83","Material","31/07/2026","4480","4113","Aprovado","","719","Não","5","Conectada","1784743061265x160127535768788130"
"52070964","19001","MEGA INFRA SOLUCOES EM INFRAESTRUTURA LTDA (Filial SP)","07.525.262/0004-61","4-IMPLANTAÇÃO_DE_REDE_INTERNA","","Kit Cobertura Wi-Fi - 12 Access Points - Equip - MEGA - CO","1","21.765,83","21.765,83","Material","31/07/2026","4480","4113","Aprovado","","721","Não","5","Conectada","1784743061302x195060443115018900"
"35233894","19001","MEGA INFRA SOLUCOES EM INFRAESTRUTURA LTDA (Filial SP)","07.525.262/0004-61","4-IMPLANTAÇÃO_DE_REDE_INTERNA","","Kit Cobertura Wi-Fi - 14 Access Points - Equip - MEGA - SE","1","25.116,90","25.116,90","Material","31/07/2026","4481","4092","Aprovado","","741","Não","5","Conectada","1784743382647x906879315764736100"
"35583959","19001","MEGA INFRA SOLUCOES EM INFRAESTRUTURA LTDA (Filial SP)","07.525.262/0004-61","4-IMPLANTAÇÃO_DE_REDE_INTERNA","","Nobreak - Equip - MEGA - SE","1","1.551,93","1.551,93","Material","31/07/2026","4481","4092","Aprovado","","713","Não","5","Conectada","1784743382931x474375140611271740"
"35084505","19001","MEGA INFRA SOLUCOES EM INFRAESTRUTURA LTDA (Filial SP)","07.525.262/0004-61","4-IMPLANTAÇÃO_DE_REDE_INTERNA","","Kit Cobertura Wi-Fi - 11 Access Points - Equip - MEGA - SE","1","21.408,19","21.408,19","Material","31/07/2026","4481","4092","Aprovado","","708","Não","5","Conectada","1784743383241x104019436955791630"
"35267387","19001","MEGA INFRA SOLUCOES EM INFRAESTRUTURA LTDA (Filial SP)","07.525.262/0004-61","4-IMPLANTAÇÃO_DE_REDE_INTERNA","","Kit Cobertura Wi-Fi - 11 Access Points - Equip - MEGA - SE","1","21.408,19","21.408,19","Material","31/07/2026","4481","4092","Aprovado","","810","Não","5","Conectada","1784743383943x708924879137685200"
"35267387","19001","MEGA INFRA SOLUCOES EM INFRAESTRUTURA LTDA (Filial SP)","07.525.262/0004-61","4-IMPLANTAÇÃO_DE_REDE_INTERNA","","Nobreak - Equip - MEGA - SE","1","1.551,93","1.551,93","Material","31/07/2026","4481","4092","Aprovado","","813","Não","5","Conectada","1784743384332x881195263166390700"
"35084505","19001","MEGA INFRA SOLUCOES EM INFRAESTRUTURA LTDA (Filial SP)","07.525.262/0004-61","4-IMPLANTAÇÃO_DE_REDE_INTERNA","","Nobreak - Equip - MEGA - SE","1","1.551,93","1.551,93","Material","31/07/2026","4481","4092","Aprovado","","709","Não","5","Conectada","1784743384663x902821153085192000"
"35583959","19001","MEGA INFRA SOLUCOES EM INFRAESTRUTURA LTDA (Filial SP)","07.525.262/0004-61","4-IMPLANTAÇÃO_DE_REDE_INTERNA","","Kit Cobertura Wi-Fi - 8 Access Points - Equip - MEGA - SE","1","17.699,49","17.699,49","Material","31/07/2026","4481","4092","Aprovado","","712","Não","5","Conectada","1784743384901x260855937280682460"
"53007077","19001","MEGA INFRA SOLUCOES EM INFRAESTRUTURA LTDA (Filial SP)","07.525.262/0004-61","4-IMPLANTAÇÃO_DE_REDE_INTERNA","","Kit Cobertura Wi-Fi - 15 Access Points - Equip - MEGA - CO","1","25.330,63","25.330,63","Material","31/07/2026","4482","4139","Aprovado","","1003","Não","5","Conectada","1784743646889x825878693757135400"
"53010019","19001","MEGA INFRA SOLUCOES EM INFRAESTRUTURA LTDA (Filial SP)","07.525.262/0004-61","4-IMPLANTAÇÃO_DE_REDE_INTERNA","","Kit Cobertura Wi-Fi - 15 Access Points - Equip - MEGA - CO","1","25.330,63","25.330,63","Material","31/07/2026","4482","4139","Aprovado","","878","Não","5","Conectada","1784743646932x375699561988287500"
"53010019","19001","MEGA INFRA SOLUCOES EM INFRAESTRUTURA LTDA (Filial SP)","07.525.262/0004-61","4-IMPLANTAÇÃO_DE_REDE_INTERNA","","Nobreak - Equip - MEGA - CO","1","1.491,72","1.491,72","Material","31/07/2026","4482","4139","Aprovado","","880","Não","5","Conectada","1784743647834x568406779252701000"
"17048109","19001","MEGA INFRA SOLUCOES EM INFRAESTRUTURA LTDA (Filial SP)","07.525.262/0004-61","4-IMPLANTAÇÃO_DE_REDE_INTERNA","","Kit Cobertura Wi-Fi - 2 Access Points - Equip - MEGA - NO","1","9.143,85","9.143,85","Material","31/07/2026","4483","4107","Aprovado","","714","Não","5","Conectada","1784743719126x955923848548545400"
"17048109","19001","MEGA INFRA SOLUCOES EM INFRAESTRUTURA LTDA (Filial SP)","07.525.262/0004-61","4-IMPLANTAÇÃO_DE_REDE_INTERNA","","Nobreak - Equip - MEGA - NO","1","1.491,72","1.491,72","Material","31/07/2026","4483","4107","Aprovado","","715","Não","5","Conectada","1784743719457x511027391928806640"
"35064488","19001","MEGA INFRA SOLUCOES EM INFRAESTRUTURA LTDA (Filial SP)","07.525.262/0004-61","4-IMPLANTAÇÃO_DE_REDE_INTERNA","","Nobreak - Equip - MEGA - SE","1","1.551,93","1.551,93","Material","31/07/2026","4484","4093","Aprovado","","701","Não","5","Conectada","1784746194982x366463521120369540"
"35064488","19001","MEGA INFRA SOLUCOES EM INFRAESTRUTURA LTDA (Filial SP)","07.525.262/0004-61","4-IMPLANTAÇÃO_DE_REDE_INTERNA","","Kit Cobertura Wi-Fi - 2 Access Points - Equip - MEGA - SE","1","9.512,95","9.512,95","Material","31/07/2026","4484","4093","Aprovado","","700","Não","5","Conectada","1784746195025x577051240842489900"
"35062480","19001","MEGA INFRA SOLUCOES EM INFRAESTRUTURA LTDA (Filial SP)","07.525.262/0004-61","4-IMPLANTAÇÃO_DE_REDE_INTERNA","","Kit Cobertura Wi-Fi - 15 Access Points - Equip - MEGA - SE","1","26.353,13","26.353,13","Material","31/07/2026","4491","4094","Aprovado","","688","Não","5","Conectada","1784808880581x746129228756863200"
"35062480","19001","MEGA INFRA SOLUCOES EM INFRAESTRUTURA LTDA (Filial SP)","07.525.262/0004-61","4-IMPLANTAÇÃO_DE_REDE_INTERNA","","Access Point adicional Indoor - Equip - MEGA - SE","1","727,31","727,31","Material","31/07/2026","4491","4094","Aprovado","","693","Não","5","Conectada","1784808880797x931093851932986100"
"35062480","19001","MEGA INFRA SOLUCOES EM INFRAESTRUTURA LTDA (Filial SP)","07.525.262/0004-61","4-IMPLANTAÇÃO_DE_REDE_INTERNA","","Nobreak - Equip - MEGA - SE","1","1.551,93","1.551,93","Material","31/07/2026","4491","4094","Aprovado","","691","Não","5","Conectada","1784808880833x283662819429805400"
"35419394","19001","MEGA INFRA SOLUCOES EM INFRAESTRUTURA LTDA (Filial SP)","07.525.262/0004-61","4-IMPLANTAÇÃO_DE_REDE_INTERNA","","Kit Cobertura Wi-Fi - 8 Access Points - Equip - MEGA - SE","1","17.699,49","17.699,49","Material","31/07/2026","4495","4120","Aprovado","","731","Não","5","Conectada","1784827422581x941129423901080000"
"52030679","19001","MEGA INFRA SOLUCOES EM INFRAESTRUTURA LTDA (Filial SP)","07.525.262/0004-61","4-IMPLANTAÇÃO_DE_REDE_INTERNA","","Kit Cobertura Wi-Fi - 11 Access Points - Equip - MEGA - CO","1","20.577,55","20.577,55","Material","31/07/2026","4497","4112","Aprovado","","725","Não","5","Conectada","1784832700544x414589029197694340"
"35070051","19001","MEGA INFRA SOLUCOES EM INFRAESTRUTURA LTDA (Filial SP)","07.525.262/0004-61","4-IMPLANTAÇÃO_DE_REDE_INTERNA","","Kit Cobertura Wi-Fi - 9 Access Points - Equip - MEGA - SE","1","18.935,73","18.935,73","Material","31/07/2026","4498","4121","Aprovado","","757","Não","5","Conectada","1784832941017x914493921788550100"
"35055013","19001","MEGA INFRA SOLUCOES EM INFRAESTRUTURA LTDA (Filial SP)","07.525.262/0004-61","4-IMPLANTAÇÃO_DE_REDE_INTERNA","","Kit Cobertura Wi-Fi - 15 Access Points - Equip - MEGA - SE","1","26.353,13","26.353,13","Material","31/07/2026","4498","4121","Aprovado","","758","Não","5","Conectada","1784832941154x472204626156740540"
"35211874","19001","MEGA INFRA SOLUCOES EM INFRAESTRUTURA LTDA (Filial SP)","07.525.262/0004-61","4-IMPLANTAÇÃO_DE_REDE_INTERNA","","Kit Cobertura Wi-Fi - 13 Access Points - Equip - MEGA - SE","1","23.880,66","23.880,66","Material","31/07/2026","4528","4133","Aprovado","","767","Não","5","Conectada","1785154489604x611515104375733400"
"35211874","19001","MEGA INFRA SOLUCOES EM INFRAESTRUTURA LTDA (Filial SP)","07.525.262/0004-61","4-IMPLANTAÇÃO_DE_REDE_INTERNA","","Nobreak - Equip - MEGA - SE","1","1.551,93","1.551,93","Material","31/07/2026","4528","4133","Aprovado","","768","Não","5","Conectada","1785154490292x758165671206484600"
"35437136","19001","MEGA INFRA SOLUCOES EM INFRAESTRUTURA LTDA (Filial SP)","07.525.262/0004-61","4-IMPLANTAÇÃO_DE_REDE_INTERNA","","Kit Cobertura Wi-Fi - 12 Access Points - Equip - MEGA - SE","1","22.644,43","22.644,43","Material","31/07/2026","4529","4134","Aprovado","","794","Não","5","Conectada","1785154692059x436872427637658100"
"35437136","19001","MEGA INFRA SOLUCOES EM INFRAESTRUTURA LTDA (Filial SP)","07.525.262/0004-61","4-IMPLANTAÇÃO_DE_REDE_INTERNA","","Nobreak - Equip - MEGA - SE","1","1.551,93","1.551,93","Material","31/07/2026","4529","4134","Aprovado","","793","Não","5","Conectada","1785154692250x565489408643275300"
"35468253","19001","MEGA INFRA SOLUCOES EM INFRAESTRUTURA LTDA (Filial SP)","07.525.262/0004-61","4-IMPLANTAÇÃO_DE_REDE_INTERNA","","Nobreak - Equip - MEGA - SE","1","1.551,93","1.551,93","Material","31/07/2026","4530","4135","Aprovado","","787","Não","5","Conectada","1785156269930x946792483427825800"
"35468253","19001","MEGA INFRA SOLUCOES EM INFRAESTRUTURA LTDA (Filial SP)","07.525.262/0004-61","4-IMPLANTAÇÃO_DE_REDE_INTERNA","","Kit Cobertura Wi-Fi - 15 Access Points - Equip - MEGA - SE","1","26.353,13","26.353,13","Material","31/07/2026","4530","4135","Aprovado","","788","Não","5","Conectada","1785156270070x753321141313508400"
"35468253","19001","MEGA INFRA SOLUCOES EM INFRAESTRUTURA LTDA (Filial SP)","07.525.262/0004-61","4-IMPLANTAÇÃO_DE_REDE_INTERNA","","Access Point adicional Indoor - Equip - MEGA - SE","2","727,31","1.454,62","Material","31/07/2026","4530","4135","Aprovado","","789","Não","5","Conectada","1785156270169x746799449228692000"
"52030628","19001","MEGA INFRA SOLUCOES EM INFRAESTRUTURA LTDA (Filial SP)","07.525.262/0004-61","4-IMPLANTAÇÃO_DE_REDE_INTERNA","","Kit Cobertura Wi-Fi - 7 Access Points - Equip - MEGA - CO","1","15.085,20","15.085,20","Material","31/07/2026","4531","4138","Aprovado","","774","Não","5","Conectada","1785156401805x209834575099987040"
"52030881","19001","MEGA INFRA SOLUCOES EM INFRAESTRUTURA LTDA (Filial SP)","07.525.262/0004-61","4-IMPLANTAÇÃO_DE_REDE_INTERNA","","Kit Cobertura Wi-Fi - 8 Access Points - Equip - MEGA - CO","1","17.012,75","17.012,75","Material","31/07/2026","4531","4138","Aprovado","","784","Não","5","Conectada","1785156402040x640416231129508100"
"35271287","19001","MEGA INFRA SOLUCOES EM INFRAESTRUTURA LTDA (Filial SP)","07.525.262/0004-61","4-IMPLANTAÇÃO_DE_REDE_INTERNA","","Kit Cobertura Wi-Fi - 15 Access Points - Equip - MEGA - SE","1","26.353,13","26.353,13","Material","31/07/2026","4535","4136","Aprovado","","769","Não","5","Conectada","1785163525299x246574076899711780"
"35087403","19001","MEGA INFRA SOLUCOES EM INFRAESTRUTURA LTDA (Filial SP)","07.525.262/0004-61","4-IMPLANTAÇÃO_DE_REDE_INTERNA","","Kit Cobertura Wi-Fi - 11 Access Points - Equip - MEGA - SE","1","21.408,19","21.408,19","Material","31/07/2026","4535","4136","Aprovado","","790","Não","5","Conectada","1785163525539x467562395360190400"
"35271287","19001","MEGA INFRA SOLUCOES EM INFRAESTRUTURA LTDA (Filial SP)","07.525.262/0004-61","4-IMPLANTAÇÃO_DE_REDE_INTERNA","","Access Point adicional Indoor - Equip - MEGA - SE","3","727,31","2.181,93","Material","31/07/2026","4535","4136","Aprovado","","771","Não","5","Conectada","1785163525601x766116002629710700"
"35271287","19001","MEGA INFRA SOLUCOES EM INFRAESTRUTURA LTDA (Filial SP)","07.525.262/0004-61","4-IMPLANTAÇÃO_DE_REDE_INTERNA","","Nobreak - Equip - MEGA - SE","1","1.551,93","1.551,93","Material","31/07/2026","4535","4136","Aprovado","","770","Não","5","Conectada","1785163525857x932477440551622800"
"17050588","19001","MEGA INFRA SOLUCOES EM INFRAESTRUTURA LTDA (Filial SP)","07.525.262/0004-61","4-IMPLANTAÇÃO_DE_REDE_INTERNA","","Nobreak - Equip - MEGA - NO","1","1.491,72","1.491,72","Material","31/07/2026","4536","4122","Aprovado","","777","Não","5","Conectada","1785163955789x463559026636914500"
"17050588","19001","MEGA INFRA SOLUCOES EM INFRAESTRUTURA LTDA (Filial SP)","07.525.262/0004-61","4-IMPLANTAÇÃO_DE_REDE_INTERNA","","Kit Cobertura Wi-Fi - 12 Access Points - Equip - MEGA - NO","1","21.765,83","21.765,83","Material","31/07/2026","4536","4122","Aprovado","","773","Não","5","Conectada","1785163956488x487441776524207800"
"35431837","19001","MEGA INFRA SOLUCOES EM INFRAESTRUTURA LTDA (Filial SP)","07.525.262/0004-61","4-IMPLANTAÇÃO_DE_REDE_INTERNA","","Kit Cobertura Wi-Fi - 15 Access Points - Equip - MEGA - SE","1","26.353,13","26.353,13","Material","31/07/2026","4545","4141","Aprovado","","818","Não","5","Conectada","1785243911395x619490746968908200"
"35437232","19001","MEGA INFRA SOLUCOES EM INFRAESTRUTURA LTDA (Filial SP)","07.525.262/0004-61","4-IMPLANTAÇÃO_DE_REDE_INTERNA","","Kit Cobertura Wi-Fi - 15 Access Points - Equip - MEGA - SE","1","26.353,13","26.353,13","Material","31/07/2026","4545","4141","Aprovado","","1087","Não","5","Conectada","1785243911476x731186909731513300"
"35345891","19001","MEGA INFRA SOLUCOES EM INFRAESTRUTURA LTDA (Filial SP)","07.525.262/0004-61","4-IMPLANTAÇÃO_DE_REDE_INTERNA","","Kit Cobertura Wi-Fi - 11 Access Points - Equip - MEGA - SE","1","21.408,19","21.408,19","Material","31/07/2026","4545","4141","Aprovado","","820","Não","5","Conectada","1785243911908x571595833022419800"
"35386352","19001","MEGA INFRA SOLUCOES EM INFRAESTRUTURA LTDA (Filial SP)","07.525.262/0004-61","4-IMPLANTAÇÃO_DE_REDE_INTERNA","","Kit Cobertura Wi-Fi - 14 Access Points - Equip - MEGA - SE","1","25.116,90","25.116,90","Material","31/07/2026","4545","4141","Aprovado","","943","Não","5","Conectada","1785243912049x851797498134107300"
"35058816","19001","MEGA INFRA SOLUCOES EM INFRAESTRUTURA LTDA (Filial SP)","07.525.262/0004-61","4-IMPLANTAÇÃO_DE_REDE_INTERNA","","Kit Cobertura Wi-Fi - 11 Access Points - Equip - MEGA - SE","1","21.408,19","21.408,19","Material","31/07/2026","4545","4141","Aprovado","","858","Não","5","Conectada","1785243912060x979546105205393500"
"35229143","19001","MEGA INFRA SOLUCOES EM INFRAESTRUTURA LTDA (Filial SP)","07.525.262/0004-61","4-IMPLANTAÇÃO_DE_REDE_INTERNA","","Kit Cobertura Wi-Fi - 9 Access Points - Equip - MEGA - SE","1","18.935,73","18.935,73","Material","31/07/2026","4545","4141","Aprovado","","869","Não","5","Conectada","1785243912079x569712810584728640"
"35272371","19001","MEGA INFRA SOLUCOES EM INFRAESTRUTURA LTDA (Filial SP)","07.525.262/0004-61","4-IMPLANTAÇÃO_DE_REDE_INTERNA","","Kit Cobertura Wi-Fi - 4 Access Points - Equip - MEGA - SE","1","11.985,42","11.985,42","Material","31/07/2026","4545","4141","Aprovado","","856","Não","5","Conectada","1785243912253x406404239110171900"
"35660632","19001","MEGA INFRA SOLUCOES EM INFRAESTRUTURA LTDA (Filial SP)","07.525.262/0004-61","4-IMPLANTAÇÃO_DE_REDE_INTERNA","","Kit Cobertura Wi-Fi - 2 Access Points - Equip - MEGA - SE","1","9.512,95","9.512,95","Material","31/07/2026","4545","4141","Aprovado","","942","Não","5","Conectada","1785243912358x626763354006582300"
"35437232","19001","MEGA INFRA SOLUCOES EM INFRAESTRUTURA LTDA (Filial SP)","07.525.262/0004-61","4-IMPLANTAÇÃO_DE_REDE_INTERNA","","Access Point adicional Indoor - Equip - MEGA - SE","3","727,31","2.181,93","Material","31/07/2026","4545","4141","Aprovado","","1086","Não","5","Conectada","1785243912529x677089838984603400"
"35660632","19001","MEGA INFRA SOLUCOES EM INFRAESTRUTURA LTDA (Filial SP)","07.525.262/0004-61","4-IMPLANTAÇÃO_DE_REDE_INTERNA","","Nobreak - Equip - MEGA - SE","1","1.551,93","1.551,93","Material","31/07/2026","4545","4141","Aprovado","","944","Não","5","Conectada","1785243912758x137758780879265300"
"35345891","19001","MEGA INFRA SOLUCOES EM INFRAESTRUTURA LTDA (Filial SP)","07.525.262/0004-61","4-IMPLANTAÇÃO_DE_REDE_INTERNA","","Nobreak - Equip - MEGA - SE","1","1.551,93","1.551,93","Material","31/07/2026","4545","4141","Aprovado","","821","Não","5","Conectada","1785243913020x674657694125464400"
"35058816","19001","MEGA INFRA SOLUCOES EM INFRAESTRUTURA LTDA (Filial SP)","07.525.262/0004-61","4-IMPLANTAÇÃO_DE_REDE_INTERNA","","Nobreak - Equip - MEGA - SE","1","1.551,93","1.551,93","Material","31/07/2026","4545","4141","Aprovado","","859","Não","5","Conectada","1785243913069x901241871380361200"
"35229143","19001","MEGA INFRA SOLUCOES EM INFRAESTRUTURA LTDA (Filial SP)","07.525.262/0004-61","4-IMPLANTAÇÃO_DE_REDE_INTERNA","","Nobreak - Equip - MEGA - SE","1","1.551,93","1.551,93","Material","31/07/2026","4545","4141","Aprovado","","876","Não","5","Conectada","1785243913216x363860454316236000"
"35272371","19001","MEGA INFRA SOLUCOES EM INFRAESTRUTURA LTDA (Filial SP)","07.525.262/0004-61","4-IMPLANTAÇÃO_DE_REDE_INTERNA","","Nobreak - Equip - MEGA - SE","1","1.551,93","1.551,93","Material","31/07/2026","4545","4141","Aprovado","","857","Não","5","Conectada","1785243913345x852467041821956000"
"35386352","19001","MEGA INFRA SOLUCOES EM INFRAESTRUTURA LTDA (Filial SP)","07.525.262/0004-61","4-IMPLANTAÇÃO_DE_REDE_INTERNA","","Nobreak - Equip - MEGA - SE","1","1.551,93","1.551,93","Material","31/07/2026","4545","4141","Aprovado","","945","Não","5","Conectada","1785243913703x594212653624204700"
"35431837","19001","MEGA INFRA SOLUCOES EM INFRAESTRUTURA LTDA (Filial SP)","07.525.262/0004-61","4-IMPLANTAÇÃO_DE_REDE_INTERNA","","Nobreak - Equip - MEGA - SE","1","1.551,93","1.551,93","Material","31/07/2026","4545","4141","Aprovado","","819","Não","5","Conectada","1785243913768x439373615448021000"
"35437232","19001","MEGA INFRA SOLUCOES EM INFRAESTRUTURA LTDA (Filial SP)","07.525.262/0004-61","4-IMPLANTAÇÃO_DE_REDE_INTERNA","","Nobreak - Equip - MEGA - SE","1","1.551,93","1.551,93","Material","31/07/2026","4545","4141","Aprovado","","1088","Não","5","Conectada","1785243914729x569050166056679550"
"35056789","19001","MEGA INFRA SOLUCOES EM INFRAESTRUTURA LTDA (Filial SP)","07.525.262/0004-61","4-IMPLANTAÇÃO_DE_REDE_INTERNA","","Nobreak - Equip - MEGA - SE","1","1.551,93","1.551,93","Material","31/07/2026","4546","4143","Aprovado","","952","Não","5","Conectada","1785244532005x900956377236396700"
"35408566","19001","MEGA INFRA SOLUCOES EM INFRAESTRUTURA LTDA (Filial SP)","07.525.262/0004-61","4-IMPLANTAÇÃO_DE_REDE_INTERNA","","Kit Cobertura Wi-Fi - 15 Access Points - Equip - MEGA - SE","1","26.353,13","26.353,13","Material","31/07/2026","4546","4143","Aprovado","","816","Não","5","Conectada","1785244533231x219806007700191760"
"35447535","19001","MEGA INFRA SOLUCOES EM INFRAESTRUTURA LTDA (Filial SP)","07.525.262/0004-61","4-IMPLANTAÇÃO_DE_REDE_INTERNA","","Kit Cobertura Wi-Fi - 15 Access Points - Equip - MEGA - SE","1","26.353,13","26.353,13","Material","31/07/2026","4546","4143","Aprovado","","961","Não","5","Conectada","1785244533214x809576054358351600"
"53006976","19001","MEGA INFRA SOLUCOES EM INFRAESTRUTURA LTDA (Filial SP)","07.525.262/0004-61","4-IMPLANTAÇÃO_DE_REDE_INTERNA","","Kit Cobertura Wi-Fi - 15 Access Points - Equip - MEGA - CO","1","25.330,63","25.330,63","Material","31/07/2026","4547","4137","Aprovado","","1176","Não","5","Conectada","1785246645448x598482109598332800"
"53007492","19001","MEGA INFRA SOLUCOES EM INFRAESTRUTURA LTDA (Filial SP)","07.525.262/0004-61","4-IMPLANTAÇÃO_DE_REDE_INTERNA","","Kit Cobertura Wi-Fi - 15 Access Points - Equip - MEGA - CO","1","25.330,63","25.330,63","Material","31/07/2026","4547","4137","Aprovado","","1025","Não","5","Conectada","1785246645824x928830298706207400"
"53007549","19001","MEGA INFRA SOLUCOES EM INFRAESTRUTURA LTDA (Filial SP)","07.525.262/0004-61","4-IMPLANTAÇÃO_DE_REDE_INTERNA","","Kit Cobertura Wi-Fi - 15 Access Points - Equip - MEGA - CO","1","25.330,63","25.330,63","Material","31/07/2026","4547","4137","Aprovado","","1125","Não","5","Conectada","1785246645839x456921642323631100"
"53009053","19001","MEGA INFRA SOLUCOES EM INFRAESTRUTURA LTDA (Filial SP)","07.525.262/0004-61","4-IMPLANTAÇÃO_DE_REDE_INTERNA","","Kit Cobertura Wi-Fi - 15 Access Points - Equip - MEGA - CO","1","25.330,63","25.330,63","Material","31/07/2026","4547","4137","Aprovado","","1194","Não","5","Conectada","1785246646211x698762583565355900"
"53009177","19001","MEGA INFRA SOLUCOES EM INFRAESTRUTURA LTDA (Filial SP)","07.525.262/0004-61","4-IMPLANTAÇÃO_DE_REDE_INTERNA","","Kit Cobertura Wi-Fi - 15 Access Points - Equip - MEGA - CO","1","25.330,63","25.330,63","Material","31/07/2026","4547","4137","Aprovado","","853","Não","5","Conectada","1785246646260x982424128904758100"
"53010027","19001","MEGA INFRA SOLUCOES EM INFRAESTRUTURA LTDA (Filial SP)","07.525.262/0004-61","4-IMPLANTAÇÃO_DE_REDE_INTERNA","","Kit Cobertura Wi-Fi - 15 Access Points - Equip - MEGA - CO","1","25.330,63","25.330,63","Material","31/07/2026","4547","4137","Aprovado","","909","Não","5","Conectada","1785246646262x453020001690759940"
"53007549","19001","MEGA INFRA SOLUCOES EM INFRAESTRUTURA LTDA (Filial SP)","07.525.262/0004-61","4-IMPLANTAÇÃO_DE_REDE_INTERNA","","Access Point adicional Indoor - Equip - MEGA - CO","11","699,09","7.689,99","Material","31/07/2026","4547","4137","Aprovado","","1128","Não","5","Conectada","1785246646268x631131740118284800"
"53007492","19001","MEGA INFRA SOLUCOES EM INFRAESTRUTURA LTDA (Filial SP)","07.525.262/0004-61","4-IMPLANTAÇÃO_DE_REDE_INTERNA","","Access Point adicional Indoor - Equip - MEGA - CO","7","699,09","4.893,63","Material","31/07/2026","4547","4137","Aprovado","","1027","Não","5","Conectada","1785246646560x375368337975054500"
"53009053","19001","MEGA INFRA SOLUCOES EM INFRAESTRUTURA LTDA (Filial SP)","07.525.262/0004-61","4-IMPLANTAÇÃO_DE_REDE_INTERNA","","Access Point adicional Indoor - Equip - MEGA - CO","7","699,09","4.893,63","Material","31/07/2026","4547","4137","Aprovado","","1198","Não","5","Conectada","1785246646915x697302454216109700"
"53006976","19001","MEGA INFRA SOLUCOES EM INFRAESTRUTURA LTDA (Filial SP)","07.525.262/0004-61","4-IMPLANTAÇÃO_DE_REDE_INTERNA","","Access Point adicional Indoor - Equip - MEGA - CO","5","699,09","3.495,45","Material","31/07/2026","4547","4137","Aprovado","","1179","Não","5","Conectada","1785246647007x732104210379791500"
"53009053","19001","MEGA INFRA SOLUCOES EM INFRAESTRUTURA LTDA (Filial SP)","07.525.262/0004-61","4-IMPLANTAÇÃO_DE_REDE_INTERNA","","Nobreak - Equip - MEGA - CO","2","1.491,72","2.983,44","Material","31/07/2026","4547","4137","Aprovado","","1196","Não","5","Conectada","1785246647083x250215744762595230"
"53009177","19001","MEGA INFRA SOLUCOES EM INFRAESTRUTURA LTDA (Filial SP)","07.525.262/0004-61","4-IMPLANTAÇÃO_DE_REDE_INTERNA","","Access Point adicional Indoor - Equip - MEGA - CO","3","699,09","2.097,27","Material","31/07/2026","4547","4137","Aprovado","","855","Não","5","Conectada","1785246647137x775732004597519700"
"53009053","19001","MEGA INFRA SOLUCOES EM INFRAESTRUTURA LTDA (Filial SP)","07.525.262/0004-61","4-IMPLANTAÇÃO_DE_REDE_INTERNA","","Switch Gigabit 16 portas PoE+ - Equip - MEGA - CO","1","1.733,47","1.733,47","Material","31/07/2026","4547","4137","Aprovado","","1199","Não","5","Conectada","1785246647191x401455647065042560"
"53006976","19001","MEGA INFRA SOLUCOES EM INFRAESTRUTURA LTDA (Filial SP)","07.525.262/0004-61","4-IMPLANTAÇÃO_DE_REDE_INTERNA","","Nobreak - Equip - MEGA - CO","1","1.491,72","1.491,72","Material","31/07/2026","4547","4137","Aprovado","","1178","Não","5","Conectada","1785246647574x223423639585897730"
"53010027","19001","MEGA INFRA SOLUCOES EM INFRAESTRUTURA LTDA (Filial SP)","07.525.262/0004-61","4-IMPLANTAÇÃO_DE_REDE_INTERNA","","Nobreak - Equip - MEGA - CO","1","1.491,72","1.491,72","Material","31/07/2026","4547","4137","Aprovado","","911","Não","5","Conectada","1785246648109x659158303518584200"
"53009177","19001","MEGA INFRA SOLUCOES EM INFRAESTRUTURA LTDA (Filial SP)","07.525.262/0004-61","4-IMPLANTAÇÃO_DE_REDE_INTERNA","","Nobreak - Equip - MEGA - CO","1","1.491,72","1.491,72","Material","31/07/2026","4547","4137","Aprovado","","854","Não","5","Conectada","1785246648118x845980431071654100"
"53009053","19001","MEGA INFRA SOLUCOES EM INFRAESTRUTURA LTDA (Filial SP)","07.525.262/0004-61","4-IMPLANTAÇÃO_DE_REDE_INTERNA","","Conversor de mídia Gigabit Ethernet (Par) - Equip - MEGA - CO","1","209,00","209,00","Material","31/07/2026","4547","4137","Aprovado","","1195","Não","5","Conectada","1785246648356x221244155338110600"
"53010027","19001","MEGA INFRA SOLUCOES EM INFRAESTRUTURA LTDA (Filial SP)","07.525.262/0004-61","4-IMPLANTAÇÃO_DE_REDE_INTERNA","","Access Point adicional Indoor - Equip - MEGA - CO","1","699,09","699,09","Material","31/07/2026","4547","4137","Aprovado","","913","Não","5","Conectada","1785246648363x301841301963574140"
"53009053","19001","MEGA INFRA SOLUCOES EM INFRAESTRUTURA LTDA (Filial SP)","07.525.262/0004-61","4-IMPLANTAÇÃO_DE_REDE_INTERNA","","Rack 7U - Equip - MEGA - CO","1","1.150,93","1.150,93","Material","31/07/2026","4547","4137","Aprovado","","1197","Não","5","Conectada","1785246648408x129789304373546960"
"52031454","19001","MEGA INFRA SOLUCOES EM INFRAESTRUTURA LTDA (Filial SP)","07.525.262/0004-61","4-IMPLANTAÇÃO_DE_REDE_INTERNA","","Kit Cobertura Wi-Fi - 13 Access Points - Equip - MEGA - CO","1","22.954,09","22.954,09","Material","31/07/2026","4548","4132","Aprovado","","797","Não","5","Conectada","1785246905031x906430528640164400"
"17053552","19001","MEGA INFRA SOLUCOES EM INFRAESTRUTURA LTDA (Filial SP)","07.525.262/0004-61","4-IMPLANTAÇÃO_DE_REDE_INTERNA","","Kit Cobertura Wi-Fi - 11 Access Points - Equip - MEGA - NO","1","20.577,55","20.577,55","Material","31/07/2026","4549","4209","Aprovado","Notas pendentes","851","Não","5","Conectada","1785247520833x924421052212947000"
"17048125","19001","MEGA INFRA SOLUCOES EM INFRAESTRUTURA LTDA (Filial SP)","07.525.262/0004-61","4-IMPLANTAÇÃO_DE_REDE_INTERNA","","Nobreak - Equip - MEGA - NO","1","1.491,72","1.491,72","Material","31/07/2026","4549","4209","Aprovado","Notas pendentes","907","Não","5","Conectada","1785247520885x711001376780901400"
"17050545","19001","MEGA INFRA SOLUCOES EM INFRAESTRUTURA LTDA (Filial SP)","07.525.262/0004-61","4-IMPLANTAÇÃO_DE_REDE_INTERNA","","Kit Cobertura Wi-Fi - 2 Access Points - Equip - MEGA - NO","1","9.143,85","9.143,85","Material","31/07/2026","4549","4209","Aprovado","Notas pendentes","835","Não","5","Conectada","1785247520930x364488047049962300"
"17051657","19001","MEGA INFRA SOLUCOES EM INFRAESTRUTURA LTDA (Filial SP)","07.525.262/0004-61","4-IMPLANTAÇÃO_DE_REDE_INTERNA","","Kit Cobertura Wi-Fi - 6 Access Points - Equip - MEGA - NO","1","13.896,92","13.896,92","Material","31/07/2026","4549","4209","Aprovado","Notas pendentes","","Não","5","Em planejamento","1785247520983x817062205678014000"
"17050545","19001","MEGA INFRA SOLUCOES EM INFRAESTRUTURA LTDA (Filial SP)","07.525.262/0004-61","4-IMPLANTAÇÃO_DE_REDE_INTERNA","","Nobreak - Equip - MEGA - NO","1","1.491,72","1.491,72","Material","31/07/2026","4549","4209","Aprovado","Notas pendentes","836","Não","5","Conectada","1785247521441x845074837898381000"
"17051657","19001","MEGA INFRA SOLUCOES EM INFRAESTRUTURA LTDA (Filial SP)","07.525.262/0004-61","4-IMPLANTAÇÃO_DE_REDE_INTERNA","","Nobreak - Equip - MEGA - NO","1","1.491,72","1.491,72","Material","31/07/2026","4549","4209","Aprovado","Notas pendentes","","Não","5","Em planejamento","1785247521776x214557053420594500"
"35468320","19001","MEGA INFRA SOLUCOES EM INFRAESTRUTURA LTDA (Filial SP)","07.525.262/0004-61","4-IMPLANTAÇÃO_DE_REDE_INTERNA","","Kit Cobertura Wi-Fi - 13 Access Points - Equip - MEGA - SE","1","23.880,66","23.880,66","Material","31/07/2026","4550","4171","Aprovado","","822","Não","5","Conectada","1785249957701x700835671356546400"
"35006019","19001","MEGA INFRA SOLUCOES EM INFRAESTRUTURA LTDA (Filial SP)","07.525.262/0004-61","4-IMPLANTAÇÃO_DE_REDE_INTERNA","","Kit Cobertura Wi-Fi - 10 Access Points - Equip - MEGA - SE","1","20.171,96","20.171,96","Material","31/07/2026","4550","4171","Aprovado","","800","Não","5","Conectada","1785249957786x841186154353016300"
"35006019","19001","MEGA INFRA SOLUCOES EM INFRAESTRUTURA LTDA (Filial SP)","07.525.262/0004-61","4-IMPLANTAÇÃO_DE_REDE_INTERNA","","Nobreak - Equip - MEGA - SE","1","1.551,93","1.551,93","Material","31/07/2026","4550","4171","Aprovado","","801","Não","5","Conectada","1785249957901x597557838431805840"
"35200759","19001","MEGA INFRA SOLUCOES EM INFRAESTRUTURA LTDA (Filial SP)","07.525.262/0004-61","4-IMPLANTAÇÃO_DE_REDE_INTERNA","","Kit Cobertura Wi-Fi - 10 Access Points - Equip - MEGA - SE","1","20.171,96","20.171,96","Material","31/07/2026","4550","4171","Aprovado","","808","Não","5","Conectada","1785249957965x576194280259484160"
"35200759","19001","MEGA INFRA SOLUCOES EM INFRAESTRUTURA LTDA (Filial SP)","07.525.262/0004-61","4-IMPLANTAÇÃO_DE_REDE_INTERNA","","Nobreak - Equip - MEGA - SE","1","1.551,93","1.551,93","Material","31/07/2026","4550","4171","Aprovado","","809","Não","5","Conectada","1785249957974x263958923532305660"
"17009987","19001","MEGA INFRA SOLUCOES EM INFRAESTRUTURA LTDA (Filial SP)","07.525.262/0004-61","4-IMPLANTAÇÃO_DE_REDE_INTERNA","","Kit Cobertura Wi-Fi - 6 Access Points - Equip - MEGA - NO","1","13.896,92","13.896,92","Material","31/07/2026","4551","4210","Aprovado","","840","Não","5","Conectada","1785250231903x190789108055645400"
"52101835","19001","MEGA INFRA SOLUCOES EM INFRAESTRUTURA LTDA (Filial SP)","07.525.262/0004-61","4-IMPLANTAÇÃO_DE_REDE_INTERNA","","Nobreak - Equip - MEGA - CO","1","1.491,72","1.491,72","Material","31/08/2026","4557","4201","Aprovado","Notas pendentes","","Não","5","Em planejamento","1785260383932x312852420901445200"
"52000486","19001","MEGA INFRA SOLUCOES EM INFRAESTRUTURA LTDA (Filial SP)","07.525.262/0004-61","4-IMPLANTAÇÃO_DE_REDE_INTERNA","","Nobreak - Equip - MEGA - CO","1","1.491,72","1.491,72","Material","31/08/2026","4557","4201","Aprovado","Notas pendentes","","Não","5","Em planejamento","1785260384093x302354651936153700"
"52041565","19001","MEGA INFRA SOLUCOES EM INFRAESTRUTURA LTDA (Filial SP)","07.525.262/0004-61","4-IMPLANTAÇÃO_DE_REDE_INTERNA","","Kit Cobertura Wi-Fi - 4 Access Points - Equip - MEGA - CO","1","11.520,39","11.520,39","Material","31/08/2026","4557","4201","Aprovado","Notas pendentes","1367","Não","5","Conectada","1785260384092x436662753262361300"
"52022579","19001","MEGA INFRA SOLUCOES EM INFRAESTRUTURA LTDA (Filial SP)","07.525.262/0004-61","4-IMPLANTAÇÃO_DE_REDE_INTERNA","","Nobreak - Equip - MEGA - CO","1","1.491,72","1.491,72","Material","31/08/2026","4557","4201","Aprovado","Notas pendentes","","Não","5","Em planejamento","1785260385142x704965647675833900"
"52041697","19001","MEGA INFRA SOLUCOES EM INFRAESTRUTURA LTDA (Filial SP)","07.525.262/0004-61","4-IMPLANTAÇÃO_DE_REDE_INTERNA","","Nobreak - Equip - MEGA - CO","1","1.491,72","1.491,72","Material","31/08/2026","4557","4201","Aprovado","Notas pendentes","","Não","5","Conectada","1785260385574x394704424833449500"
"52107922","19001","MEGA INFRA SOLUCOES EM INFRAESTRUTURA LTDA (Filial SP)","07.525.262/0004-61","4-IMPLANTAÇÃO_DE_REDE_INTERNA","","Nobreak - Equip - MEGA - CO","1","1.491,72","1.491,72","Material","31/08/2026","4557","4201","Aprovado","Notas pendentes","","Não","5","Em planejamento","1785260386200x520567230948913100"
"52069192","19001","MEGA INFRA SOLUCOES EM INFRAESTRUTURA LTDA (Filial SP)","07.525.262/0004-61","4-IMPLANTAÇÃO_DE_REDE_INTERNA","","Nobreak - Equip - MEGA - CO","1","1.491,72","1.491,72","Material","31/08/2026","4557","4201","Aprovado","Notas pendentes","1045","Não","5","Conectada","1785260386238x148979585236403300"
"52041565","19001","MEGA INFRA SOLUCOES EM INFRAESTRUTURA LTDA (Filial SP)","07.525.262/0004-61","4-IMPLANTAÇÃO_DE_REDE_INTERNA","","Nobreak - Equip - MEGA - CO","1","1.491,72","1.491,72","Material","31/08/2026","4557","4201","Aprovado","Notas pendentes","1368","Não","5","Conectada","1785260388812x939444248369213200"
"52064360","19001","MEGA INFRA SOLUCOES EM INFRAESTRUTURA LTDA (Filial SP)","07.525.262/0004-61","4-IMPLANTAÇÃO_DE_REDE_INTERNA","","Nobreak - Equip - MEGA - CO","1","1.491,72","1.491,72","Material","31/08/2026","4557","4201","Aprovado","Notas pendentes","","Não","5","Em implantação","1785260388818x820908760201375600"
"52041697","19001","MEGA INFRA SOLUCOES EM INFRAESTRUTURA LTDA (Filial SP)","07.525.262/0004-61","4-IMPLANTAÇÃO_DE_REDE_INTERNA","","Kit Cobertura Wi-Fi - 3 Access Points - Equip - MEGA - CO","1","10.332,12","10.332,12","Material","31/08/2026","4557","4201","Aprovado","Notas pendentes","","Não","5","Conectada","1785260389526x735388607953629300"
"52012174","19001","MEGA INFRA SOLUCOES EM INFRAESTRUTURA LTDA (Filial SP)","07.525.262/0004-61","4-IMPLANTAÇÃO_DE_REDE_INTERNA","","Kit Cobertura Wi-Fi - 6 Access Points - Equip - MEGA - CO","1","13.896,92","13.896,92","Material","31/08/2026","4558","4267","Aprovado","Notas pendentes","","Não","5","Em planejamento","1785260920009x457584019370376400"
"52008479","19001","MEGA INFRA SOLUCOES EM INFRAESTRUTURA LTDA (Filial SP)","07.525.262/0004-61","4-IMPLANTAÇÃO_DE_REDE_INTERNA","","Kit Cobertura Wi-Fi - 5 Access Points - Equip - MEGA - CO","1","12.708,66","12.708,66","Material","31/08/2026","4558","4267","Aprovado","Notas pendentes","","Não","5","Em planejamento","1785260920269x511674881945319600"
"52040569","19001","MEGA INFRA SOLUCOES EM INFRAESTRUTURA LTDA (Filial SP)","07.525.262/0004-61","4-IMPLANTAÇÃO_DE_REDE_INTERNA","","Kit Cobertura Wi-Fi - 5 Access Points - Equip - MEGA - CO","1","12.708,66","12.708,66","Material","31/08/2026","4558","4267","Aprovado","Notas pendentes","","Não","5","Em planejamento","1785260920353x857298067860724700"
"52008479","19001","MEGA INFRA SOLUCOES EM INFRAESTRUTURA LTDA (Filial SP)","07.525.262/0004-61","4-IMPLANTAÇÃO_DE_REDE_INTERNA","","Nobreak - Equip - MEGA - CO","1","1.491,72","1.491,72","Material","31/08/2026","4558","4267","Aprovado","Notas pendentes","","Não","5","Em planejamento","1785260920483x223433140366180220"
"52040585","19001","MEGA INFRA SOLUCOES EM INFRAESTRUTURA LTDA (Filial SP)","07.525.262/0004-61","4-IMPLANTAÇÃO_DE_REDE_INTERNA","","Nobreak - Equip - MEGA - CO","1","1.491,72","1.491,72","Material","31/08/2026","4558","4267","Aprovado","Notas pendentes","","Não","5","Em planejamento","1785260920785x580525919926585700"
"52040780","19001","MEGA INFRA SOLUCOES EM INFRAESTRUTURA LTDA (Filial SP)","07.525.262/0004-61","4-IMPLANTAÇÃO_DE_REDE_INTERNA","","Nobreak - Equip - MEGA - CO","1","1.491,72","1.491,72","Material","31/08/2026","4558","4267","Aprovado","Notas pendentes","1107","Não","5","Conectada","1785260921096x685668324236445200"
"52012174","19001","MEGA INFRA SOLUCOES EM INFRAESTRUTURA LTDA (Filial SP)","07.525.262/0004-61","4-IMPLANTAÇÃO_DE_REDE_INTERNA","","Nobreak - Equip - MEGA - CO","1","1.491,72","1.491,72","Material","31/08/2026","4558","4267","Aprovado","Notas pendentes","","Não","5","Em planejamento","1785260921097x742897420076124700"
"52040569","19001","MEGA INFRA SOLUCOES EM INFRAESTRUTURA LTDA (Filial SP)","07.525.262/0004-61","4-IMPLANTAÇÃO_DE_REDE_INTERNA","","Nobreak - Equip - MEGA - CO","1","1.491,72","1.491,72","Material","31/08/2026","4558","4267","Aprovado","Notas pendentes","","Não","5","Em planejamento","1785260921076x977243944137202000"
"50010735","19001","MEGA INFRA SOLUCOES EM INFRAESTRUTURA LTDA (Filial SP)","07.525.262/0004-61","4-IMPLANTAÇÃO_DE_REDE_INTERNA","","Kit Cobertura Wi-Fi - 12 Access Points - Equip - MEGA - CO","1","21.765,83","21.765,83","Material","31/08/2026","4559","4268","Aprovado","Notas pendentes","","Não","5","Em planejamento","1785261407617x408193810097551300"
"50010727","19001","MEGA INFRA SOLUCOES EM INFRAESTRUTURA LTDA (Filial SP)","07.525.262/0004-61","4-IMPLANTAÇÃO_DE_REDE_INTERNA","","Kit Cobertura Wi-Fi - 11 Access Points - Equip - MEGA - CO","1","20.577,55","20.577,55","Material","31/08/2026","4559","4268","Aprovado","Notas pendentes","","Não","5","Em planejamento","1785261407645x365909136159548350"
"50034375","19001","MEGA INFRA SOLUCOES EM INFRAESTRUTURA LTDA (Filial SP)","07.525.262/0004-61","4-IMPLANTAÇÃO_DE_REDE_INTERNA","","Kit Cobertura Wi-Fi - 11 Access Points - Equip - MEGA - CO","1","20.577,55","20.577,55","Material","31/08/2026","4559","4268","Aprovado","Notas pendentes","","Não","5","Em planejamento","1785261407860x127615755150013660"
"50010743","19001","MEGA INFRA SOLUCOES EM INFRAESTRUTURA LTDA (Filial SP)","07.525.262/0004-61","4-IMPLANTAÇÃO_DE_REDE_INTERNA","","Kit Cobertura Wi-Fi - 11 Access Points - Equip - MEGA - CO","1","20.577,55","20.577,55","Material","31/08/2026","4559","4268","Aprovado","Notas pendentes","","Não","5","Em planejamento","1785261407927x448553294009213000"
"50005111","19001","MEGA INFRA SOLUCOES EM INFRAESTRUTURA LTDA (Filial SP)","07.525.262/0004-61","4-IMPLANTAÇÃO_DE_REDE_INTERNA","","Nobreak - Equip - MEGA - CO","1","1.491,72","1.491,72","Material","31/08/2026","4559","4268","Aprovado","Notas pendentes","1139","Não","5","Conectada","1785261408322x828812165725198000"
"50033433","19001","MEGA INFRA SOLUCOES EM INFRAESTRUTURA LTDA (Filial SP)","07.525.262/0004-61","4-IMPLANTAÇÃO_DE_REDE_INTERNA","","Nobreak - Equip - MEGA - CO","1","1.491,72","1.491,72","Material","31/08/2026","4559","4268","Aprovado","Notas pendentes","1312","Sim","5","Conectada","1785261408520x509395430484800300"
"50031287","19001","MEGA INFRA SOLUCOES EM INFRAESTRUTURA LTDA (Filial SP)","07.525.262/0004-61","4-IMPLANTAÇÃO_DE_REDE_INTERNA","","Nobreak - Equip - MEGA - CO","1","1.491,72","1.491,72","Material","31/08/2026","4559","4268","Aprovado","Notas pendentes","1001","Não","5","Conectada","1785261408554x908583587958892500"
"50010743","19001","MEGA INFRA SOLUCOES EM INFRAESTRUTURA LTDA (Filial SP)","07.525.262/0004-61","4-IMPLANTAÇÃO_DE_REDE_INTERNA","","Nobreak - Equip - MEGA - CO","1","1.491,72","1.491,72","Material","31/08/2026","4559","4268","Aprovado","Notas pendentes","","Não","5","Em planejamento","1785261408579x464594236788850240"
"50010735","19001","MEGA INFRA SOLUCOES EM INFRAESTRUTURA LTDA (Filial SP)","07.525.262/0004-61","4-IMPLANTAÇÃO_DE_REDE_INTERNA","","Nobreak - Equip - MEGA - CO","1","1.491,72","1.491,72","Material","31/08/2026","4559","4268","Aprovado","Notas pendentes","","Não","5","Em planejamento","1785261408628x834044100335588400"
"50010727","19001","MEGA INFRA SOLUCOES EM INFRAESTRUTURA LTDA (Filial SP)","07.525.262/0004-61","4-IMPLANTAÇÃO_DE_REDE_INTERNA","","Nobreak - Equip - MEGA - CO","1","1.491,72","1.491,72","Material","31/08/2026","4559","4268","Aprovado","Notas pendentes","","Não","5","Em planejamento","1785261408893x168031970327586760"
"50034375","19001","MEGA INFRA SOLUCOES EM INFRAESTRUTURA LTDA (Filial SP)","07.525.262/0004-61","4-IMPLANTAÇÃO_DE_REDE_INTERNA","","Nobreak - Equip - MEGA - CO","1","1.491,72","1.491,72","Material","31/08/2026","4559","4268","Aprovado","Notas pendentes","","Não","5","Em planejamento","1785261408924x329000016176961100"
"51071967","19001","MEGA INFRA SOLUCOES EM INFRAESTRUTURA LTDA (Filial SP)","07.525.262/0004-61","4-IMPLANTAÇÃO_DE_REDE_INTERNA","","Kit Cobertura Wi-Fi - 9 Access Points - Equip - MEGA - CO","1","18.201,02","18.201,02","Material","31/08/2026","4561","4269","Aprovado","Notas pendentes","","Não","5","Em planejamento","1785262147299x941318007205164500"
"51059673","19001","MEGA INFRA SOLUCOES EM INFRAESTRUTURA LTDA (Filial SP)","07.525.262/0004-61","4-IMPLANTAÇÃO_DE_REDE_INTERNA","","Kit Cobertura Wi-Fi - 8 Access Points - Equip - MEGA - CO","1","17.012,75","17.012,75","Material","31/08/2026","4561","4269","Aprovado","Notas pendentes","","Não","5","Em planejamento","1785262147366x821525431654745600"
"51091046","19001","MEGA INFRA SOLUCOES EM INFRAESTRUTURA LTDA (Filial SP)","07.525.262/0004-61","4-IMPLANTAÇÃO_DE_REDE_INTERNA","","Kit Cobertura Wi-Fi - 8 Access Points - Equip - MEGA - CO","1","17.012,75","17.012,75","Material","31/08/2026","4561","4269","Aprovado","Notas pendentes","","Não","5","Em planejamento","1785262147664x830287628832927100"
"51038625","19001","MEGA INFRA SOLUCOES EM INFRAESTRUTURA LTDA (Filial SP)","07.525.262/0004-61","4-IMPLANTAÇÃO_DE_REDE_INTERNA","","Kit Cobertura Wi-Fi - 10 Access Points - Equip - MEGA - CO","1","19.389,29","19.389,29","Material","31/08/2026","4561","4269","Aprovado","Notas pendentes","","Não","5","Em planejamento","1785262148031x254424265814176000"
"51040220","19001","MEGA INFRA SOLUCOES EM INFRAESTRUTURA LTDA (Filial SP)","07.525.262/0004-61","4-IMPLANTAÇÃO_DE_REDE_INTERNA","","Kit Cobertura Wi-Fi - 9 Access Points - Equip - MEGA - CO","1","18.201,02","18.201,02","Material","31/08/2026","4561","4269","Aprovado","Notas pendentes","","Não","5","Conectada","1785262148147x633010295292274000"
"51072084","19001","MEGA INFRA SOLUCOES EM INFRAESTRUTURA LTDA (Filial SP)","07.525.262/0004-61","4-IMPLANTAÇÃO_DE_REDE_INTERNA","","Nobreak - Equip - MEGA - CO","1","1.491,72","1.491,72","Material","31/08/2026","4561","4269","Aprovado","Notas pendentes","","Não","5","Em planejamento","1785262148259x909505372332022100"
"51089726","19001","MEGA INFRA SOLUCOES EM INFRAESTRUTURA LTDA (Filial SP)","07.525.262/0004-61","4-IMPLANTAÇÃO_DE_REDE_INTERNA","","Kit Cobertura Wi-Fi - 9 Access Points - Equip - MEGA - CO","1","18.201,02","18.201,02","Material","31/08/2026","4561","4269","Aprovado","Notas pendentes","","Não","5","Em planejamento","1785262148318x825616859022215400"
"51071681","19001","MEGA INFRA SOLUCOES EM INFRAESTRUTURA LTDA (Filial SP)","07.525.262/0004-61","4-IMPLANTAÇÃO_DE_REDE_INTERNA","","Nobreak - Equip - MEGA - CO","1","1.491,72","1.491,72","Material","31/08/2026","4561","4269","Aprovado","Notas pendentes","1304","Não","5","Conectada","1785262148719x392893403745183400"
"51059673","19001","MEGA INFRA SOLUCOES EM INFRAESTRUTURA LTDA (Filial SP)","07.525.262/0004-61","4-IMPLANTAÇÃO_DE_REDE_INTERNA","","Nobreak - Equip - MEGA - CO","1","1.491,72","1.491,72","Material","31/08/2026","4561","4269","Aprovado","Notas pendentes","","Não","5","Em planejamento","1785262148841x571193321731895440"
"51071967","19001","MEGA INFRA SOLUCOES EM INFRAESTRUTURA LTDA (Filial SP)","07.525.262/0004-61","4-IMPLANTAÇÃO_DE_REDE_INTERNA","","Nobreak - Equip - MEGA - CO","1","1.491,72","1.491,72","Material","31/08/2026","4561","4269","Aprovado","Notas pendentes","","Não","5","Em planejamento","1785262149164x550207544836626370"
"51072084","19001","MEGA INFRA SOLUCOES EM INFRAESTRUTURA LTDA (Filial SP)","07.525.262/0004-61","4-IMPLANTAÇÃO_DE_REDE_INTERNA","","Kit Cobertura Wi-Fi - 7 Access Points - Equip - MEGA - CO","1","15.085,20","15.085,20","Material","31/08/2026","4561","4269","Aprovado","Notas pendentes","","Não","5","Em planejamento","1785262149241x295268434871961200"
"51038625","19001","MEGA INFRA SOLUCOES EM INFRAESTRUTURA LTDA (Filial SP)","07.525.262/0004-61","4-IMPLANTAÇÃO_DE_REDE_INTERNA","","Nobreak - Equip - MEGA - CO","1","1.491,72","1.491,72","Material","31/08/2026","4561","4269","Aprovado","Notas pendentes","","Não","5","Em planejamento","1785262149261x442280129768554100"
"51071681","19001","MEGA INFRA SOLUCOES EM INFRAESTRUTURA LTDA (Filial SP)","07.525.262/0004-61","4-IMPLANTAÇÃO_DE_REDE_INTERNA","","Kit Cobertura Wi-Fi - 2 Access Points - Equip - MEGA - CO","1","9.143,85","9.143,85","Material","31/08/2026","4561","4269","Aprovado","Notas pendentes","1302","Não","5","Conectada","1785262149257x934189687336563200"
"51040220","19001","MEGA INFRA SOLUCOES EM INFRAESTRUTURA LTDA (Filial SP)","07.525.262/0004-61","4-IMPLANTAÇÃO_DE_REDE_INTERNA","","Nobreak - Equip - MEGA - CO","1","1.491,72","1.491,72","Material","31/08/2026","4561","4269","Aprovado","Notas pendentes","","Não","5","Conectada","1785262149427x578953067362857700"
"51089726","19001","MEGA INFRA SOLUCOES EM INFRAESTRUTURA LTDA (Filial SP)","07.525.262/0004-61","4-IMPLANTAÇÃO_DE_REDE_INTERNA","","Nobreak - Equip - MEGA - CO","1","1.491,72","1.491,72","Material","31/08/2026","4561","4269","Aprovado","Notas pendentes","","Não","5","Em planejamento","1785262149441x397049348009681500"
"51091046","19001","MEGA INFRA SOLUCOES EM INFRAESTRUTURA LTDA (Filial SP)","07.525.262/0004-61","4-IMPLANTAÇÃO_DE_REDE_INTERNA","","Nobreak - Equip - MEGA - CO","1","1.491,72","1.491,72","Material","31/08/2026","4561","4269","Aprovado","Notas pendentes","","Não","5","Em planejamento","1785262150312x776381037833995300"
"51205807","19001","MEGA INFRA SOLUCOES EM INFRAESTRUTURA LTDA (Filial SP)","07.525.262/0004-61","4-IMPLANTAÇÃO_DE_REDE_INTERNA","","Kit Cobertura Wi-Fi - 12 Access Points - Equip - MEGA - CO","1","21.765,83","21.765,83","Material","31/08/2026","4562","4270","Aprovado","Nota Fiscal","","Não","5","Em planejamento","1785262976991x783682686383313900"
"51053489","19001","MEGA INFRA SOLUCOES EM INFRAESTRUTURA LTDA (Filial SP)","07.525.262/0004-61","4-IMPLANTAÇÃO_DE_REDE_INTERNA","","Kit Cobertura Wi-Fi - 12 Access Points - Equip - MEGA - CO","1","21.765,83","21.765,83","Material","31/08/2026","4562","4270","Aprovado","Nota Fiscal","","Não","5","Em planejamento","1785262977136x520659911659932860"
"51028190","19001","MEGA INFRA SOLUCOES EM INFRAESTRUTURA LTDA (Filial SP)","07.525.262/0004-61","4-IMPLANTAÇÃO_DE_REDE_INTERNA","","Kit Cobertura Wi-Fi - 11 Access Points - Equip - MEGA - CO","1","20.577,55","20.577,55","Material","31/08/2026","4562","4270","Aprovado","Nota Fiscal","","Não","5","Em planejamento","1785262977307x992011582812354200"
"51027984","19001","MEGA INFRA SOLUCOES EM INFRAESTRUTURA LTDA (Filial SP)","07.525.262/0004-61","4-IMPLANTAÇÃO_DE_REDE_INTERNA","","Kit Cobertura Wi-Fi - 11 Access Points - Equip - MEGA - CO","1","20.577,55","20.577,55","Material","31/08/2026","4562","4270","Aprovado","Nota Fiscal","","Não","5","Em planejamento","1785262977371x619845570760430200"
"51035251","19001","MEGA INFRA SOLUCOES EM INFRAESTRUTURA LTDA (Filial SP)","07.525.262/0004-61","4-IMPLANTAÇÃO_DE_REDE_INTERNA","","Kit Cobertura Wi-Fi - 10 Access Points - Equip - MEGA - CO","1","19.389,29","19.389,29","Material","31/08/2026","4562","4270","Aprovado","Nota Fiscal","","Não","5","Em planejamento","1785262977595x457790176453310100"
"51094070","19001","MEGA INFRA SOLUCOES EM INFRAESTRUTURA LTDA (Filial SP)","07.525.262/0004-61","4-IMPLANTAÇÃO_DE_REDE_INTERNA","","Kit Cobertura Wi-Fi - 9 Access Points - Equip - MEGA - CO","1","18.201,02","18.201,02","Material","31/08/2026","4562","4270","Aprovado","Nota Fiscal","","Não","5","Conectada","1785262977738x156355540823393630"
"51040212","19001","MEGA INFRA SOLUCOES EM INFRAESTRUTURA LTDA (Filial SP)","07.525.262/0004-61","4-IMPLANTAÇÃO_DE_REDE_INTERNA","","Kit Cobertura Wi-Fi - 9 Access Points - Equip - MEGA - CO","1","18.201,02","18.201,02","Material","31/08/2026","4562","4270","Aprovado","Nota Fiscal","","Não","5","Em planejamento","1785262977925x613349869213291600"
"51205807","19001","MEGA INFRA SOLUCOES EM INFRAESTRUTURA LTDA (Filial SP)","07.525.262/0004-61","4-IMPLANTAÇÃO_DE_REDE_INTERNA","","Nobreak - Equip - MEGA - CO","1","1.491,72","1.491,72","Material","31/08/2026","4562","4270","Aprovado","Nota Fiscal","","Não","5","Em planejamento","1785262977992x337338903908331900"
"51094070","19001","MEGA INFRA SOLUCOES EM INFRAESTRUTURA LTDA (Filial SP)","07.525.262/0004-61","4-IMPLANTAÇÃO_DE_REDE_INTERNA","","Nobreak - Equip - MEGA - CO","1","1.491,72","1.491,72","Material","31/08/2026","4562","4270","Aprovado","Nota Fiscal","","Não","5","Conectada","1785262978068x274548350980943870"
"51028190","19001","MEGA INFRA SOLUCOES EM INFRAESTRUTURA LTDA (Filial SP)","07.525.262/0004-61","4-IMPLANTAÇÃO_DE_REDE_INTERNA","","Nobreak - Equip - MEGA - CO","1","1.491,72","1.491,72","Material","31/08/2026","4562","4270","Aprovado","Nota Fiscal","","Não","5","Em planejamento","1785262978143x610925424227086300"
"51040212","19001","MEGA INFRA SOLUCOES EM INFRAESTRUTURA LTDA (Filial SP)","07.525.262/0004-61","4-IMPLANTAÇÃO_DE_REDE_INTERNA","","Nobreak - Equip - MEGA - CO","1","1.491,72","1.491,72","Material","31/08/2026","4562","4270","Aprovado","Nota Fiscal","","Não","5","Em planejamento","1785262978319x236023866531816830"
"51027984","19001","MEGA INFRA SOLUCOES EM INFRAESTRUTURA LTDA (Filial SP)","07.525.262/0004-61","4-IMPLANTAÇÃO_DE_REDE_INTERNA","","Nobreak - Equip - MEGA - CO","1","1.491,72","1.491,72","Material","31/08/2026","4562","4270","Aprovado","Nota Fiscal","","Não","5","Em planejamento","1785262978438x665575977596460300"
"51058820","19001","MEGA INFRA SOLUCOES EM INFRAESTRUTURA LTDA (Filial SP)","07.525.262/0004-61","4-IMPLANTAÇÃO_DE_REDE_INTERNA","","Nobreak - Equip - MEGA - CO","1","1.491,72","1.491,72","Material","31/08/2026","4562","4270","Aprovado","Nota Fiscal","","Não","5","Em planejamento","1785262978490x967291109190147500"
"51053489","19001","MEGA INFRA SOLUCOES EM INFRAESTRUTURA LTDA (Filial SP)","07.525.262/0004-61","4-IMPLANTAÇÃO_DE_REDE_INTERNA","","Nobreak - Equip - MEGA - CO","1","1.491,72","1.491,72","Material","31/08/2026","4562","4270","Aprovado","Nota Fiscal","","Não","5","Em planejamento","1785262978710x878477696746107900"
"51035251","19001","MEGA INFRA SOLUCOES EM INFRAESTRUTURA LTDA (Filial SP)","07.525.262/0004-61","4-IMPLANTAÇÃO_DE_REDE_INTERNA","","Nobreak - Equip - MEGA - CO","1","1.491,72","1.491,72","Material","31/08/2026","4562","4270","Aprovado","Nota Fiscal","","Não","5","Em planejamento","1785262978743x294570918420933760"
"51091364","19001","MEGA INFRA SOLUCOES EM INFRAESTRUTURA LTDA (Filial SP)","07.525.262/0004-61","4-IMPLANTAÇÃO_DE_REDE_INTERNA","","Kit Cobertura Wi-Fi - 10 Access Points - Equip - MEGA - CO","1","19.389,29","19.389,29","Material","31/08/2026","4563","4331","Aprovado","Nota Fiscal","","Não","5","Em planejamento","1785263148525x845116297734967600"
"51067242","19001","MEGA INFRA SOLUCOES EM INFRAESTRUTURA LTDA (Filial SP)","07.525.262/0004-61","4-IMPLANTAÇÃO_DE_REDE_INTERNA","","Kit Cobertura Wi-Fi - 12 Access Points - Equip - MEGA - CO","1","21.765,83","21.765,83","Material","31/08/2026","4563","4331","Aprovado","Nota Fiscal","","Não","5","Em planejamento","1785263148688x363920241015778700"
"51046059","19001","MEGA INFRA SOLUCOES EM INFRAESTRUTURA LTDA (Filial SP)","07.525.262/0004-61","4-IMPLANTAÇÃO_DE_REDE_INTERNA","","Kit Cobertura Wi-Fi - 9 Access Points - Equip - MEGA - CO","1","18.201,02","18.201,02","Material","31/08/2026","4563","4331","Aprovado","Nota Fiscal","","Não","5","Em planejamento","1785263149069x421210956641264060"
"51043114","19001","MEGA INFRA SOLUCOES EM INFRAESTRUTURA LTDA (Filial SP)","07.525.262/0004-61","4-IMPLANTAÇÃO_DE_REDE_INTERNA","","Kit Cobertura Wi-Fi - 10 Access Points - Equip - MEGA - CO","1","19.389,29","19.389,29","Material","31/08/2026","4563","4331","Aprovado","Nota Fiscal","","Não","5","Em planejamento","1785263149171x559946995409903200"
"51042622","19001","MEGA INFRA SOLUCOES EM INFRAESTRUTURA LTDA (Filial SP)","07.525.262/0004-61","4-IMPLANTAÇÃO_DE_REDE_INTERNA","","Kit Cobertura Wi-Fi - 10 Access Points - Equip - MEGA - CO","1","19.389,29","19.389,29","Material","31/08/2026","4563","4331","Aprovado","Nota Fiscal","","Não","5","Em planejamento","1785263149517x531473683283119500"
"51090295","19001","MEGA INFRA SOLUCOES EM INFRAESTRUTURA LTDA (Filial SP)","07.525.262/0004-61","4-IMPLANTAÇÃO_DE_REDE_INTERNA","","Kit Cobertura Wi-Fi - 9 Access Points - Equip - MEGA - CO","1","18.201,02","18.201,02","Material","31/08/2026","4563","4331","Aprovado","Nota Fiscal","","Não","5","Em planejamento","1785263149608x875465020828698800"
"51043106","19001","MEGA INFRA SOLUCOES EM INFRAESTRUTURA LTDA (Filial SP)","07.525.262/0004-61","4-IMPLANTAÇÃO_DE_REDE_INTERNA","","Kit Cobertura Wi-Fi - 8 Access Points - Equip - MEGA - CO","1","17.012,75","17.012,75","Material","31/08/2026","4563","4331","Aprovado","Nota Fiscal","","Não","5","Em planejamento","1785263149785x112045536762297230"
"51042622","19001","MEGA INFRA SOLUCOES EM INFRAESTRUTURA LTDA (Filial SP)","07.525.262/0004-61","4-IMPLANTAÇÃO_DE_REDE_INTERNA","","Nobreak - Equip - MEGA - CO","1","1.491,72","1.491,72","Material","31/08/2026","4563","4331","Aprovado","Nota Fiscal","","Não","5","Em planejamento","1785263150165x186271303588353860"
"51043203","19001","MEGA INFRA SOLUCOES EM INFRAESTRUTURA LTDA (Filial SP)","07.525.262/0004-61","4-IMPLANTAÇÃO_DE_REDE_INTERNA","","Kit Cobertura Wi-Fi - 7 Access Points - Equip - MEGA - CO","1","15.085,20","15.085,20","Material","31/08/2026","4563","4331","Aprovado","Nota Fiscal","","Não","5","Em planejamento","1785263150210x553612564234807100"
"51043114","19001","MEGA INFRA SOLUCOES EM INFRAESTRUTURA LTDA (Filial SP)","07.525.262/0004-61","4-IMPLANTAÇÃO_DE_REDE_INTERNA","","Nobreak - Equip - MEGA - CO","1","1.491,72","1.491,72","Material","31/08/2026","4563","4331","Aprovado","Nota Fiscal","","Não","5","Em planejamento","1785263150605x528534671714602000"
"51043203","19001","MEGA INFRA SOLUCOES EM INFRAESTRUTURA LTDA (Filial SP)","07.525.262/0004-61","4-IMPLANTAÇÃO_DE_REDE_INTERNA","","Nobreak - Equip - MEGA - CO","1","1.491,72","1.491,72","Material","31/08/2026","4563","4331","Aprovado","Nota Fiscal","","Não","5","Em planejamento","1785263150701x213644666484710460"
"51043106","19001","MEGA INFRA SOLUCOES EM INFRAESTRUTURA LTDA (Filial SP)","07.525.262/0004-61","4-IMPLANTAÇÃO_DE_REDE_INTERNA","","Nobreak - Equip - MEGA - CO","1","1.491,72","1.491,72","Material","31/08/2026","4563","4331","Aprovado","Nota Fiscal","","Não","5","Em planejamento","1785263151193x756869490677043100"
"51046059","19001","MEGA INFRA SOLUCOES EM INFRAESTRUTURA LTDA (Filial SP)","07.525.262/0004-61","4-IMPLANTAÇÃO_DE_REDE_INTERNA","","Nobreak - Equip - MEGA - CO","1","1.491,72","1.491,72","Material","31/08/2026","4563","4331","Aprovado","Nota Fiscal","","Não","5","Em planejamento","1785263151651x173660809170155260"
"51067242","19001","MEGA INFRA SOLUCOES EM INFRAESTRUTURA LTDA (Filial SP)","07.525.262/0004-61","4-IMPLANTAÇÃO_DE_REDE_INTERNA","","Nobreak - Equip - MEGA - CO","1","1.491,72","1.491,72","Material","31/08/2026","4563","4331","Aprovado","Nota Fiscal","","Não","5","Em planejamento","1785263152175x901930979556075000"
"51090295","19001","MEGA INFRA SOLUCOES EM INFRAESTRUTURA LTDA (Filial SP)","07.525.262/0004-61","4-IMPLANTAÇÃO_DE_REDE_INTERNA","","Nobreak - Equip - MEGA - CO","1","1.491,72","1.491,72","Material","31/08/2026","4563","4331","Aprovado","Nota Fiscal","","Não","5","Em planejamento","1785263152423x834317834553366700"
"51091364","19001","MEGA INFRA SOLUCOES EM INFRAESTRUTURA LTDA (Filial SP)","07.525.262/0004-61","4-IMPLANTAÇÃO_DE_REDE_INTERNA","","Nobreak - Equip - MEGA - CO","1","1.491,72","1.491,72","Material","31/08/2026","4563","4331","Aprovado","Nota Fiscal","","Não","5","Em planejamento","1785263152676x144675649200964860"
"51040050","19001","MEGA INFRA SOLUCOES EM INFRAESTRUTURA LTDA (Filial SP)","07.525.262/0004-61","4-IMPLANTAÇÃO_DE_REDE_INTERNA","","Kit Cobertura Wi-Fi - 12 Access Points - Equip - MEGA - CO","1","21.765,83","21.765,83","Material","31/08/2026","4564","4332","Aprovado","Nota Fiscal","","Não","5","Em planejamento","1785263496256x514150603258498370"
"51038595","19001","MEGA INFRA SOLUCOES EM INFRAESTRUTURA LTDA (Filial SP)","07.525.262/0004-61","4-IMPLANTAÇÃO_DE_REDE_INTERNA","","Kit Cobertura Wi-Fi - 11 Access Points - Equip - MEGA - CO","1","20.577,55","20.577,55","Material","31/08/2026","4564","4332","Aprovado","Nota Fiscal","","Não","5","Em planejamento","1785263496388x960352179569898000"
"51028492","19001","MEGA INFRA SOLUCOES EM INFRAESTRUTURA LTDA (Filial SP)","07.525.262/0004-61","4-IMPLANTAÇÃO_DE_REDE_INTERNA","","Kit Cobertura Wi-Fi - 12 Access Points - Equip - MEGA - CO","1","21.765,83","21.765,83","Material","31/08/2026","4564","4332","Aprovado","Nota Fiscal","","Não","5","Em planejamento","1785263496596x924495077695797900"
"51028506","19001","MEGA INFRA SOLUCOES EM INFRAESTRUTURA LTDA (Filial SP)","07.525.262/0004-61","4-IMPLANTAÇÃO_DE_REDE_INTERNA","","Kit Cobertura Wi-Fi - 11 Access Points - Equip - MEGA - CO","1","20.577,55","20.577,55","Material","31/08/2026","4564","4332","Aprovado","Nota Fiscal","","Não","5","Em planejamento","1785263496599x242622840832173340"
"51040522","19001","MEGA INFRA SOLUCOES EM INFRAESTRUTURA LTDA (Filial SP)","07.525.262/0004-61","4-IMPLANTAÇÃO_DE_REDE_INTERNA","","Kit Cobertura Wi-Fi - 9 Access Points - Equip - MEGA - CO","1","18.201,02","18.201,02","Material","31/08/2026","4564","4332","Aprovado","Nota Fiscal","","Não","5","Em planejamento","1785263496875x466360731140054400"
"51071193","19001","MEGA INFRA SOLUCOES EM INFRAESTRUTURA LTDA (Filial SP)","07.525.262/0004-61","4-IMPLANTAÇÃO_DE_REDE_INTERNA","","Kit Cobertura Wi-Fi - 5 Access Points - Equip - MEGA - CO","1","12.708,66","12.708,66","Material","31/08/2026","4564","4332","Aprovado","Nota Fiscal","","Não","5","Em planejamento","1785263497003x793687939848374500"
"51004860","19001","MEGA INFRA SOLUCOES EM INFRAESTRUTURA LTDA (Filial SP)","07.525.262/0004-61","4-IMPLANTAÇÃO_DE_REDE_INTERNA","","Kit Cobertura Wi-Fi - 1 Access Point - Equip - MEGA - CO","1","7.955,58","7.955,58","Material","31/08/2026","4564","4332","Aprovado","Nota Fiscal","","Não","5","Desativada","1785263497016x294533280278216770"
"51004860","19001","MEGA INFRA SOLUCOES EM INFRAESTRUTURA LTDA (Filial SP)","07.525.262/0004-61","4-IMPLANTAÇÃO_DE_REDE_INTERNA","","Nobreak - Equip - MEGA - CO","1","1.491,72","1.491,72","Material","31/08/2026","4564","4332","Aprovado","Nota Fiscal","","Não","5","Desativada","1785263497220x435020372910333250"
"51071193","19001","MEGA INFRA SOLUCOES EM INFRAESTRUTURA LTDA (Filial SP)","07.525.262/0004-61","4-IMPLANTAÇÃO_DE_REDE_INTERNA","","Nobreak - Equip - MEGA - CO","1","1.491,72","1.491,72","Material","31/08/2026","4564","4332","Aprovado","Nota Fiscal","","Não","5","Em planejamento","1785263497274x884636270790522000"
"51038595","19001","MEGA INFRA SOLUCOES EM INFRAESTRUTURA LTDA (Filial SP)","07.525.262/0004-61","4-IMPLANTAÇÃO_DE_REDE_INTERNA","","Nobreak - Equip - MEGA - CO","1","1.491,72","1.491,72","Material","31/08/2026","4564","4332","Aprovado","Nota Fiscal","","Não","5","Em planejamento","1785263497308x922994122924167600"
"51028492","19001","MEGA INFRA SOLUCOES EM INFRAESTRUTURA LTDA (Filial SP)","07.525.262/0004-61","4-IMPLANTAÇÃO_DE_REDE_INTERNA","","Nobreak - Equip - MEGA - CO","1","1.491,72","1.491,72","Material","31/08/2026","4564","4332","Aprovado","Nota Fiscal","","Não","5","Em planejamento","1785263497499x289311916822694700"
"51040522","19001","MEGA INFRA SOLUCOES EM INFRAESTRUTURA LTDA (Filial SP)","07.525.262/0004-61","4-IMPLANTAÇÃO_DE_REDE_INTERNA","","Nobreak - Equip - MEGA - CO","1","1.491,72","1.491,72","Material","31/08/2026","4564","4332","Aprovado","Nota Fiscal","","Não","5","Em planejamento","1785263497558x935300539063567400"
"51040050","19001","MEGA INFRA SOLUCOES EM INFRAESTRUTURA LTDA (Filial SP)","07.525.262/0004-61","4-IMPLANTAÇÃO_DE_REDE_INTERNA","","Nobreak - Equip - MEGA - CO","1","1.491,72","1.491,72","Material","31/08/2026","4564","4332","Aprovado","Nota Fiscal","","Não","5","Em planejamento","1785263497691x106721507881290200"
"51028506","19001","MEGA INFRA SOLUCOES EM INFRAESTRUTURA LTDA (Filial SP)","07.525.262/0004-61","4-IMPLANTAÇÃO_DE_REDE_INTERNA","","Nobreak - Equip - MEGA - CO","1","1.491,72","1.491,72","Material","31/08/2026","4564","4332","Aprovado","Nota Fiscal","","Não","5","Em planejamento","1785263497740x979585231540366000"
"35237048","19001","MEGA INFRA SOLUCOES EM INFRAESTRUTURA LTDA (Filial SP)","07.525.262/0004-61","4-IMPLANTAÇÃO_DE_REDE_INTERNA","","Nobreak - Equip - MEGA - SE","1","1.551,93","1.551,93","Material","31/07/2026","4565","4211","Aprovado","","838","Não","5","Conectada","1785264175745x393063766832508540"
"35237048","19001","MEGA INFRA SOLUCOES EM INFRAESTRUTURA LTDA (Filial SP)","07.525.262/0004-61","4-IMPLANTAÇÃO_DE_REDE_INTERNA","","Kit Cobertura Wi-Fi - 3 Access Points - Equip - MEGA - SE","1","10.749,19","10.749,19","Material","31/07/2026","4565","4211","Aprovado","","837","Não","5","Conectada","1785264176271x728013562664401300"
"35298268","19001","MEGA INFRA SOLUCOES EM INFRAESTRUTURA LTDA (Filial SP)","07.525.262/0004-61","4-IMPLANTAÇÃO_DE_REDE_INTERNA","","Nobreak - Equip - MEGA - SE","1","1.551,93","1.551,93","Material","31/08/2026","4567","4212","Aprovado","Notas pendentes","","Não","5","Em planejamento","1785265170287x330964353498704300"
"35055128","19001","MEGA INFRA SOLUCOES EM INFRAESTRUTURA LTDA (Filial SP)","07.525.262/0004-61","4-IMPLANTAÇÃO_DE_REDE_INTERNA","","Kit Cobertura Wi-Fi - 12 Access Points - Equip - MEGA - SE","1","22.644,43","22.644,43","Material","31/08/2026","4567","4212","Aprovado","Notas pendentes","","Não","5","Em planejamento","1785265170417x250777022714949730"
"35433846","19001","MEGA INFRA SOLUCOES EM INFRAESTRUTURA LTDA (Filial SP)","07.525.262/0004-61","4-IMPLANTAÇÃO_DE_REDE_INTERNA","","Kit Cobertura Wi-Fi - 12 Access Points - Equip - MEGA - SE","1","22.644,43","22.644,43","Material","31/08/2026","4567","4212","Aprovado","Notas pendentes","","Não","5","Em planejamento","1785265170430x748074870272654700"
"35345623","19001","MEGA INFRA SOLUCOES EM INFRAESTRUTURA LTDA (Filial SP)","07.525.262/0004-61","4-IMPLANTAÇÃO_DE_REDE_INTERNA","","Kit Cobertura Wi-Fi - 12 Access Points - Equip - MEGA - SE","1","22.644,43","22.644,43","Material","31/08/2026","4567","4212","Aprovado","Notas pendentes","","Não","5","Em planejamento","1785265170581x395728749076688960"
"35290683","19001","MEGA INFRA SOLUCOES EM INFRAESTRUTURA LTDA (Filial SP)","07.525.262/0004-61","4-IMPLANTAÇÃO_DE_REDE_INTERNA","","Kit Cobertura Wi-Fi - 12 Access Points - Equip - MEGA - SE","1","22.644,43","22.644,43","Material","31/08/2026","4567","4212","Aprovado","Notas pendentes","","Não","5","Em planejamento","1785265170599x178200970885242560"
"35298268","19001","MEGA INFRA SOLUCOES EM INFRAESTRUTURA LTDA (Filial SP)","07.525.262/0004-61","4-IMPLANTAÇÃO_DE_REDE_INTERNA","","Kit Cobertura Wi-Fi - 12 Access Points - Equip - MEGA - SE","1","22.644,43","22.644,43","Material","31/08/2026","4567","4212","Aprovado","Notas pendentes","","Não","5","Em planejamento","1785265170698x189009392488026500"
"35345623","19001","MEGA INFRA SOLUCOES EM INFRAESTRUTURA LTDA (Filial SP)","07.525.262/0004-61","4-IMPLANTAÇÃO_DE_REDE_INTERNA","","Nobreak - Equip - MEGA - SE","1","1.551,93","1.551,93","Material","31/08/2026","4567","4212","Aprovado","Notas pendentes","","Não","5","Em planejamento","1785265170851x279757279762464770"
"35290683","19001","MEGA INFRA SOLUCOES EM INFRAESTRUTURA LTDA (Filial SP)","07.525.262/0004-61","4-IMPLANTAÇÃO_DE_REDE_INTERNA","","Nobreak - Equip - MEGA - SE","1","1.551,93","1.551,93","Material","31/08/2026","4567","4212","Aprovado","Notas pendentes","","Não","5","Em planejamento","1785265170896x774583079822140000"
"35433846","19001","MEGA INFRA SOLUCOES EM INFRAESTRUTURA LTDA (Filial SP)","07.525.262/0004-61","4-IMPLANTAÇÃO_DE_REDE_INTERNA","","Nobreak - Equip - MEGA - SE","1","1.551,93","1.551,93","Material","31/08/2026","4567","4212","Aprovado","Notas pendentes","","Não","5","Em planejamento","1785265170976x435259461483002750"
"35055128","19001","MEGA INFRA SOLUCOES EM INFRAESTRUTURA LTDA (Filial SP)","07.525.262/0004-61","4-IMPLANTAÇÃO_DE_REDE_INTERNA","","Nobreak - Equip - MEGA - SE","1","1.551,93","1.551,93","Material","31/08/2026","4567","4212","Aprovado","Notas pendentes","","Não","5","Em planejamento","1785265171060x505492288488490500"
"35074731","19001","MEGA INFRA SOLUCOES EM INFRAESTRUTURA LTDA (Filial SP)","07.525.262/0004-61","4-IMPLANTAÇÃO_DE_REDE_INTERNA","","Nobreak - Equip - MEGA - SE","1","1.551,93","1.551,93","Material","31/08/2026","4567","4212","Aprovado","Notas pendentes","","Não","5","Em planejamento","1785265171209x843437206196262500"
"35090050","19001","MEGA INFRA SOLUCOES EM INFRAESTRUTURA LTDA (Filial SP)","07.525.262/0004-61","4-IMPLANTAÇÃO_DE_REDE_INTERNA","","Nobreak - Equip - MEGA - SE","1","1.551,93","1.551,93","Material","31/08/2026","4567","4212","Aprovado","Notas pendentes","1343","Não","5","Conectada","1785265171223x231258257789543230"
"35096672","19001","MEGA INFRA SOLUCOES EM INFRAESTRUTURA LTDA (Filial SP)","07.525.262/0004-61","4-IMPLANTAÇÃO_DE_REDE_INTERNA","","Nobreak - Equip - MEGA - SE","1","1.551,93","1.551,93","Material","31/08/2026","4567","4212","Aprovado","Notas pendentes","1065","Não","5","Conectada","1785265171283x937609002834701400"
"35009407","19001","MEGA INFRA SOLUCOES EM INFRAESTRUTURA LTDA (Filial SP)","07.525.262/0004-61","4-IMPLANTAÇÃO_DE_REDE_INTERNA","","Kit Cobertura Wi-Fi - 1 Access Point - Equip - MEGA - SE","1","8.276,72","8.276,72","Material","31/08/2026","4568","4213","Aprovado","Notas pendentes","1386","Não","5","Conectada","1785267666005x665388655581091300"
"35009048","19001","MEGA INFRA SOLUCOES EM INFRAESTRUTURA LTDA (Filial SP)","07.525.262/0004-61","4-IMPLANTAÇÃO_DE_REDE_INTERNA","","Kit Cobertura Wi-Fi - 1 Access Point - Equip - MEGA - SE","1","8.276,72","8.276,72","Material","31/08/2026","4568","4213","Aprovado","Notas pendentes","","Não","5","Em planejamento","1785267666032x881970922810015900"
"35009858","19001","MEGA INFRA SOLUCOES EM INFRAESTRUTURA LTDA (Filial SP)","07.525.262/0004-61","4-IMPLANTAÇÃO_DE_REDE_INTERNA","","Kit Cobertura Wi-Fi - 1 Access Point - Equip - MEGA - SE","1","8.276,72","8.276,72","Material","31/08/2026","4568","4213","Aprovado","Notas pendentes","","Não","5","Em planejamento","1785267666039x946172684212960800"
"35009730","19001","MEGA INFRA SOLUCOES EM INFRAESTRUTURA LTDA (Filial SP)","07.525.262/0004-61","4-IMPLANTAÇÃO_DE_REDE_INTERNA","","Kit Cobertura Wi-Fi - 1 Access Point - Equip - MEGA - SE","1","8.276,72","8.276,72","Material","31/08/2026","4568","4213","Aprovado","Notas pendentes","","Não","5","Conectada","1785267666062x673374389559043000"
"35010528","19001","MEGA INFRA SOLUCOES EM INFRAESTRUTURA LTDA (Filial SP)","07.525.262/0004-61","4-IMPLANTAÇÃO_DE_REDE_INTERNA","","Kit Cobertura Wi-Fi - 1 Access Point - Equip - MEGA - SE","1","8.276,72","8.276,72","Material","31/08/2026","4568","4213","Aprovado","Notas pendentes","","Não","5","Conectada","1785267666072x758660684482854700"
"35009048","19001","MEGA INFRA SOLUCOES EM INFRAESTRUTURA LTDA (Filial SP)","07.525.262/0004-61","4-IMPLANTAÇÃO_DE_REDE_INTERNA","","Nobreak - Equip - MEGA - SE","1","1.551,93","1.551,93","Material","31/08/2026","4568","4213","Aprovado","Notas pendentes","","Não","5","Em planejamento","1785267666119x955961629310320600"
"35010232","19001","MEGA INFRA SOLUCOES EM INFRAESTRUTURA LTDA (Filial SP)","07.525.262/0004-61","4-IMPLANTAÇÃO_DE_REDE_INTERNA","","Kit Cobertura Wi-Fi - 1 Access Point - Equip - MEGA - SE","1","8.276,72","8.276,72","Material","31/08/2026","4568","4213","Aprovado","Notas pendentes","1074","Não","5","Conectada","1785267666115x467334245113541600"
"35010037","19001","MEGA INFRA SOLUCOES EM INFRAESTRUTURA LTDA (Filial SP)","07.525.262/0004-61","4-IMPLANTAÇÃO_DE_REDE_INTERNA","","Kit Cobertura Wi-Fi - 1 Access Point - Equip - MEGA - SE","1","8.276,72","8.276,72","Material","31/08/2026","4568","4213","Aprovado","Notas pendentes","936","Não","5","Conectada","1785267666111x604456283619835500"
"35206131","19001","MEGA INFRA SOLUCOES EM INFRAESTRUTURA LTDA (Filial SP)","07.525.262/0004-61","4-IMPLANTAÇÃO_DE_REDE_INTERNA","","Kit Cobertura Wi-Fi - 1 Access Point - Equip - MEGA - SE","1","8.276,72","8.276,72","Material","31/08/2026","4568","4213","Aprovado","Notas pendentes","","Não","5","Conectada","1785267666081x964695660478020000"
"35009407","19001","MEGA INFRA SOLUCOES EM INFRAESTRUTURA LTDA (Filial SP)","07.525.262/0004-61","4-IMPLANTAÇÃO_DE_REDE_INTERNA","","Nobreak - Equip - MEGA - SE","1","1.551,93","1.551,93","Material","31/08/2026","4568","4213","Aprovado","Notas pendentes","1387","Não","5","Conectada","1785267666155x301373321427197440"
"35009858","19001","MEGA INFRA SOLUCOES EM INFRAESTRUTURA LTDA (Filial SP)","07.525.262/0004-61","4-IMPLANTAÇÃO_DE_REDE_INTERNA","","Nobreak - Equip - MEGA - SE","1","1.551,93","1.551,93","Material","31/08/2026","4568","4213","Aprovado","Notas pendentes","","Não","5","Em planejamento","1785267666184x233137744924740700"
"35009730","19001","MEGA INFRA SOLUCOES EM INFRAESTRUTURA LTDA (Filial SP)","07.525.262/0004-61","4-IMPLANTAÇÃO_DE_REDE_INTERNA","","Nobreak - Equip - MEGA - SE","1","1.551,93","1.551,93","Material","31/08/2026","4568","4213","Aprovado","Notas pendentes","","Não","5","Conectada","1785267666352x560378890614778430"
"35206131","19001","MEGA INFRA SOLUCOES EM INFRAESTRUTURA LTDA (Filial SP)","07.525.262/0004-61","4-IMPLANTAÇÃO_DE_REDE_INTERNA","","Nobreak - Equip - MEGA - SE","1","1.551,93","1.551,93","Material","31/08/2026","4568","4213","Aprovado","Notas pendentes","","Não","5","Conectada","1785267666435x682529106529815200"
"35010037","19001","MEGA INFRA SOLUCOES EM INFRAESTRUTURA LTDA (Filial SP)","07.525.262/0004-61","4-IMPLANTAÇÃO_DE_REDE_INTERNA","","Nobreak - Equip - MEGA - SE","1","1.551,93","1.551,93","Material","31/08/2026","4568","4213","Aprovado","Notas pendentes","937","Não","5","Conectada","1785267666517x752707753326504300"
"35010232","19001","MEGA INFRA SOLUCOES EM INFRAESTRUTURA LTDA (Filial SP)","07.525.262/0004-61","4-IMPLANTAÇÃO_DE_REDE_INTERNA","","Nobreak - Equip - MEGA - SE","1","1.551,93","1.551,93","Material","31/08/2026","4568","4213","Aprovado","Notas pendentes","1076","Não","5","Conectada","1785267666546x488009270645248100"
"35010528","19001","MEGA INFRA SOLUCOES EM INFRAESTRUTURA LTDA (Filial SP)","07.525.262/0004-61","4-IMPLANTAÇÃO_DE_REDE_INTERNA","","Nobreak - Equip - MEGA - SE","1","1.551,93","1.551,93","Material","31/08/2026","4568","4213","Aprovado","Notas pendentes","","Não","5","Conectada","1785267666880x519009100397715300"
"35010507","19001","MEGA INFRA SOLUCOES EM INFRAESTRUTURA LTDA (Filial SP)","07.525.262/0004-61","4-IMPLANTAÇÃO_DE_REDE_INTERNA","","Kit Cobertura Wi-Fi - 2 Access Points - Equip - MEGA - SE","1","9.512,95","9.512,95","Material","31/08/2026","4569","4214","Aprovado","Notas pendentes","","Não","5","Em planejamento","1785268141769x343524550341014500"
"35010222","19001","MEGA INFRA SOLUCOES EM INFRAESTRUTURA LTDA (Filial SP)","07.525.262/0004-61","4-IMPLANTAÇÃO_DE_REDE_INTERNA","","Kit Cobertura Wi-Fi - 2 Access Points - Equip - MEGA - SE","1","9.512,95","9.512,95","Material","31/08/2026","4569","4214","Aprovado","Notas pendentes","1422","Não","5","Conectada","1785268141952x841211167883412600"
"35064129","19001","MEGA INFRA SOLUCOES EM INFRAESTRUTURA LTDA (Filial SP)","07.525.262/0004-61","4-IMPLANTAÇÃO_DE_REDE_INTERNA","","Kit Cobertura Wi-Fi - 2 Access Points - Equip - MEGA - SE","1","9.512,95","9.512,95","Material","31/08/2026","4569","4214","Aprovado","Notas pendentes","","Não","5","Em planejamento","1785268141950x820086214180902400"
"35236913","19001","MEGA INFRA SOLUCOES EM INFRAESTRUTURA LTDA (Filial SP)","07.525.262/0004-61","4-IMPLANTAÇÃO_DE_REDE_INTERNA","","Kit Cobertura Wi-Fi - 2 Access Points - Equip - MEGA - SE","1","9.512,95","9.512,95","Material","31/08/2026","4569","4214","Aprovado","Notas pendentes","","Não","5","Em planejamento","1785268142155x215980040227751870"
"35008558","19001","MEGA INFRA SOLUCOES EM INFRAESTRUTURA LTDA (Filial SP)","07.525.262/0004-61","4-IMPLANTAÇÃO_DE_REDE_INTERNA","","Kit Cobertura Wi-Fi - 2 Access Points - Equip - MEGA - SE","1","9.512,95","9.512,95","Material","31/08/2026","4569","4214","Aprovado","Notas pendentes","","Não","5","Em planejamento","1785268142189x707855686209879500"
"35239240","19001","MEGA INFRA SOLUCOES EM INFRAESTRUTURA LTDA (Filial SP)","07.525.262/0004-61","4-IMPLANTAÇÃO_DE_REDE_INTERNA","","Kit Cobertura Wi-Fi - 2 Access Points - Equip - MEGA - SE","1","9.512,95","9.512,95","Material","31/08/2026","4569","4214","Aprovado","Notas pendentes","","Não","5","Em planejamento","1785268142217x468498392572347400"
"35006277","19001","MEGA INFRA SOLUCOES EM INFRAESTRUTURA LTDA (Filial SP)","07.525.262/0004-61","4-IMPLANTAÇÃO_DE_REDE_INTERNA","","Nobreak - Equip - MEGA - SE","1","1.551,93","1.551,93","Material","31/08/2026","4569","4214","Aprovado","Notas pendentes","","Não","5","Em planejamento","1785268142388x707620256497517800"
"35006277","19001","MEGA INFRA SOLUCOES EM INFRAESTRUTURA LTDA (Filial SP)","07.525.262/0004-61","4-IMPLANTAÇÃO_DE_REDE_INTERNA","","Kit Cobertura Wi-Fi - 1 Access Point - Equip - MEGA - SE","1","8.276,72","8.276,72","Material","31/08/2026","4569","4214","Aprovado","Notas pendentes","","Não","5","Em planejamento","1785268142372x249104129016557000"
"35010222","19001","MEGA INFRA SOLUCOES EM INFRAESTRUTURA LTDA (Filial SP)","07.525.262/0004-61","4-IMPLANTAÇÃO_DE_REDE_INTERNA","","Nobreak - Equip - MEGA - SE","1","1.551,93","1.551,93","Material","31/08/2026","4569","4214","Aprovado","Notas pendentes","1423","Não","5","Conectada","1785268142408x920252638918585600"
"35010338","19001","MEGA INFRA SOLUCOES EM INFRAESTRUTURA LTDA (Filial SP)","07.525.262/0004-61","4-IMPLANTAÇÃO_DE_REDE_INTERNA","","Kit Cobertura Wi-Fi - 2 Access Points - Equip - MEGA - SE","1","9.512,95","9.512,95","Material","31/08/2026","4569","4214","Aprovado","Notas pendentes","","Não","5","Em planejamento","1785268142375x767708199845598600"
"35010507","19001","MEGA INFRA SOLUCOES EM INFRAESTRUTURA LTDA (Filial SP)","07.525.262/0004-61","4-IMPLANTAÇÃO_DE_REDE_INTERNA","","Nobreak - Equip - MEGA - SE","1","1.551,93","1.551,93","Material","31/08/2026","4569","4214","Aprovado","Notas pendentes","","Não","5","Em planejamento","1785268142517x708906631797673300"
"35010338","19001","MEGA INFRA SOLUCOES EM INFRAESTRUTURA LTDA (Filial SP)","07.525.262/0004-61","4-IMPLANTAÇÃO_DE_REDE_INTERNA","","Nobreak - Equip - MEGA - SE","1","1.551,93","1.551,93","Material","31/08/2026","4569","4214","Aprovado","Notas pendentes","","Não","5","Em planejamento","1785268142569x357434944770487230"
"35236913","19001","MEGA INFRA SOLUCOES EM INFRAESTRUTURA LTDA (Filial SP)","07.525.262/0004-61","4-IMPLANTAÇÃO_DE_REDE_INTERNA","","Nobreak - Equip - MEGA - SE","1","1.551,93","1.551,93","Material","31/08/2026","4569","4214","Aprovado","Notas pendentes","","Não","5","Em planejamento","1785268142671x122849705590496020"
"35064129","19001","MEGA INFRA SOLUCOES EM INFRAESTRUTURA LTDA (Filial SP)","07.525.262/0004-61","4-IMPLANTAÇÃO_DE_REDE_INTERNA","","Nobreak - Equip - MEGA - SE","1","1.551,93","1.551,93","Material","31/08/2026","4569","4214","Aprovado","Notas pendentes","","Não","5","Em planejamento","1785268142689x505276152268022000"
"35239240","19001","MEGA INFRA SOLUCOES EM INFRAESTRUTURA LTDA (Filial SP)","07.525.262/0004-61","4-IMPLANTAÇÃO_DE_REDE_INTERNA","","Nobreak - Equip - MEGA - SE","1","1.551,93","1.551,93","Material","31/08/2026","4569","4214","Aprovado","Notas pendentes","","Não","5","Em planejamento","1785268142754x189293701961536160"
"35008558","19001","MEGA INFRA SOLUCOES EM INFRAESTRUTURA LTDA (Filial SP)","07.525.262/0004-61","4-IMPLANTAÇÃO_DE_REDE_INTERNA","","Nobreak - Equip - MEGA - SE","1","1.551,93","1.551,93","Material","31/08/2026","4569","4214","Aprovado","Notas pendentes","","Não","5","Em planejamento","1785268142793x831574691458959900"
"35004138","19001","MEGA INFRA SOLUCOES EM INFRAESTRUTURA LTDA (Filial SP)","07.525.262/0004-61","4-IMPLANTAÇÃO_DE_REDE_INTERNA","","Kit Cobertura Wi-Fi - 2 Access Points - Equip - MEGA - SE","1","9.512,95","9.512,95","Material","31/08/2026","4570","4215","Aprovado","Notas pendentes","","Não","5","Em planejamento","1785268672756x152762339477765300"
"35009841","19001","MEGA INFRA SOLUCOES EM INFRAESTRUTURA LTDA (Filial SP)","07.525.262/0004-61","4-IMPLANTAÇÃO_DE_REDE_INTERNA","","Kit Cobertura Wi-Fi - 2 Access Points - Equip - MEGA - SE","1","9.512,95","9.512,95","Material","31/08/2026","4570","4215","Aprovado","Notas pendentes","","Não","5","Em planejamento","1785268673079x425401531223580350"
"35009798","19001","MEGA INFRA SOLUCOES EM INFRAESTRUTURA LTDA (Filial SP)","07.525.262/0004-61","4-IMPLANTAÇÃO_DE_REDE_INTERNA","","Kit Cobertura Wi-Fi - 2 Access Points - Equip - MEGA - SE","1","9.512,95","9.512,95","Material","31/08/2026","4570","4215","Aprovado","Notas pendentes","","Não","5","Em planejamento","1785268673188x540583846005499700"
"35009838","19001","MEGA INFRA SOLUCOES EM INFRAESTRUTURA LTDA (Filial SP)","07.525.262/0004-61","4-IMPLANTAÇÃO_DE_REDE_INTERNA","","Kit Cobertura Wi-Fi - 2 Access Points - Equip - MEGA - SE","1","9.512,95","9.512,95","Material","31/08/2026","4570","4215","Aprovado","Notas pendentes","","Não","5","Conectada","1785268673194x433891452726591360"
"35010062","19001","MEGA INFRA SOLUCOES EM INFRAESTRUTURA LTDA (Filial SP)","07.525.262/0004-61","4-IMPLANTAÇÃO_DE_REDE_INTERNA","","Kit Cobertura Wi-Fi - 2 Access Points - Equip - MEGA - SE","1","9.512,95","9.512,95","Material","31/08/2026","4570","4215","Aprovado","Notas pendentes","","Não","5","Em planejamento","1785268673305x560534473150664300"
"35010064","19001","MEGA INFRA SOLUCOES EM INFRAESTRUTURA LTDA (Filial SP)","07.525.262/0004-61","4-IMPLANTAÇÃO_DE_REDE_INTERNA","","Kit Cobertura Wi-Fi - 2 Access Points - Equip - MEGA - SE","1","9.512,95","9.512,95","Material","31/08/2026","4570","4215","Aprovado","Notas pendentes","938","Não","5","Conectada","1785268673338x829353085267370300"
"35004138","19001","MEGA INFRA SOLUCOES EM INFRAESTRUTURA LTDA (Filial SP)","07.525.262/0004-61","4-IMPLANTAÇÃO_DE_REDE_INTERNA","","Nobreak - Equip - MEGA - SE","1","1.551,93","1.551,93","Material","31/08/2026","4570","4215","Aprovado","Notas pendentes","","Não","5","Em planejamento","1785268673447x817114326873694700"
"35009798","19001","MEGA INFRA SOLUCOES EM INFRAESTRUTURA LTDA (Filial SP)","07.525.262/0004-61","4-IMPLANTAÇÃO_DE_REDE_INTERNA","","Nobreak - Equip - MEGA - SE","1","1.551,93","1.551,93","Material","31/08/2026","4570","4215","Aprovado","Notas pendentes","","Não","5","Em planejamento","1785268673531x342785627001091140"
"35009838","19001","MEGA INFRA SOLUCOES EM INFRAESTRUTURA LTDA (Filial SP)","07.525.262/0004-61","4-IMPLANTAÇÃO_DE_REDE_INTERNA","","Nobreak - Equip - MEGA - SE","1","1.551,93","1.551,93","Material","31/08/2026","4570","4215","Aprovado","Notas pendentes","","Não","5","Conectada","1785268673626x929221322440399400"
"35009841","19001","MEGA INFRA SOLUCOES EM INFRAESTRUTURA LTDA (Filial SP)","07.525.262/0004-61","4-IMPLANTAÇÃO_DE_REDE_INTERNA","","Nobreak - Equip - MEGA - SE","1","1.551,93","1.551,93","Material","31/08/2026","4570","4215","Aprovado","Notas pendentes","","Não","5","Em planejamento","1785268673631x990126589620788700"
"35010062","19001","MEGA INFRA SOLUCOES EM INFRAESTRUTURA LTDA (Filial SP)","07.525.262/0004-61","4-IMPLANTAÇÃO_DE_REDE_INTERNA","","Nobreak - Equip - MEGA - SE","1","1.551,93","1.551,93","Material","31/08/2026","4570","4215","Aprovado","Notas pendentes","","Não","5","Em planejamento","1785268673646x989326700260825100"
"35010064","19001","MEGA INFRA SOLUCOES EM INFRAESTRUTURA LTDA (Filial SP)","07.525.262/0004-61","4-IMPLANTAÇÃO_DE_REDE_INTERNA","","Nobreak - Equip - MEGA - SE","1","1.551,93","1.551,93","Material","31/08/2026","4570","4215","Aprovado","Notas pendentes","939","Não","5","Conectada","1785268673654x593943786260677100"
"35076661","19001","MEGA INFRA SOLUCOES EM INFRAESTRUTURA LTDA (Filial SP)","07.525.262/0004-61","4-IMPLANTAÇÃO_DE_REDE_INTERNA","","Nobreak - Equip - MEGA - SE","1","1.551,93","1.551,93","Material","31/08/2026","4570","4215","Aprovado","Notas pendentes","1348","Não","5","Conectada","1785268673783x185156076007231940"
"35060461","19001","MEGA INFRA SOLUCOES EM INFRAESTRUTURA LTDA (Filial SP)","07.525.262/0004-61","4-IMPLANTAÇÃO_DE_REDE_INTERNA","","Nobreak - Equip - MEGA - SE","1","1.551,93","1.551,93","Material","31/08/2026","4570","4215","Aprovado","Notas pendentes","1174","Não","5","Conectada","1785268673800x925205316392313100"
"35009298","19001","MEGA INFRA SOLUCOES EM INFRAESTRUTURA LTDA (Filial SP)","07.525.262/0004-61","4-IMPLANTAÇÃO_DE_REDE_INTERNA","","Nobreak - Equip - MEGA - SE","1","1.551,93","1.551,93","Material","31/08/2026","4571","4216","Aprovado","Notas pendentes","1341","Não","5","Conectada","1785268784643x634234831304737400"
"35010221","19001","MEGA INFRA SOLUCOES EM INFRAESTRUTURA LTDA (Filial SP)","07.525.262/0004-61","4-IMPLANTAÇÃO_DE_REDE_INTERNA","","Nobreak - Equip - MEGA - SE","1","1.551,93","1.551,93","Material","31/08/2026","4571","4216","Aprovado","Notas pendentes","","Não","5","Em planejamento","1785268784646x183052987785674600"
"35010159","19001","MEGA INFRA SOLUCOES EM INFRAESTRUTURA LTDA (Filial SP)","07.525.262/0004-61","4-IMPLANTAÇÃO_DE_REDE_INTERNA","","Kit Cobertura Wi-Fi - 5 Access Points - Equip - MEGA - SE","1","13.221,66","13.221,66","Material","31/08/2026","4571","4216","Aprovado","Notas pendentes","","Não","5","Em planejamento","1785268785077x650510138868568600"
"35095394","19001","MEGA INFRA SOLUCOES EM INFRAESTRUTURA LTDA (Filial SP)","07.525.262/0004-61","4-IMPLANTAÇÃO_DE_REDE_INTERNA","","Kit Cobertura Wi-Fi - 7 Access Points - Equip - MEGA - SE","1","15.694,13","15.694,13","Material","31/08/2026","4571","4216","Aprovado","Notas pendentes","975","Não","5","Conectada","1785268785445x241238288036249150"
"35010221","19001","MEGA INFRA SOLUCOES EM INFRAESTRUTURA LTDA (Filial SP)","07.525.262/0004-61","4-IMPLANTAÇÃO_DE_REDE_INTERNA","","Kit Cobertura Wi-Fi - 5 Access Points - Equip - MEGA - SE","1","13.221,66","13.221,66","Material","31/08/2026","4571","4216","Aprovado","Notas pendentes","","Não","5","Em planejamento","1785268786057x463923518372137100"
"35455817","19001","MEGA INFRA SOLUCOES EM INFRAESTRUTURA LTDA (Filial SP)","07.525.262/0004-61","4-IMPLANTAÇÃO_DE_REDE_INTERNA","","Kit Cobertura Wi-Fi - 7 Access Points - Equip - MEGA - SE","1","15.694,13","15.694,13","Material","31/08/2026","4571","4216","Aprovado","Notas pendentes","","Não","5","Em planejamento","1785268786376x569914034482107000"
"35010384","19001","MEGA INFRA SOLUCOES EM INFRAESTRUTURA LTDA (Filial SP)","07.525.262/0004-61","4-IMPLANTAÇÃO_DE_REDE_INTERNA","","Nobreak - Equip - MEGA - SE","1","1.551,93","1.551,93","Material","31/08/2026","4571","4216","Aprovado","Notas pendentes","1188","Não","5","Conectada","1785268786464x375803605890204100"
"35270295","19001","MEGA INFRA SOLUCOES EM INFRAESTRUTURA LTDA (Filial SP)","07.525.262/0004-61","4-IMPLANTAÇÃO_DE_REDE_INTERNA","","Nobreak - Equip - MEGA - SE","1","1.551,93","1.551,93","Material","31/08/2026","4571","4216","Aprovado","Notas pendentes","972","Não","5","Conectada","1785268786663x486164815162067460"
"35010159","19001","MEGA INFRA SOLUCOES EM INFRAESTRUTURA LTDA (Filial SP)","07.525.262/0004-61","4-IMPLANTAÇÃO_DE_REDE_INTERNA","","Nobreak - Equip - MEGA - SE","1","1.551,93","1.551,93","Material","31/08/2026","4571","4216","Aprovado","Notas pendentes","","Não","5","Em planejamento","1785268787185x562714481854639040"
"35455817","19001","MEGA INFRA SOLUCOES EM INFRAESTRUTURA LTDA (Filial SP)","07.525.262/0004-61","4-IMPLANTAÇÃO_DE_REDE_INTERNA","","Nobreak - Equip - MEGA - SE","1","1.551,93","1.551,93","Material","31/08/2026","4571","4216","Aprovado","Notas pendentes","","Não","5","Em planejamento","1785268787226x399990906103382400"
"35095394","19001","MEGA INFRA SOLUCOES EM INFRAESTRUTURA LTDA (Filial SP)","07.525.262/0004-61","4-IMPLANTAÇÃO_DE_REDE_INTERNA","","Nobreak - Equip - MEGA - SE","1","1.551,93","1.551,93","Material","31/08/2026","4571","4216","Aprovado","Notas pendentes","976","Não","5","Conectada","1785268787527x839405745005294700"
"35080792","19001","MEGA INFRA SOLUCOES EM INFRAESTRUTURA LTDA (Filial SP)","07.525.262/0004-61","4-IMPLANTAÇÃO_DE_REDE_INTERNA","","Nobreak - Equip - MEGA - SE","1","1.551,93","1.551,93","Material","31/08/2026","4571","4216","Aprovado","Notas pendentes","1455","Não","5","Conectada","1785268787697x265256435532059230"
"35200001","19001","MEGA INFRA SOLUCOES EM INFRAESTRUTURA LTDA (Filial SP)","07.525.262/0004-61","4-IMPLANTAÇÃO_DE_REDE_INTERNA","","Kit Cobertura Wi-Fi - 8 Access Points - Equip - MEGA - SE","1","17.699,49","17.699,49","Material","31/08/2026","4572","4217","Aprovado","Notas pendentes","","Não","5","Em planejamento","1785269117398x941545019994816100"
"35198845","19001","MEGA INFRA SOLUCOES EM INFRAESTRUTURA LTDA (Filial SP)","07.525.262/0004-61","4-IMPLANTAÇÃO_DE_REDE_INTERNA","","Kit Cobertura Wi-Fi - 8 Access Points - Equip - MEGA - SE","1","17.699,49","17.699,49","Material","31/08/2026","4572","4217","Aprovado","Notas pendentes","","Não","5","Em planejamento","1785269117434x420792108948404560"
"35224820","19001","MEGA INFRA SOLUCOES EM INFRAESTRUTURA LTDA (Filial SP)","07.525.262/0004-61","4-IMPLANTAÇÃO_DE_REDE_INTERNA","","Kit Cobertura Wi-Fi - 8 Access Points - Equip - MEGA - SE","1","17.699,49","17.699,49","Material","31/08/2026","4572","4217","Aprovado","Notas pendentes","","Não","5","Em planejamento","1785269117439x504275403282233400"
"35222112","19001","MEGA INFRA SOLUCOES EM INFRAESTRUTURA LTDA (Filial SP)","07.525.262/0004-61","4-IMPLANTAÇÃO_DE_REDE_INTERNA","","Kit Cobertura Wi-Fi - 8 Access Points - Equip - MEGA - SE","1","17.699,49","17.699,49","Material","31/08/2026","4572","4217","Aprovado","Notas pendentes","","Não","5","Em planejamento","1785269117441x959595390965610800"
"35216458","19001","MEGA INFRA SOLUCOES EM INFRAESTRUTURA LTDA (Filial SP)","07.525.262/0004-61","4-IMPLANTAÇÃO_DE_REDE_INTERNA","","Kit Cobertura Wi-Fi - 8 Access Points - Equip - MEGA - SE","1","17.699,49","17.699,49","Material","31/08/2026","4572","4217","Aprovado","Notas pendentes","","Não","5","Em planejamento","1785269117470x807234427618655400"
"35393733","19001","MEGA INFRA SOLUCOES EM INFRAESTRUTURA LTDA (Filial SP)","07.525.262/0004-61","4-IMPLANTAÇÃO_DE_REDE_INTERNA","","Kit Cobertura Wi-Fi - 8 Access Points - Equip - MEGA - SE","1","17.699,49","17.699,49","Material","31/08/2026","4572","4217","Aprovado","Notas pendentes","","Não","5","Em planejamento","1785269117519x901154262861487900"
"35010174","19001","MEGA INFRA SOLUCOES EM INFRAESTRUTURA LTDA (Filial SP)","07.525.262/0004-61","4-IMPLANTAÇÃO_DE_REDE_INTERNA","","Kit Cobertura Wi-Fi - 7 Access Points - Equip - MEGA - SE","1","15.694,13","15.694,13","Material","31/08/2026","4572","4217","Aprovado","Notas pendentes","","Não","5","Em planejamento","1785269117793x644047859558219800"
"35010174","19001","MEGA INFRA SOLUCOES EM INFRAESTRUTURA LTDA (Filial SP)","07.525.262/0004-61","4-IMPLANTAÇÃO_DE_REDE_INTERNA","","Nobreak - Equip - MEGA - SE","1","1.551,93","1.551,93","Material","31/08/2026","4572","4217","Aprovado","Notas pendentes","","Não","5","Em planejamento","1785269117813x371287277219838140"
"35200001","19001","MEGA INFRA SOLUCOES EM INFRAESTRUTURA LTDA (Filial SP)","07.525.262/0004-61","4-IMPLANTAÇÃO_DE_REDE_INTERNA","","Nobreak - Equip - MEGA - SE","1","1.551,93","1.551,93","Material","31/08/2026","4572","4217","Aprovado","Notas pendentes","","Não","5","Em planejamento","1785269117930x147929493361791840"
"35099478","19001","MEGA INFRA SOLUCOES EM INFRAESTRUTURA LTDA (Filial SP)","07.525.262/0004-61","4-IMPLANTAÇÃO_DE_REDE_INTERNA","","Nobreak - Equip - MEGA - SE","1","1.551,93","1.551,93","Material","31/08/2026","4572","4217","Aprovado","Notas pendentes","978","Não","5","Conectada","1785269117933x613523656992462100"
"35198845","19001","MEGA INFRA SOLUCOES EM INFRAESTRUTURA LTDA (Filial SP)","07.525.262/0004-61","4-IMPLANTAÇÃO_DE_REDE_INTERNA","","Nobreak - Equip - MEGA - SE","1","1.551,93","1.551,93","Material","31/08/2026","4572","4217","Aprovado","Notas pendentes","","Não","5","Em planejamento","1785269118113x116064903357269150"
"35224820","19001","MEGA INFRA SOLUCOES EM INFRAESTRUTURA LTDA (Filial SP)","07.525.262/0004-61","4-IMPLANTAÇÃO_DE_REDE_INTERNA","","Nobreak - Equip - MEGA - SE","1","1.551,93","1.551,93","Material","31/08/2026","4572","4217","Aprovado","Notas pendentes","","Não","5","Em planejamento","1785269118227x397636652835473540"
"35216458","19001","MEGA INFRA SOLUCOES EM INFRAESTRUTURA LTDA (Filial SP)","07.525.262/0004-61","4-IMPLANTAÇÃO_DE_REDE_INTERNA","","Nobreak - Equip - MEGA - SE","1","1.551,93","1.551,93","Material","31/08/2026","4572","4217","Aprovado","Notas pendentes","","Não","5","Em planejamento","1785269118227x839781664699998700"
"35222112","19001","MEGA INFRA SOLUCOES EM INFRAESTRUTURA LTDA (Filial SP)","07.525.262/0004-61","4-IMPLANTAÇÃO_DE_REDE_INTERNA","","Nobreak - Equip - MEGA - SE","1","1.551,93","1.551,93","Material","31/08/2026","4572","4217","Aprovado","Notas pendentes","","Não","5","Em planejamento","1785269118481x156571431649446430"
"35393733","19001","MEGA INFRA SOLUCOES EM INFRAESTRUTURA LTDA (Filial SP)","07.525.262/0004-61","4-IMPLANTAÇÃO_DE_REDE_INTERNA","","Nobreak - Equip - MEGA - SE","1","1.551,93","1.551,93","Material","31/08/2026","4572","4217","Aprovado","Notas pendentes","","Não","5","Em planejamento","1785269118560x145458976963811700"
"35225952","19001","MEGA INFRA SOLUCOES EM INFRAESTRUTURA LTDA (Filial SP)","07.525.262/0004-61","4-IMPLANTAÇÃO_DE_REDE_INTERNA","","Kit Cobertura Wi-Fi - 14 Access Points - Equip - MEGA - SE","1","25.116,90","25.116,90","Material","31/07/2026","4575","4218","Aprovado","","842","Não","5","Conectada","1785271330796x590598085077675500"
"35207366","19001","MEGA INFRA SOLUCOES EM INFRAESTRUTURA LTDA (Filial SP)","07.525.262/0004-61","4-IMPLANTAÇÃO_DE_REDE_INTERNA","","Kit Cobertura Wi-Fi - 8 Access Points - Equip - MEGA - SE","1","17.699,49","17.699,49","Material","31/08/2026","4577","4219","Aprovado","Notas pendentes","","Não","5","Em planejamento","1785322732122x463952924854680500"
"35214966","19001","MEGA INFRA SOLUCOES EM INFRAESTRUTURA LTDA (Filial SP)","07.525.262/0004-61","4-IMPLANTAÇÃO_DE_REDE_INTERNA","","Kit Cobertura Wi-Fi - 8 Access Points - Equip - MEGA - SE","1","17.699,49","17.699,49","Material","31/08/2026","4577","4219","Aprovado","Notas pendentes","","Não","5","Em planejamento","1785322732125x921393692443252900"
"35200086","19001","MEGA INFRA SOLUCOES EM INFRAESTRUTURA LTDA (Filial SP)","07.525.262/0004-61","4-IMPLANTAÇÃO_DE_REDE_INTERNA","","Kit Cobertura Wi-Fi - 8 Access Points - Equip - MEGA - SE","1","17.699,49","17.699,49","Material","31/08/2026","4577","4219","Aprovado","Notas pendentes","","Não","5","Em planejamento","1785322732162x605229106719804300"
"35090612","19001","MEGA INFRA SOLUCOES EM INFRAESTRUTURA LTDA (Filial SP)","07.525.262/0004-61","4-IMPLANTAÇÃO_DE_REDE_INTERNA","","Kit Cobertura Wi-Fi - 8 Access Points - Equip - MEGA - SE","1","17.699,49","17.699,49","Material","31/08/2026","4577","4219","Aprovado","Notas pendentes","","Não","5","Em planejamento","1785322732165x280156146080901660"
"35246797","19001","MEGA INFRA SOLUCOES EM INFRAESTRUTURA LTDA (Filial SP)","07.525.262/0004-61","4-IMPLANTAÇÃO_DE_REDE_INTERNA","","Kit Cobertura Wi-Fi - 8 Access Points - Equip - MEGA - SE","1","17.699,49","17.699,49","Material","31/08/2026","4577","4219","Aprovado","Notas pendentes","","Não","5","Em planejamento","1785322732404x104538288632926240"
"35276698","19001","MEGA INFRA SOLUCOES EM INFRAESTRUTURA LTDA (Filial SP)","07.525.262/0004-61","4-IMPLANTAÇÃO_DE_REDE_INTERNA","","Kit Cobertura Wi-Fi - 8 Access Points - Equip - MEGA - SE","1","17.699,49","17.699,49","Material","31/08/2026","4577","4219","Aprovado","Notas pendentes","1470","Não","5","Conectada","1785322732443x668824513526785800"
"35082818","19001","MEGA INFRA SOLUCOES EM INFRAESTRUTURA LTDA (Filial SP)","07.525.262/0004-61","4-IMPLANTAÇÃO_DE_REDE_INTERNA","","Kit Cobertura Wi-Fi - 8 Access Points - Equip - MEGA - SE","1","17.699,49","17.699,49","Material","31/08/2026","4577","4219","Aprovado","Notas pendentes","1181","Não","5","Conectada","1785322732491x392663921070517800"
"35090612","19001","MEGA INFRA SOLUCOES EM INFRAESTRUTURA LTDA (Filial SP)","07.525.262/0004-61","4-IMPLANTAÇÃO_DE_REDE_INTERNA","","Nobreak - Equip - MEGA - SE","1","1.551,93","1.551,93","Material","31/08/2026","4577","4219","Aprovado","Notas pendentes","","Não","5","Em planejamento","1785322732598x717954345036331900"
"35200086","19001","MEGA INFRA SOLUCOES EM INFRAESTRUTURA LTDA (Filial SP)","07.525.262/0004-61","4-IMPLANTAÇÃO_DE_REDE_INTERNA","","Nobreak - Equip - MEGA - SE","1","1.551,93","1.551,93","Material","31/08/2026","4577","4219","Aprovado","Notas pendentes","","Não","5","Em planejamento","1785322732650x255568814530958900"
"35207366","19001","MEGA INFRA SOLUCOES EM INFRAESTRUTURA LTDA (Filial SP)","07.525.262/0004-61","4-IMPLANTAÇÃO_DE_REDE_INTERNA","","Nobreak - Equip - MEGA - SE","1","1.551,93","1.551,93","Material","31/08/2026","4577","4219","Aprovado","Notas pendentes","","Não","5","Em planejamento","1785322732769x718674285245978600"
"35276704","19001","MEGA INFRA SOLUCOES EM INFRAESTRUTURA LTDA (Filial SP)","07.525.262/0004-61","4-IMPLANTAÇÃO_DE_REDE_INTERNA","","Nobreak - Equip - MEGA - SE","1","1.551,93","1.551,93","Material","31/08/2026","4577","4219","Aprovado","Notas pendentes","1118","Não","5","Conectada","1785322732777x484063835926400700"
"35276698","19001","MEGA INFRA SOLUCOES EM INFRAESTRUTURA LTDA (Filial SP)","07.525.262/0004-61","4-IMPLANTAÇÃO_DE_REDE_INTERNA","","Nobreak - Equip - MEGA - SE","1","1.551,93","1.551,93","Material","31/08/2026","4577","4219","Aprovado","Notas pendentes","1471","Não","5","Conectada","1785322732801x541857255119885900"
"35214966","19001","MEGA INFRA SOLUCOES EM INFRAESTRUTURA LTDA (Filial SP)","07.525.262/0004-61","4-IMPLANTAÇÃO_DE_REDE_INTERNA","","Nobreak - Equip - MEGA - SE","1","1.551,93","1.551,93","Material","31/08/2026","4577","4219","Aprovado","Notas pendentes","","Não","5","Em planejamento","1785322732810x481620979509076700"
"35082818","19001","MEGA INFRA SOLUCOES EM INFRAESTRUTURA LTDA (Filial SP)","07.525.262/0004-61","4-IMPLANTAÇÃO_DE_REDE_INTERNA","","Nobreak - Equip - MEGA - SE","1","1.551,93","1.551,93","Material","31/08/2026","4577","4219","Aprovado","Notas pendentes","1182","Não","5","Conectada","1785322732823x202479705907262720"
"35246797","19001","MEGA INFRA SOLUCOES EM INFRAESTRUTURA LTDA (Filial SP)","07.525.262/0004-61","4-IMPLANTAÇÃO_DE_REDE_INTERNA","","Nobreak - Equip - MEGA - SE","1","1.551,93","1.551,93","Material","31/08/2026","4577","4219","Aprovado","Notas pendentes","","Não","5","Em planejamento","1785322732822x202209485170359320"
"35479007","19001","MEGA INFRA SOLUCOES EM INFRAESTRUTURA LTDA (Filial SP)","07.525.262/0004-61","4-IMPLANTAÇÃO_DE_REDE_INTERNA","","Kit Cobertura Wi-Fi - 9 Access Points - Equip - MEGA - SE","1","18.935,73","18.935,73","Material","31/08/2026","4578","4220","Aprovado","Nota Fiscal","","Não","5","Conectada","1785322855313x407964484094387440"
"35285997","19001","MEGA INFRA SOLUCOES EM INFRAESTRUTURA LTDA (Filial SP)","07.525.262/0004-61","4-IMPLANTAÇÃO_DE_REDE_INTERNA","","Kit Cobertura Wi-Fi - 9 Access Points - Equip - MEGA - SE","1","18.935,73","18.935,73","Material","31/08/2026","4578","4220","Aprovado","Nota Fiscal","","Não","5","Em planejamento","1785322855362x180158385484265440"
"35562282","19001","MEGA INFRA SOLUCOES EM INFRAESTRUTURA LTDA (Filial SP)","07.525.262/0004-61","4-IMPLANTAÇÃO_DE_REDE_INTERNA","","Kit Cobertura Wi-Fi - 8 Access Points - Equip - MEGA - SE","1","17.699,49","17.699,49","Material","31/08/2026","4578","4220","Aprovado","Nota Fiscal","","Não","5","Em planejamento","1785322855458x682312847114654700"
"35433861","19001","MEGA INFRA SOLUCOES EM INFRAESTRUTURA LTDA (Filial SP)","07.525.262/0004-61","4-IMPLANTAÇÃO_DE_REDE_INTERNA","","Kit Cobertura Wi-Fi - 8 Access Points - Equip - MEGA - SE","1","17.699,49","17.699,49","Material","31/08/2026","4578","4220","Aprovado","Nota Fiscal","","Não","5","Conectada","1785322855449x201665373616120930"
"35373436","19001","MEGA INFRA SOLUCOES EM INFRAESTRUTURA LTDA (Filial SP)","07.525.262/0004-61","4-IMPLANTAÇÃO_DE_REDE_INTERNA","","Kit Cobertura Wi-Fi - 9 Access Points - Equip - MEGA - SE","1","18.935,73","18.935,73","Material","31/08/2026","4578","4220","Aprovado","Nota Fiscal","","Não","5","Em planejamento","1785322855488x172613897349270560"
"35451198","19001","MEGA INFRA SOLUCOES EM INFRAESTRUTURA LTDA (Filial SP)","07.525.262/0004-61","4-IMPLANTAÇÃO_DE_REDE_INTERNA","","Kit Cobertura Wi-Fi - 9 Access Points - Equip - MEGA - SE","1","18.935,73","18.935,73","Material","31/08/2026","4578","4220","Aprovado","Nota Fiscal","","Não","5","Em planejamento","1785322855518x860687592248694900"
"35010231","19001","MEGA INFRA SOLUCOES EM INFRAESTRUTURA LTDA (Filial SP)","07.525.262/0004-61","4-IMPLANTAÇÃO_DE_REDE_INTERNA","","Kit Cobertura Wi-Fi - 8 Access Points - Equip - MEGA - SE","1","17.699,49","17.699,49","Material","31/08/2026","4578","4220","Aprovado","Nota Fiscal","","Não","5","Em planejamento","1785322855539x674240456159628900"
"35433861","19001","MEGA INFRA SOLUCOES EM INFRAESTRUTURA LTDA (Filial SP)","07.525.262/0004-61","4-IMPLANTAÇÃO_DE_REDE_INTERNA","","Nobreak - Equip - MEGA - SE","1","1.551,93","1.551,93","Material","31/08/2026","4578","4220","Aprovado","Nota Fiscal","","Não","5","Conectada","1785322855831x142436104477118960"
"35562282","19001","MEGA INFRA SOLUCOES EM INFRAESTRUTURA LTDA (Filial SP)","07.525.262/0004-61","4-IMPLANTAÇÃO_DE_REDE_INTERNA","","Nobreak - Equip - MEGA - SE","1","1.551,93","1.551,93","Material","31/08/2026","4578","4220","Aprovado","Nota Fiscal","","Não","5","Em planejamento","1785322855809x380912198092812540"
"35920551","19001","MEGA INFRA SOLUCOES EM INFRAESTRUTURA LTDA (Filial SP)","07.525.262/0004-61","4-IMPLANTAÇÃO_DE_REDE_INTERNA","","Nobreak - Equip - MEGA - SE","1","1.551,93","1.551,93","Material","31/08/2026","4578","4220","Aprovado","Nota Fiscal","","Não","5","Em planejamento","1785322855969x165977212385321380"
"35010231","19001","MEGA INFRA SOLUCOES EM INFRAESTRUTURA LTDA (Filial SP)","07.525.262/0004-61","4-IMPLANTAÇÃO_DE_REDE_INTERNA","","Nobreak - Equip - MEGA - SE","1","1.551,93","1.551,93","Material","31/08/2026","4578","4220","Aprovado","Nota Fiscal","","Não","5","Em planejamento","1785322856026x830285931592738400"
"35285997","19001","MEGA INFRA SOLUCOES EM INFRAESTRUTURA LTDA (Filial SP)","07.525.262/0004-61","4-IMPLANTAÇÃO_DE_REDE_INTERNA","","Nobreak - Equip - MEGA - SE","1","1.551,93","1.551,93","Material","31/08/2026","4578","4220","Aprovado","Nota Fiscal","","Não","5","Em planejamento","1785322856024x666331323523211400"
"35373436","19001","MEGA INFRA SOLUCOES EM INFRAESTRUTURA LTDA (Filial SP)","07.525.262/0004-61","4-IMPLANTAÇÃO_DE_REDE_INTERNA","","Nobreak - Equip - MEGA - SE","1","1.551,93","1.551,93","Material","31/08/2026","4578","4220","Aprovado","Nota Fiscal","","Não","5","Em planejamento","1785322856087x651543925390939400"
"35451198","19001","MEGA INFRA SOLUCOES EM INFRAESTRUTURA LTDA (Filial SP)","07.525.262/0004-61","4-IMPLANTAÇÃO_DE_REDE_INTERNA","","Nobreak - Equip - MEGA - SE","1","1.551,93","1.551,93","Material","31/08/2026","4578","4220","Aprovado","Nota Fiscal","","Não","5","Em planejamento","1785322856134x796671918964737800"
"35479007","19001","MEGA INFRA SOLUCOES EM INFRAESTRUTURA LTDA (Filial SP)","07.525.262/0004-61","4-IMPLANTAÇÃO_DE_REDE_INTERNA","","Nobreak - Equip - MEGA - SE","1","1.551,93","1.551,93","Material","31/08/2026","4578","4220","Aprovado","Nota Fiscal","","Não","5","Conectada","1785322856316x264673361119750720"
"35200104","19001","MEGA INFRA SOLUCOES EM INFRAESTRUTURA LTDA (Filial SP)","07.525.262/0004-61","4-IMPLANTAÇÃO_DE_REDE_INTERNA","","Kit Cobertura Wi-Fi - 9 Access Points - Equip - MEGA - SE","1","18.935,73","18.935,73","Material","31/08/2026","4579","4221","Aprovado","Notas pendentes","","Não","5","Em planejamento","1785322987225x926182672136096900"
"35228552","19001","MEGA INFRA SOLUCOES EM INFRAESTRUTURA LTDA (Filial SP)","07.525.262/0004-61","4-IMPLANTAÇÃO_DE_REDE_INTERNA","","Kit Cobertura Wi-Fi - 9 Access Points - Equip - MEGA - SE","1","18.935,73","18.935,73","Material","31/08/2026","4579","4221","Aprovado","Notas pendentes","","Não","5","Em planejamento","1785322987661x262095275287020260"
"35240333","19001","MEGA INFRA SOLUCOES EM INFRAESTRUTURA LTDA (Filial SP)","07.525.262/0004-61","4-IMPLANTAÇÃO_DE_REDE_INTERNA","","Kit Cobertura Wi-Fi - 9 Access Points - Equip - MEGA - SE","1","18.935,73","18.935,73","Material","31/08/2026","4579","4221","Aprovado","Notas pendentes","1091","Não","5","Conectada","1785322987669x954120380404209800"
"35244776","19001","MEGA INFRA SOLUCOES EM INFRAESTRUTURA LTDA (Filial SP)","07.525.262/0004-61","4-IMPLANTAÇÃO_DE_REDE_INTERNA","","Kit Cobertura Wi-Fi - 9 Access Points - Equip - MEGA - SE","1","18.935,73","18.935,73","Material","31/08/2026","4579","4221","Aprovado","Notas pendentes","","Não","5","Em planejamento","1785322987754x268635333817602620"
"35270015","19001","MEGA INFRA SOLUCOES EM INFRAESTRUTURA LTDA (Filial SP)","07.525.262/0004-61","4-IMPLANTAÇÃO_DE_REDE_INTERNA","","Kit Cobertura Wi-Fi - 9 Access Points - Equip - MEGA - SE","1","18.935,73","18.935,73","Material","31/08/2026","4579","4221","Aprovado","Notas pendentes","","Não","5","Em planejamento","1785322987860x806969664686148000"
"35276601","19001","MEGA INFRA SOLUCOES EM INFRAESTRUTURA LTDA (Filial SP)","07.525.262/0004-61","4-IMPLANTAÇÃO_DE_REDE_INTERNA","","Kit Cobertura Wi-Fi - 9 Access Points - Equip - MEGA - SE","1","18.935,73","18.935,73","Material","31/08/2026","4579","4221","Aprovado","Notas pendentes","","Não","5","Em planejamento","1785322987900x838562050033046800"
"35200104","19001","MEGA INFRA SOLUCOES EM INFRAESTRUTURA LTDA (Filial SP)","07.525.262/0004-61","4-IMPLANTAÇÃO_DE_REDE_INTERNA","","Nobreak - Equip - MEGA - SE","1","1.551,93","1.551,93","Material","31/08/2026","4579","4221","Aprovado","Notas pendentes","","Não","5","Em planejamento","1785322987931x824155296934451000"
"35216773","19001","MEGA INFRA SOLUCOES EM INFRAESTRUTURA LTDA (Filial SP)","07.525.262/0004-61","4-IMPLANTAÇÃO_DE_REDE_INTERNA","","Nobreak - Equip - MEGA - SE","1","1.551,93","1.551,93","Material","31/08/2026","4579","4221","Aprovado","Notas pendentes","","Não","5","Em planejamento","1785322987963x367204553710763970"
"35228837","19001","MEGA INFRA SOLUCOES EM INFRAESTRUTURA LTDA (Filial SP)","07.525.262/0004-61","4-IMPLANTAÇÃO_DE_REDE_INTERNA","","Nobreak - Equip - MEGA - SE","1","1.551,93","1.551,93","Material","31/08/2026","4579","4221","Aprovado","Notas pendentes","","Não","5","Em planejamento","1785322988006x431693350071212350"
"35228552","19001","MEGA INFRA SOLUCOES EM INFRAESTRUTURA LTDA (Filial SP)","07.525.262/0004-61","4-IMPLANTAÇÃO_DE_REDE_INTERNA","","Nobreak - Equip - MEGA - SE","1","1.551,93","1.551,93","Material","31/08/2026","4579","4221","Aprovado","Notas pendentes","","Não","5","Em planejamento","1785322988076x338356498080303300"
"35240333","19001","MEGA INFRA SOLUCOES EM INFRAESTRUTURA LTDA (Filial SP)","07.525.262/0004-61","4-IMPLANTAÇÃO_DE_REDE_INTERNA","","Nobreak - Equip - MEGA - SE","1","1.551,93","1.551,93","Material","31/08/2026","4579","4221","Aprovado","Notas pendentes","1093","Não","5","Conectada","1785322988104x296457543285118200"
"35244776","19001","MEGA INFRA SOLUCOES EM INFRAESTRUTURA LTDA (Filial SP)","07.525.262/0004-61","4-IMPLANTAÇÃO_DE_REDE_INTERNA","","Nobreak - Equip - MEGA - SE","1","1.551,93","1.551,93","Material","31/08/2026","4579","4221","Aprovado","Notas pendentes","","Não","5","Em planejamento","1785322988196x361688878657064450"
"35270015","19001","MEGA INFRA SOLUCOES EM INFRAESTRUTURA LTDA (Filial SP)","07.525.262/0004-61","4-IMPLANTAÇÃO_DE_REDE_INTERNA","","Nobreak - Equip - MEGA - SE","1","1.551,93","1.551,93","Material","31/08/2026","4579","4221","Aprovado","Notas pendentes","","Não","5","Em planejamento","1785322988256x950633799983089400"
"35276601","19001","MEGA INFRA SOLUCOES EM INFRAESTRUTURA LTDA (Filial SP)","07.525.262/0004-61","4-IMPLANTAÇÃO_DE_REDE_INTERNA","","Nobreak - Equip - MEGA - SE","1","1.551,93","1.551,93","Material","31/08/2026","4579","4221","Aprovado","Notas pendentes","","Não","5","Em planejamento","1785322988298x478065046708461950"
"35445903","19001","MEGA INFRA SOLUCOES EM INFRAESTRUTURA LTDA (Filial SP)","07.525.262/0004-61","4-IMPLANTAÇÃO_DE_REDE_INTERNA","","Kit Cobertura Wi-Fi - 9 Access Points - Equip - MEGA - SE","1","18.935,73","18.935,73","Material","31/08/2026","4580","4222","Aprovado","Notas pendentes","","Não","5","Em planejamento","1785323318388x882596009823706900"
"35055451","19001","MEGA INFRA SOLUCOES EM INFRAESTRUTURA LTDA (Filial SP)","07.525.262/0004-61","4-IMPLANTAÇÃO_DE_REDE_INTERNA","","Kit Cobertura Wi-Fi - 9 Access Points - Equip - MEGA - SE","1","18.935,73","18.935,73","Material","31/08/2026","4580","4222","Aprovado","Notas pendentes","","Não","5","Em planejamento","1785323318443x804140427802350300"
"35081516","19001","MEGA INFRA SOLUCOES EM INFRAESTRUTURA LTDA (Filial SP)","07.525.262/0004-61","4-IMPLANTAÇÃO_DE_REDE_INTERNA","","Kit Cobertura Wi-Fi - 9 Access Points - Equip - MEGA - SE","1","18.935,73","18.935,73","Material","31/08/2026","4580","4222","Aprovado","Notas pendentes","1189","Não","5","Conectada","1785323318727x317665871205757630"
"35071341","19001","MEGA INFRA SOLUCOES EM INFRAESTRUTURA LTDA (Filial SP)","07.525.262/0004-61","4-IMPLANTAÇÃO_DE_REDE_INTERNA","","Kit Cobertura Wi-Fi - 9 Access Points - Equip - MEGA - SE","1","18.935,73","18.935,73","Material","31/08/2026","4580","4222","Aprovado","Notas pendentes","","Não","5","Em planejamento","1785323318763x606124468963943300"
"35194136","19001","MEGA INFRA SOLUCOES EM INFRAESTRUTURA LTDA (Filial SP)","07.525.262/0004-61","4-IMPLANTAÇÃO_DE_REDE_INTERNA","","Kit Cobertura Wi-Fi - 9 Access Points - Equip - MEGA - SE","1","18.935,73","18.935,73","Material","31/08/2026","4580","4222","Aprovado","Notas pendentes","","Não","5","Em planejamento","1785323318867x254191748949835550"
"35055116","19001","MEGA INFRA SOLUCOES EM INFRAESTRUTURA LTDA (Filial SP)","07.525.262/0004-61","4-IMPLANTAÇÃO_DE_REDE_INTERNA","","Nobreak - Equip - MEGA - SE","1","1.551,93","1.551,93","Material","31/08/2026","4580","4222","Aprovado","Notas pendentes","","Não","5","Conectada","1785323319051x675569552257231900"
"35065067","19001","MEGA INFRA SOLUCOES EM INFRAESTRUTURA LTDA (Filial SP)","07.525.262/0004-61","4-IMPLANTAÇÃO_DE_REDE_INTERNA","","Nobreak - Equip - MEGA - SE","1","1.551,93","1.551,93","Material","31/08/2026","4580","4222","Aprovado","Notas pendentes","","Não","5","Em planejamento","1785323319136x587129725813252000"
"35055451","19001","MEGA INFRA SOLUCOES EM INFRAESTRUTURA LTDA (Filial SP)","07.525.262/0004-61","4-IMPLANTAÇÃO_DE_REDE_INTERNA","","Nobreak - Equip - MEGA - SE","1","1.551,93","1.551,93","Material","31/08/2026","4580","4222","Aprovado","Notas pendentes","","Não","5","Em planejamento","1785323319146x908236788673624800"
"35071341","19001","MEGA INFRA SOLUCOES EM INFRAESTRUTURA LTDA (Filial SP)","07.525.262/0004-61","4-IMPLANTAÇÃO_DE_REDE_INTERNA","","Nobreak - Equip - MEGA - SE","1","1.551,93","1.551,93","Material","31/08/2026","4580","4222","Aprovado","Notas pendentes","","Não","5","Em planejamento","1785323319155x173887981662762530"
"35081516","19001","MEGA INFRA SOLUCOES EM INFRAESTRUTURA LTDA (Filial SP)","07.525.262/0004-61","4-IMPLANTAÇÃO_DE_REDE_INTERNA","","Nobreak - Equip - MEGA - SE","1","1.551,93","1.551,93","Material","31/08/2026","4580","4222","Aprovado","Notas pendentes","1190","Não","5","Conectada","1785323319225x333484725719605600"
"35445903","19001","MEGA INFRA SOLUCOES EM INFRAESTRUTURA LTDA (Filial SP)","07.525.262/0004-61","4-IMPLANTAÇÃO_DE_REDE_INTERNA","","Nobreak - Equip - MEGA - SE","1","1.551,93","1.551,93","Material","31/08/2026","4580","4222","Aprovado","Notas pendentes","","Não","5","Em planejamento","1785323319254x827305565404562000"
"35194136","19001","MEGA INFRA SOLUCOES EM INFRAESTRUTURA LTDA (Filial SP)","07.525.262/0004-61","4-IMPLANTAÇÃO_DE_REDE_INTERNA","","Nobreak - Equip - MEGA - SE","1","1.551,93","1.551,93","Material","31/08/2026","4580","4222","Aprovado","Notas pendentes","","Não","5","Em planejamento","1785323319348x785451555778817500"
"35217438","19001","MEGA INFRA SOLUCOES EM INFRAESTRUTURA LTDA (Filial SP)","07.525.262/0004-61","4-IMPLANTAÇÃO_DE_REDE_INTERNA","","Kit Cobertura Wi-Fi - 9 Access Points - Equip - MEGA - SE","1","18.935,73","18.935,73","Material","31/08/2026","4581","4223","Aprovado","Notas pendentes","","Não","5","Em planejamento","1785323449999x900095265825577200"
"35234217","19001","MEGA INFRA SOLUCOES EM INFRAESTRUTURA LTDA (Filial SP)","07.525.262/0004-61","4-IMPLANTAÇÃO_DE_REDE_INTERNA","","Kit Cobertura Wi-Fi - 9 Access Points - Equip - MEGA - SE","1","18.935,73","18.935,73","Material","31/08/2026","4581","4223","Aprovado","Notas pendentes","","Não","5","Em planejamento","1785323450061x481775646781048100"
"35253820","19001","MEGA INFRA SOLUCOES EM INFRAESTRUTURA LTDA (Filial SP)","07.525.262/0004-61","4-IMPLANTAÇÃO_DE_REDE_INTERNA","","Kit Cobertura Wi-Fi - 9 Access Points - Equip - MEGA - SE","1","18.935,73","18.935,73","Material","31/08/2026","4581","4223","Aprovado","Notas pendentes","","Não","5","Em planejamento","1785323450168x950002838779894300"
"35276613","19001","MEGA INFRA SOLUCOES EM INFRAESTRUTURA LTDA (Filial SP)","07.525.262/0004-61","4-IMPLANTAÇÃO_DE_REDE_INTERNA","","Kit Cobertura Wi-Fi - 9 Access Points - Equip - MEGA - SE","1","18.935,73","18.935,73","Material","31/08/2026","4581","4223","Aprovado","Notas pendentes","","Não","5","Em planejamento","1785323450180x542088744646137100"
"35276637","19001","MEGA INFRA SOLUCOES EM INFRAESTRUTURA LTDA (Filial SP)","07.525.262/0004-61","4-IMPLANTAÇÃO_DE_REDE_INTERNA","","Kit Cobertura Wi-Fi - 9 Access Points - Equip - MEGA - SE","1","18.935,73","18.935,73","Material","31/08/2026","4581","4223","Aprovado","Notas pendentes","","Não","5","Em planejamento","1785323450243x838139866199205500"
"35276728","19001","MEGA INFRA SOLUCOES EM INFRAESTRUTURA LTDA (Filial SP)","07.525.262/0004-61","4-IMPLANTAÇÃO_DE_REDE_INTERNA","","Kit Cobertura Wi-Fi - 9 Access Points - Equip - MEGA - SE","1","18.935,73","18.935,73","Material","31/08/2026","4581","4223","Aprovado","Notas pendentes","","Não","5","Conectada","1785323450432x494371034186749100"
"35386315","19001","MEGA INFRA SOLUCOES EM INFRAESTRUTURA LTDA (Filial SP)","07.525.262/0004-61","4-IMPLANTAÇÃO_DE_REDE_INTERNA","","Kit Cobertura Wi-Fi - 9 Access Points - Equip - MEGA - SE","1","18.935,73","18.935,73","Material","31/08/2026","4581","4223","Aprovado","Notas pendentes","","Não","5","Em planejamento","1785323450597x171884839884213220"
"35217438","19001","MEGA INFRA SOLUCOES EM INFRAESTRUTURA LTDA (Filial SP)","07.525.262/0004-61","4-IMPLANTAÇÃO_DE_REDE_INTERNA","","Nobreak - Equip - MEGA - SE","1","1.551,93","1.551,93","Material","31/08/2026","4581","4223","Aprovado","Notas pendentes","","Não","5","Em planejamento","1785323450609x814971496228231300"
"35234217","19001","MEGA INFRA SOLUCOES EM INFRAESTRUTURA LTDA (Filial SP)","07.525.262/0004-61","4-IMPLANTAÇÃO_DE_REDE_INTERNA","","Nobreak - Equip - MEGA - SE","1","1.551,93","1.551,93","Material","31/08/2026","4581","4223","Aprovado","Notas pendentes","","Não","5","Em planejamento","1785323450692x501093781023743940"
"35228448","19001","MEGA INFRA SOLUCOES EM INFRAESTRUTURA LTDA (Filial SP)","07.525.262/0004-61","4-IMPLANTAÇÃO_DE_REDE_INTERNA","","Nobreak - Equip - MEGA - SE","1","1.551,93","1.551,93","Material","31/08/2026","4581","4223","Aprovado","Notas pendentes","1064","Não","5","Conectada","1785323450743x682022060391055400"
"35276613","19001","MEGA INFRA SOLUCOES EM INFRAESTRUTURA LTDA (Filial SP)","07.525.262/0004-61","4-IMPLANTAÇÃO_DE_REDE_INTERNA","","Nobreak - Equip - MEGA - SE","1","1.551,93","1.551,93","Material","31/08/2026","4581","4223","Aprovado","Notas pendentes","","Não","5","Em planejamento","1785323450773x301536358312337600"
"35253820","19001","MEGA INFRA SOLUCOES EM INFRAESTRUTURA LTDA (Filial SP)","07.525.262/0004-61","4-IMPLANTAÇÃO_DE_REDE_INTERNA","","Nobreak - Equip - MEGA - SE","1","1.551,93","1.551,93","Material","31/08/2026","4581","4223","Aprovado","Notas pendentes","","Não","5","Em planejamento","1785323450766x904875812360450300"
"35276637","19001","MEGA INFRA SOLUCOES EM INFRAESTRUTURA LTDA (Filial SP)","07.525.262/0004-61","4-IMPLANTAÇÃO_DE_REDE_INTERNA","","Nobreak - Equip - MEGA - SE","1","1.551,93","1.551,93","Material","31/08/2026","4581","4223","Aprovado","Notas pendentes","","Não","5","Em planejamento","1785323450869x598458582379216400"
"35276728","19001","MEGA INFRA SOLUCOES EM INFRAESTRUTURA LTDA (Filial SP)","07.525.262/0004-61","4-IMPLANTAÇÃO_DE_REDE_INTERNA","","Nobreak - Equip - MEGA - SE","1","1.551,93","1.551,93","Material","31/08/2026","4581","4223","Aprovado","Notas pendentes","","Não","5","Conectada","1785323450948x895578814628291200"
"35386315","19001","MEGA INFRA SOLUCOES EM INFRAESTRUTURA LTDA (Filial SP)","07.525.262/0004-61","4-IMPLANTAÇÃO_DE_REDE_INTERNA","","Nobreak - Equip - MEGA - SE","1","1.551,93","1.551,93","Material","31/08/2026","4581","4223","Aprovado","Notas pendentes","","Não","5","Em planejamento","1785323450966x676144250366052200"
"35434565","19001","MEGA INFRA SOLUCOES EM INFRAESTRUTURA LTDA (Filial SP)","07.525.262/0004-61","4-IMPLANTAÇÃO_DE_REDE_INTERNA","","Kit Cobertura Wi-Fi - 10 Access Points - Equip - MEGA - SE","1","20.171,96","20.171,96","Material","31/08/2026","4582","4224","Aprovado","Notas pendentes","","Não","5","Em planejamento","1785323590664x689021573847440400"
"35438418","19001","MEGA INFRA SOLUCOES EM INFRAESTRUTURA LTDA (Filial SP)","07.525.262/0004-61","4-IMPLANTAÇÃO_DE_REDE_INTERNA","","Kit Cobertura Wi-Fi - 9 Access Points - Equip - MEGA - SE","1","18.935,73","18.935,73","Material","31/08/2026","4582","4224","Aprovado","Notas pendentes","","Não","5","Em planejamento","1785323590697x630693695617092500"
"35010213","19001","MEGA INFRA SOLUCOES EM INFRAESTRUTURA LTDA (Filial SP)","07.525.262/0004-61","4-IMPLANTAÇÃO_DE_REDE_INTERNA","","Kit Cobertura Wi-Fi - 9 Access Points - Equip - MEGA - SE","1","18.935,73","18.935,73","Material","31/08/2026","4582","4224","Aprovado","Notas pendentes","","Não","5","Em planejamento","1785323590926x737955616232870100"
"35098474","19001","MEGA INFRA SOLUCOES EM INFRAESTRUTURA LTDA (Filial SP)","07.525.262/0004-61","4-IMPLANTAÇÃO_DE_REDE_INTERNA","","Kit Cobertura Wi-Fi - 9 Access Points - Equip - MEGA - SE","1","18.935,73","18.935,73","Material","31/08/2026","4582","4224","Aprovado","Notas pendentes","","Não","5","Em planejamento","1785323590936x555480600429229630"
"35010213","19001","MEGA INFRA SOLUCOES EM INFRAESTRUTURA LTDA (Filial SP)","07.525.262/0004-61","4-IMPLANTAÇÃO_DE_REDE_INTERNA","","Nobreak - Equip - MEGA - SE","1","1.551,93","1.551,93","Material","31/08/2026","4582","4224","Aprovado","Notas pendentes","","Não","5","Em planejamento","1785323590988x921713886395802800"
"35438418","19001","MEGA INFRA SOLUCOES EM INFRAESTRUTURA LTDA (Filial SP)","07.525.262/0004-61","4-IMPLANTAÇÃO_DE_REDE_INTERNA","","Nobreak - Equip - MEGA - SE","1","1.551,93","1.551,93","Material","31/08/2026","4582","4224","Aprovado","Notas pendentes","","Não","5","Em planejamento","1785323591110x927790720920394000"
"35440115","19001","MEGA INFRA SOLUCOES EM INFRAESTRUTURA LTDA (Filial SP)","07.525.262/0004-61","4-IMPLANTAÇÃO_DE_REDE_INTERNA","","Nobreak - Equip - MEGA - SE","1","1.551,93","1.551,93","Material","31/08/2026","4582","4224","Aprovado","Notas pendentes","1358","Não","5","Conectada","1785323591342x676847018117250800"
"35098474","19001","MEGA INFRA SOLUCOES EM INFRAESTRUTURA LTDA (Filial SP)","07.525.262/0004-61","4-IMPLANTAÇÃO_DE_REDE_INTERNA","","Nobreak - Equip - MEGA - SE","1","1.551,93","1.551,93","Material","31/08/2026","4582","4224","Aprovado","Notas pendentes","","Não","5","Em planejamento","1785323591405x996914112077580500"
"35050611","19001","MEGA INFRA SOLUCOES EM INFRAESTRUTURA LTDA (Filial SP)","07.525.262/0004-61","4-IMPLANTAÇÃO_DE_REDE_INTERNA","","Nobreak - Equip - MEGA - SE","1","1.551,93","1.551,93","Material","31/08/2026","4582","4224","Aprovado","Notas pendentes","","Não","5","Conectada","1785323591396x763915405641617800"
"35270441","19001","MEGA INFRA SOLUCOES EM INFRAESTRUTURA LTDA (Filial SP)","07.525.262/0004-61","4-IMPLANTAÇÃO_DE_REDE_INTERNA","","Nobreak - Equip - MEGA - SE","1","1.551,93","1.551,93","Material","31/08/2026","4582","4224","Aprovado","Notas pendentes","1428","Não","5","Conectada","1785323591483x159982642158502660"
"35278567","19001","MEGA INFRA SOLUCOES EM INFRAESTRUTURA LTDA (Filial SP)","07.525.262/0004-61","4-IMPLANTAÇÃO_DE_REDE_INTERNA","","Nobreak - Equip - MEGA - SE","1","1.551,93","1.551,93","Material","31/08/2026","4582","4224","Aprovado","Notas pendentes","","Não","5","Em planejamento","1785323591603x651192712047745700"
"35434565","19001","MEGA INFRA SOLUCOES EM INFRAESTRUTURA LTDA (Filial SP)","07.525.262/0004-61","4-IMPLANTAÇÃO_DE_REDE_INTERNA","","Nobreak - Equip - MEGA - SE","1","1.551,93","1.551,93","Material","31/08/2026","4582","4224","Aprovado","Notas pendentes","","Não","5","Em planejamento","1785323591594x210498022265615000"
"35230509","19001","MEGA INFRA SOLUCOES EM INFRAESTRUTURA LTDA (Filial SP)","07.525.262/0004-61","4-IMPLANTAÇÃO_DE_REDE_INTERNA","","Kit Cobertura Wi-Fi - 10 Access Points - Equip - MEGA - SE","1","20.171,96","20.171,96","Material","31/08/2026","4583","4225","Aprovado","Nota Fiscal","","Não","5","Em planejamento","1785324305944x114468091997312670"
"35076594","19001","MEGA INFRA SOLUCOES EM INFRAESTRUTURA LTDA (Filial SP)","07.525.262/0004-61","4-IMPLANTAÇÃO_DE_REDE_INTERNA","","Kit Cobertura Wi-Fi - 10 Access Points - Equip - MEGA - SE","1","20.171,96","20.171,96","Material","31/08/2026","4583","4225","Aprovado","Nota Fiscal","","Não","5","Em planejamento","1785324306357x963800342742723100"
"35584859","19001","MEGA INFRA SOLUCOES EM INFRAESTRUTURA LTDA (Filial SP)","07.525.262/0004-61","4-IMPLANTAÇÃO_DE_REDE_INTERNA","","Kit Cobertura Wi-Fi - 10 Access Points - Equip - MEGA - SE","1","20.171,96","20.171,96","Material","31/08/2026","4583","4225","Aprovado","Nota Fiscal","","Não","5","Em planejamento","1785324306508x176717712444747650"
"35053659","19001","MEGA INFRA SOLUCOES EM INFRAESTRUTURA LTDA (Filial SP)","07.525.262/0004-61","4-IMPLANTAÇÃO_DE_REDE_INTERNA","","Kit Cobertura Wi-Fi - 10 Access Points - Equip - MEGA - SE","1","20.171,96","20.171,96","Material","31/08/2026","4583","4225","Aprovado","Nota Fiscal","","Não","5","Em planejamento","1785324306606x847552949337542000"
"35058476","19001","MEGA INFRA SOLUCOES EM INFRAESTRUTURA LTDA (Filial SP)","07.525.262/0004-61","4-IMPLANTAÇÃO_DE_REDE_INTERNA","","Kit Cobertura Wi-Fi - 10 Access Points - Equip - MEGA - SE","1","20.171,96","20.171,96","Material","31/08/2026","4583","4225","Aprovado","Nota Fiscal","","Não","5","Em planejamento","1785324307186x118971700624056700"
"35054252","19001","MEGA INFRA SOLUCOES EM INFRAESTRUTURA LTDA (Filial SP)","07.525.262/0004-61","4-IMPLANTAÇÃO_DE_REDE_INTERNA","","Kit Cobertura Wi-Fi - 10 Access Points - Equip - MEGA - SE","1","20.171,96","20.171,96","Material","31/08/2026","4583","4225","Aprovado","Nota Fiscal","","Não","5","Em planejamento","1785324307419x657782609090874500"
"35434085","19001","MEGA INFRA SOLUCOES EM INFRAESTRUTURA LTDA (Filial SP)","07.525.262/0004-61","4-IMPLANTAÇÃO_DE_REDE_INTERNA","","Kit Cobertura Wi-Fi - 10 Access Points - Equip - MEGA - SE","1","20.171,96","20.171,96","Material","31/08/2026","4583","4225","Aprovado","Nota Fiscal","","Não","5","Em planejamento","1785324307665x194719313996044350"
"35434085","19001","MEGA INFRA SOLUCOES EM INFRAESTRUTURA LTDA (Filial SP)","07.525.262/0004-61","4-IMPLANTAÇÃO_DE_REDE_INTERNA","","Nobreak - Equip - MEGA - SE","1","1.551,93","1.551,93","Material","31/08/2026","4583","4225","Aprovado","Nota Fiscal","","Não","5","Em planejamento","1785324307923x606986557556002700"
"35584859","19001","MEGA INFRA SOLUCOES EM INFRAESTRUTURA LTDA (Filial SP)","07.525.262/0004-61","4-IMPLANTAÇÃO_DE_REDE_INTERNA","","Nobreak - Equip - MEGA - SE","1","1.551,93","1.551,93","Material","31/08/2026","4583","4225","Aprovado","Nota Fiscal","","Não","5","Em planejamento","1785324308106x621218299845714700"
"35053659","19001","MEGA INFRA SOLUCOES EM INFRAESTRUTURA LTDA (Filial SP)","07.525.262/0004-61","4-IMPLANTAÇÃO_DE_REDE_INTERNA","","Nobreak - Equip - MEGA - SE","1","1.551,93","1.551,93","Material","31/08/2026","4583","4225","Aprovado","Nota Fiscal","","Não","5","Em planejamento","1785324308233x903072318049984500"
"35054252","19001","MEGA INFRA SOLUCOES EM INFRAESTRUTURA LTDA (Filial SP)","07.525.262/0004-61","4-IMPLANTAÇÃO_DE_REDE_INTERNA","","Nobreak - Equip - MEGA - SE","1","1.551,93","1.551,93","Material","31/08/2026","4583","4225","Aprovado","Nota Fiscal","","Não","5","Em planejamento","1785324308543x444955760082400100"
"35058476","19001","MEGA INFRA SOLUCOES EM INFRAESTRUTURA LTDA (Filial SP)","07.525.262/0004-61","4-IMPLANTAÇÃO_DE_REDE_INTERNA","","Nobreak - Equip - MEGA - SE","1","1.551,93","1.551,93","Material","31/08/2026","4583","4225","Aprovado","Nota Fiscal","","Não","5","Em planejamento","1785324308691x775024561670918400"
"35076594","19001","MEGA INFRA SOLUCOES EM INFRAESTRUTURA LTDA (Filial SP)","07.525.262/0004-61","4-IMPLANTAÇÃO_DE_REDE_INTERNA","","Nobreak - Equip - MEGA - SE","1","1.551,93","1.551,93","Material","31/08/2026","4583","4225","Aprovado","Nota Fiscal","","Não","5","Em planejamento","1785324308977x548413849977322560"
"35230509","19001","MEGA INFRA SOLUCOES EM INFRAESTRUTURA LTDA (Filial SP)","07.525.262/0004-61","4-IMPLANTAÇÃO_DE_REDE_INTERNA","","Nobreak - Equip - MEGA - SE","1","1.551,93","1.551,93","Material","31/08/2026","4583","4225","Aprovado","Nota Fiscal","","Não","5","Em planejamento","1785324309236x294627991018815200"
"35239987","19001","MEGA INFRA SOLUCOES EM INFRAESTRUTURA LTDA (Filial SP)","07.525.262/0004-61","4-IMPLANTAÇÃO_DE_REDE_INTERNA","","Nobreak - Equip - MEGA - SE","1","1.551,93","1.551,93","Material","31/08/2026","4583","4225","Aprovado","Nota Fiscal","","Não","5","Em planejamento","1785324309322x502618287184734900"
"35248393","19001","MEGA INFRA SOLUCOES EM INFRAESTRUTURA LTDA (Filial SP)","07.525.262/0004-61","4-IMPLANTAÇÃO_DE_REDE_INTERNA","","Kit Cobertura Wi-Fi - 10 Access Points - Equip - MEGA - SE","1","20.171,96","20.171,96","Material","31/08/2026","4584","4226","Aprovado","Nota Fiscal","","Não","5","Em planejamento","1785324509155x216839196181247680"
"35277423","19001","MEGA INFRA SOLUCOES EM INFRAESTRUTURA LTDA (Filial SP)","07.525.262/0004-61","4-IMPLANTAÇÃO_DE_REDE_INTERNA","","Kit Cobertura Wi-Fi - 10 Access Points - Equip - MEGA - SE","1","20.171,96","20.171,96","Material","31/08/2026","4584","4226","Aprovado","Nota Fiscal","","Não","5","Em planejamento","1785324509742x871779286708085400"
"35280847","19001","MEGA INFRA SOLUCOES EM INFRAESTRUTURA LTDA (Filial SP)","07.525.262/0004-61","4-IMPLANTAÇÃO_DE_REDE_INTERNA","","Kit Cobertura Wi-Fi - 10 Access Points - Equip - MEGA - SE","1","20.171,96","20.171,96","Material","31/08/2026","4584","4226","Aprovado","Nota Fiscal","","Não","5","Em planejamento","1785324509911x432672038448483900"
"35282397","19001","MEGA INFRA SOLUCOES EM INFRAESTRUTURA LTDA (Filial SP)","07.525.262/0004-61","4-IMPLANTAÇÃO_DE_REDE_INTERNA","","Kit Cobertura Wi-Fi - 10 Access Points - Equip - MEGA - SE","1","20.171,96","20.171,96","Material","31/08/2026","4584","4226","Aprovado","Nota Fiscal","","Não","5","Em planejamento","1785324510011x762886612266860500"
"35373448","19001","MEGA INFRA SOLUCOES EM INFRAESTRUTURA LTDA (Filial SP)","07.525.262/0004-61","4-IMPLANTAÇÃO_DE_REDE_INTERNA","","Kit Cobertura Wi-Fi - 10 Access Points - Equip - MEGA - SE","1","20.171,96","20.171,96","Material","31/08/2026","4584","4226","Aprovado","Nota Fiscal","","Não","5","Em planejamento","1785324510154x558278787667878340"
"35410743","19001","MEGA INFRA SOLUCOES EM INFRAESTRUTURA LTDA (Filial SP)","07.525.262/0004-61","4-IMPLANTAÇÃO_DE_REDE_INTERNA","","Kit Cobertura Wi-Fi - 10 Access Points - Equip - MEGA - SE","1","20.171,96","20.171,96","Material","31/08/2026","4584","4226","Aprovado","Nota Fiscal","","Não","5","Em planejamento","1785324510239x560906662439426600"
"35415376","19001","MEGA INFRA SOLUCOES EM INFRAESTRUTURA LTDA (Filial SP)","07.525.262/0004-61","4-IMPLANTAÇÃO_DE_REDE_INTERNA","","Kit Cobertura Wi-Fi - 10 Access Points - Equip - MEGA - SE","1","20.171,96","20.171,96","Material","31/08/2026","4584","4226","Aprovado","Nota Fiscal","","Não","5","Em planejamento","1785324510625x160220789870859420"
"35248393","19001","MEGA INFRA SOLUCOES EM INFRAESTRUTURA LTDA (Filial SP)","07.525.262/0004-61","4-IMPLANTAÇÃO_DE_REDE_INTERNA","","Nobreak - Equip - MEGA - SE","1","1.551,93","1.551,93","Material","31/08/2026","4584","4226","Aprovado","Nota Fiscal","","Não","5","Em planejamento","1785324510721x427210379962370600"
"35271160","19001","MEGA INFRA SOLUCOES EM INFRAESTRUTURA LTDA (Filial SP)","07.525.262/0004-61","4-IMPLANTAÇÃO_DE_REDE_INTERNA","","Nobreak - Equip - MEGA - SE","1","1.551,93","1.551,93","Material","31/08/2026","4584","4226","Aprovado","Nota Fiscal","","Não","5","Em planejamento","1785324510914x250794409039515780"
"35277423","19001","MEGA INFRA SOLUCOES EM INFRAESTRUTURA LTDA (Filial SP)","07.525.262/0004-61","4-IMPLANTAÇÃO_DE_REDE_INTERNA","","Nobreak - Equip - MEGA - SE","1","1.551,93","1.551,93","Material","31/08/2026","4584","4226","Aprovado","Nota Fiscal","","Não","5","Em planejamento","1785324511059x479990054978840700"
"35280847","19001","MEGA INFRA SOLUCOES EM INFRAESTRUTURA LTDA (Filial SP)","07.525.262/0004-61","4-IMPLANTAÇÃO_DE_REDE_INTERNA","","Nobreak - Equip - MEGA - SE","1","1.551,93","1.551,93","Material","31/08/2026","4584","4226","Aprovado","Nota Fiscal","","Não","5","Em planejamento","1785324511130x444081861408507140"
"35282397","19001","MEGA INFRA SOLUCOES EM INFRAESTRUTURA LTDA (Filial SP)","07.525.262/0004-61","4-IMPLANTAÇÃO_DE_REDE_INTERNA","","Nobreak - Equip - MEGA - SE","1","1.551,93","1.551,93","Material","31/08/2026","4584","4226","Aprovado","Nota Fiscal","","Não","5","Em planejamento","1785324511356x730641446927369600"
"35373448","19001","MEGA INFRA SOLUCOES EM INFRAESTRUTURA LTDA (Filial SP)","07.525.262/0004-61","4-IMPLANTAÇÃO_DE_REDE_INTERNA","","Nobreak - Equip - MEGA - SE","1","1.551,93","1.551,93","Material","31/08/2026","4584","4226","Aprovado","Nota Fiscal","","Não","5","Em planejamento","1785324511396x935141501796910500"
"35410743","19001","MEGA INFRA SOLUCOES EM INFRAESTRUTURA LTDA (Filial SP)","07.525.262/0004-61","4-IMPLANTAÇÃO_DE_REDE_INTERNA","","Nobreak - Equip - MEGA - SE","1","1.551,93","1.551,93","Material","31/08/2026","4584","4226","Aprovado","Nota Fiscal","","Não","5","Em planejamento","1785324511501x365482980698242050"
"35415376","19001","MEGA INFRA SOLUCOES EM INFRAESTRUTURA LTDA (Filial SP)","07.525.262/0004-61","4-IMPLANTAÇÃO_DE_REDE_INTERNA","","Nobreak - Equip - MEGA - SE","1","1.551,93","1.551,93","Material","31/08/2026","4584","4226","Aprovado","Nota Fiscal","","Não","5","Em planejamento","1785324511836x625905683913236600"
"35054021","19001","MEGA INFRA SOLUCOES EM INFRAESTRUTURA LTDA (Filial SP)","07.525.262/0004-61","4-IMPLANTAÇÃO_DE_REDE_INTERNA","","Kit Cobertura Wi-Fi - 10 Access Points - Equip - MEGA - SE","1","20.171,96","20.171,96","Material","31/08/2026","4585","4227","Aprovado","Nota Fiscal","","Não","5","Em planejamento","1785324731100x561016347080878900"
"35057125","19001","MEGA INFRA SOLUCOES EM INFRAESTRUTURA LTDA (Filial SP)","07.525.262/0004-61","4-IMPLANTAÇÃO_DE_REDE_INTERNA","","Kit Cobertura Wi-Fi - 10 Access Points - Equip - MEGA - SE","1","20.171,96","20.171,96","Material","31/08/2026","4585","4227","Aprovado","Nota Fiscal","","Não","5","Em planejamento","1785324731670x706395608473995500"
"35068767","19001","MEGA INFRA SOLUCOES EM INFRAESTRUTURA LTDA (Filial SP)","07.525.262/0004-61","4-IMPLANTAÇÃO_DE_REDE_INTERNA","","Kit Cobertura Wi-Fi - 10 Access Points - Equip - MEGA - SE","1","20.171,96","20.171,96","Material","31/08/2026","4585","4227","Aprovado","Nota Fiscal","","Não","5","Em planejamento","1785324731866x195512317649039420"
"35085736","19001","MEGA INFRA SOLUCOES EM INFRAESTRUTURA LTDA (Filial SP)","07.525.262/0004-61","4-IMPLANTAÇÃO_DE_REDE_INTERNA","","Kit Cobertura Wi-Fi - 10 Access Points - Equip - MEGA - SE","1","20.171,96","20.171,96","Material","31/08/2026","4585","4227","Aprovado","Nota Fiscal","","Não","5","Conectada","1785324732051x643014690172655000"
"35201960","19001","MEGA INFRA SOLUCOES EM INFRAESTRUTURA LTDA (Filial SP)","07.525.262/0004-61","4-IMPLANTAÇÃO_DE_REDE_INTERNA","","Kit Cobertura Wi-Fi - 10 Access Points - Equip - MEGA - SE","1","20.171,96","20.171,96","Material","31/08/2026","4585","4227","Aprovado","Nota Fiscal","","Não","5","Em planejamento","1785324732556x460697728244938050"
"35207378","19001","MEGA INFRA SOLUCOES EM INFRAESTRUTURA LTDA (Filial SP)","07.525.262/0004-61","4-IMPLANTAÇÃO_DE_REDE_INTERNA","","Kit Cobertura Wi-Fi - 10 Access Points - Equip - MEGA - SE","1","20.171,96","20.171,96","Material","31/08/2026","4585","4227","Aprovado","Nota Fiscal","","Não","5","Em planejamento","1785324734274x224648748669414430"
"35054021","19001","MEGA INFRA SOLUCOES EM INFRAESTRUTURA LTDA (Filial SP)","07.525.262/0004-61","4-IMPLANTAÇÃO_DE_REDE_INTERNA","","Nobreak - Equip - MEGA - SE","1","1.551,93","1.551,93","Material","31/08/2026","4585","4227","Aprovado","Nota Fiscal","","Não","5","Em planejamento","1785324734364x103618931594219980"
"35068767","19001","MEGA INFRA SOLUCOES EM INFRAESTRUTURA LTDA (Filial SP)","07.525.262/0004-61","4-IMPLANTAÇÃO_DE_REDE_INTERNA","","Nobreak - Equip - MEGA - SE","1","1.551,93","1.551,93","Material","31/08/2026","4585","4227","Aprovado","Nota Fiscal","","Não","5","Em planejamento","1785324735342x177662421071419500"
"35057125","19001","MEGA INFRA SOLUCOES EM INFRAESTRUTURA LTDA (Filial SP)","07.525.262/0004-61","4-IMPLANTAÇÃO_DE_REDE_INTERNA","","Nobreak - Equip - MEGA - SE","1","1.551,93","1.551,93","Material","31/08/2026","4585","4227","Aprovado","Nota Fiscal","","Não","5","Em planejamento","1785324735358x106958536959054880"
"35085736","19001","MEGA INFRA SOLUCOES EM INFRAESTRUTURA LTDA (Filial SP)","07.525.262/0004-61","4-IMPLANTAÇÃO_DE_REDE_INTERNA","","Nobreak - Equip - MEGA - SE","1","1.551,93","1.551,93","Material","31/08/2026","4585","4227","Aprovado","Nota Fiscal","","Não","5","Conectada","1785324735793x537161776668391360"
"35201960","19001","MEGA INFRA SOLUCOES EM INFRAESTRUTURA LTDA (Filial SP)","07.525.262/0004-61","4-IMPLANTAÇÃO_DE_REDE_INTERNA","","Nobreak - Equip - MEGA - SE","1","1.551,93","1.551,93","Material","31/08/2026","4585","4227","Aprovado","Nota Fiscal","","Não","5","Em planejamento","1785324736290x132799491768613940"
"35206143","19001","MEGA INFRA SOLUCOES EM INFRAESTRUTURA LTDA (Filial SP)","07.525.262/0004-61","4-IMPLANTAÇÃO_DE_REDE_INTERNA","","Nobreak - Equip - MEGA - SE","1","1.551,93","1.551,93","Material","31/08/2026","4585","4227","Aprovado","Nota Fiscal","","Não","5","Em planejamento","1785324736322x302268400094922700"
"35216677","19001","MEGA INFRA SOLUCOES EM INFRAESTRUTURA LTDA (Filial SP)","07.525.262/0004-61","4-IMPLANTAÇÃO_DE_REDE_INTERNA","","Nobreak - Equip - MEGA - SE","1","1.551,93","1.551,93","Material","31/08/2026","4585","4227","Aprovado","Nota Fiscal","","Não","5","Conectada","1785324737307x788219023825268900"
"35207378","19001","MEGA INFRA SOLUCOES EM INFRAESTRUTURA LTDA (Filial SP)","07.525.262/0004-61","4-IMPLANTAÇÃO_DE_REDE_INTERNA","","Nobreak - Equip - MEGA - SE","1","1.551,93","1.551,93","Material","31/08/2026","4585","4227","Aprovado","Nota Fiscal","","Não","5","Em planejamento","1785324737425x571187212593827300"
"35045974","19001","MEGA INFRA SOLUCOES EM INFRAESTRUTURA LTDA (Filial SP)","07.525.262/0004-61","4-IMPLANTAÇÃO_DE_REDE_INTERNA","","Kit Cobertura Wi-Fi - 10 Access Points - Equip - MEGA - SE","1","20.171,96","20.171,96","Material","31/08/2026","4586","4228","Aprovado","Notas pendentes","","Não","5","Em planejamento","1785325090620x605366176045158000"
"35010290","19001","MEGA INFRA SOLUCOES EM INFRAESTRUTURA LTDA (Filial SP)","07.525.262/0004-61","4-IMPLANTAÇÃO_DE_REDE_INTERNA","","Kit Cobertura Wi-Fi - 10 Access Points - Equip - MEGA - SE","1","20.171,96","20.171,96","Material","31/08/2026","4586","4228","Aprovado","Notas pendentes","","Não","5","Em planejamento","1785325091006x428882214288419200"
"35467339","19001","MEGA INFRA SOLUCOES EM INFRAESTRUTURA LTDA (Filial SP)","07.525.262/0004-61","4-IMPLANTAÇÃO_DE_REDE_INTERNA","","Kit Cobertura Wi-Fi - 11 Access Points - Equip - MEGA - SE","1","21.408,19","21.408,19","Material","31/08/2026","4586","4228","Aprovado","Notas pendentes","1028","Não","5","Conectada","1785325091083x940985143042251400"
"35299352","19001","MEGA INFRA SOLUCOES EM INFRAESTRUTURA LTDA (Filial SP)","07.525.262/0004-61","4-IMPLANTAÇÃO_DE_REDE_INTERNA","","Kit Cobertura Wi-Fi - 10 Access Points - Equip - MEGA - SE","1","20.171,96","20.171,96","Material","31/08/2026","4586","4228","Aprovado","Notas pendentes","","Não","5","Em planejamento","1785325091213x729153782176596400"
"35045974","19001","MEGA INFRA SOLUCOES EM INFRAESTRUTURA LTDA (Filial SP)","07.525.262/0004-61","4-IMPLANTAÇÃO_DE_REDE_INTERNA","","Nobreak - Equip - MEGA - SE","1","1.551,93","1.551,93","Material","31/08/2026","4586","4228","Aprovado","Notas pendentes","","Não","5","Em planejamento","1785325091529x334171021132748860"
"35422502","19001","MEGA INFRA SOLUCOES EM INFRAESTRUTURA LTDA (Filial SP)","07.525.262/0004-61","4-IMPLANTAÇÃO_DE_REDE_INTERNA","","Kit Cobertura Wi-Fi - 11 Access Points - Equip - MEGA - SE","1","21.408,19","21.408,19","Material","31/08/2026","4586","4228","Aprovado","Notas pendentes","","Não","5","Em planejamento","1785325091561x935916838214347000"
"35437256","19001","MEGA INFRA SOLUCOES EM INFRAESTRUTURA LTDA (Filial SP)","07.525.262/0004-61","4-IMPLANTAÇÃO_DE_REDE_INTERNA","","Kit Cobertura Wi-Fi - 11 Access Points - Equip - MEGA - SE","1","21.408,19","21.408,19","Material","31/08/2026","4586","4228","Aprovado","Notas pendentes","1313","Não","5","Conectada","1785325091703x314354257439286600"
"35010293","19001","MEGA INFRA SOLUCOES EM INFRAESTRUTURA LTDA (Filial SP)","07.525.262/0004-61","4-IMPLANTAÇÃO_DE_REDE_INTERNA","","Kit Cobertura Wi-Fi - 10 Access Points - Equip - MEGA - SE","1","20.171,96","20.171,96","Material","31/08/2026","4586","4228","Aprovado","Notas pendentes","","Não","5","Em planejamento","1785325091877x852098946615619200"
"35299352","19001","MEGA INFRA SOLUCOES EM INFRAESTRUTURA LTDA (Filial SP)","07.525.262/0004-61","4-IMPLANTAÇÃO_DE_REDE_INTERNA","","Nobreak - Equip - MEGA - SE","1","1.551,93","1.551,93","Material","31/08/2026","4586","4228","Aprovado","Notas pendentes","","Não","5","Em planejamento","1785325092011x383733967967536260"
"35010293","19001","MEGA INFRA SOLUCOES EM INFRAESTRUTURA LTDA (Filial SP)","07.525.262/0004-61","4-IMPLANTAÇÃO_DE_REDE_INTERNA","","Nobreak - Equip - MEGA - SE","1","1.551,93","1.551,93","Material","31/08/2026","4586","4228","Aprovado","Notas pendentes","","Não","5","Em planejamento","1785325092083x175414282228918620"
"35010290","19001","MEGA INFRA SOLUCOES EM INFRAESTRUTURA LTDA (Filial SP)","07.525.262/0004-61","4-IMPLANTAÇÃO_DE_REDE_INTERNA","","Nobreak - Equip - MEGA - SE","1","1.551,93","1.551,93","Material","31/08/2026","4586","4228","Aprovado","Notas pendentes","","Não","5","Em planejamento","1785325092312x608204464151750100"
"35422502","19001","MEGA INFRA SOLUCOES EM INFRAESTRUTURA LTDA (Filial SP)","07.525.262/0004-61","4-IMPLANTAÇÃO_DE_REDE_INTERNA","","Nobreak - Equip - MEGA - SE","1","1.551,93","1.551,93","Material","31/08/2026","4586","4228","Aprovado","Notas pendentes","","Não","5","Em planejamento","1785325092513x384981851700368700"
"35437256","19001","MEGA INFRA SOLUCOES EM INFRAESTRUTURA LTDA (Filial SP)","07.525.262/0004-61","4-IMPLANTAÇÃO_DE_REDE_INTERNA","","Nobreak - Equip - MEGA - SE","1","1.551,93","1.551,93","Material","31/08/2026","4586","4228","Aprovado","Notas pendentes","1314","Não","5","Conectada","1785325092584x912050590576724200"
"35467339","19001","MEGA INFRA SOLUCOES EM INFRAESTRUTURA LTDA (Filial SP)","07.525.262/0004-61","4-IMPLANTAÇÃO_DE_REDE_INTERNA","","Nobreak - Equip - MEGA - SE","1","1.551,93","1.551,93","Material","31/08/2026","4586","4228","Aprovado","Notas pendentes","1029","Não","5","Conectada","1785325093090x336085783226290700"
"35564643","19001","MEGA INFRA SOLUCOES EM INFRAESTRUTURA LTDA (Filial SP)","07.525.262/0004-61","4-IMPLANTAÇÃO_DE_REDE_INTERNA","","Nobreak - Equip - MEGA - SE","1","1.551,93","1.551,93","Material","31/08/2026","4586","4228","Aprovado","Notas pendentes","","Não","5","Conectada","1785325093427x796176173186309100"
"35404858","19001","MEGA INFRA SOLUCOES EM INFRAESTRUTURA LTDA (Filial SP)","07.525.262/0004-61","4-IMPLANTAÇÃO_DE_REDE_INTERNA","","Kit Cobertura Wi-Fi - 11 Access Points - Equip - MEGA - SE","1","21.408,19","21.408,19","Material","31/08/2026","4587","4229","Aprovado","Notas pendentes","","Não","5","Em planejamento","1785325630618x653524535795386700"
"35215843","19001","MEGA INFRA SOLUCOES EM INFRAESTRUTURA LTDA (Filial SP)","07.525.262/0004-61","4-IMPLANTAÇÃO_DE_REDE_INTERNA","","Nobreak - Equip - MEGA - SE","1","1.551,93","1.551,93","Material","31/08/2026","4587","4229","Aprovado","Notas pendentes","","Não","5","Em planejamento","1785325630902x254770261886089400"
"35244788","19001","MEGA INFRA SOLUCOES EM INFRAESTRUTURA LTDA (Filial SP)","07.525.262/0004-61","4-IMPLANTAÇÃO_DE_REDE_INTERNA","","Kit Cobertura Wi-Fi - 11 Access Points - Equip - MEGA - SE","1","21.408,19","21.408,19","Material","31/08/2026","4587","4229","Aprovado","Notas pendentes","","Não","5","Em planejamento","1785325631168x984222271390932100"
"35239975","19001","MEGA INFRA SOLUCOES EM INFRAESTRUTURA LTDA (Filial SP)","07.525.262/0004-61","4-IMPLANTAÇÃO_DE_REDE_INTERNA","","Kit Cobertura Wi-Fi - 11 Access Points - Equip - MEGA - SE","1","21.408,19","21.408,19","Material","31/08/2026","4587","4229","Aprovado","Notas pendentes","","Não","5","Conectada","1785325631264x442779808239275500"
"35217517","19001","MEGA INFRA SOLUCOES EM INFRAESTRUTURA LTDA (Filial SP)","07.525.262/0004-61","4-IMPLANTAÇÃO_DE_REDE_INTERNA","","Kit Cobertura Wi-Fi - 11 Access Points - Equip - MEGA - SE","1","21.408,19","21.408,19","Material","31/08/2026","4587","4229","Aprovado","Notas pendentes","","Não","5","Em planejamento","1785325631470x901442763334236300"
"35249841","19001","MEGA INFRA SOLUCOES EM INFRAESTRUTURA LTDA (Filial SP)","07.525.262/0004-61","4-IMPLANTAÇÃO_DE_REDE_INTERNA","","Kit Cobertura Wi-Fi - 11 Access Points - Equip - MEGA - SE","1","21.408,19","21.408,19","Material","31/08/2026","4587","4229","Aprovado","Notas pendentes","","Não","5","Em planejamento","1785325633836x616635255632737700"
"35239951","19001","MEGA INFRA SOLUCOES EM INFRAESTRUTURA LTDA (Filial SP)","07.525.262/0004-61","4-IMPLANTAÇÃO_DE_REDE_INTERNA","","Nobreak - Equip - MEGA - SE","1","1.551,93","1.551,93","Material","31/08/2026","4587","4229","Aprovado","Notas pendentes","","Não","5","Em planejamento","1785325634069x486580546963798700"
"35217517","19001","MEGA INFRA SOLUCOES EM INFRAESTRUTURA LTDA (Filial SP)","07.525.262/0004-61","4-IMPLANTAÇÃO_DE_REDE_INTERNA","","Nobreak - Equip - MEGA - SE","1","1.551,93","1.551,93","Material","31/08/2026","4587","4229","Aprovado","Notas pendentes","","Não","5","Em planejamento","1785325634437x495090977430887800"
"35239975","19001","MEGA INFRA SOLUCOES EM INFRAESTRUTURA LTDA (Filial SP)","07.525.262/0004-61","4-IMPLANTAÇÃO_DE_REDE_INTERNA","","Nobreak - Equip - MEGA - SE","1","1.551,93","1.551,93","Material","31/08/2026","4587","4229","Aprovado","Notas pendentes","","Não","5","Conectada","1785325634505x872729128017827100"
"35244788","19001","MEGA INFRA SOLUCOES EM INFRAESTRUTURA LTDA (Filial SP)","07.525.262/0004-61","4-IMPLANTAÇÃO_DE_REDE_INTERNA","","Nobreak - Equip - MEGA - SE","1","1.551,93","1.551,93","Material","31/08/2026","4587","4229","Aprovado","Notas pendentes","","Não","5","Em planejamento","1785325634893x303976890272655400"
"35249841","19001","MEGA INFRA SOLUCOES EM INFRAESTRUTURA LTDA (Filial SP)","07.525.262/0004-61","4-IMPLANTAÇÃO_DE_REDE_INTERNA","","Nobreak - Equip - MEGA - SE","1","1.551,93","1.551,93","Material","31/08/2026","4587","4229","Aprovado","Notas pendentes","","Não","5","Em planejamento","1785325634988x514159059423821700"
"35408384","19001","MEGA INFRA SOLUCOES EM INFRAESTRUTURA LTDA (Filial SP)","07.525.262/0004-61","4-IMPLANTAÇÃO_DE_REDE_INTERNA","","Nobreak - Equip - MEGA - SE","1","1.551,93","1.551,93","Material","31/08/2026","4587","4229","Aprovado","Notas pendentes","1078","Não","5","Conectada","1785325635259x796782013165643400"
"35404858","19001","MEGA INFRA SOLUCOES EM INFRAESTRUTURA LTDA (Filial SP)","07.525.262/0004-61","4-IMPLANTAÇÃO_DE_REDE_INTERNA","","Nobreak - Equip - MEGA - SE","1","1.551,93","1.551,93","Material","31/08/2026","4587","4229","Aprovado","Notas pendentes","","Não","5","Em planejamento","1785325635478x716788525327102200"
"35062789","19001","MEGA INFRA SOLUCOES EM INFRAESTRUTURA LTDA (Filial SP)","07.525.262/0004-61","4-IMPLANTAÇÃO_DE_REDE_INTERNA","","Kit Cobertura Wi-Fi - 11 Access Points - Equip - MEGA - SE","1","21.408,19","21.408,19","Material","31/08/2026","4588","4230","Aprovado","Notas pendentes","","Não","5","Em planejamento","1785326290354x923896508850831700"
"35206097","19001","MEGA INFRA SOLUCOES EM INFRAESTRUTURA LTDA (Filial SP)","07.525.262/0004-61","4-IMPLANTAÇÃO_DE_REDE_INTERNA","","Kit Cobertura Wi-Fi - 11 Access Points - Equip - MEGA - SE","1","21.408,19","21.408,19","Material","31/08/2026","4588","4230","Aprovado","Notas pendentes","","Não","5","Em planejamento","1785326290430x979466652976330800"
"35419436","19001","MEGA INFRA SOLUCOES EM INFRAESTRUTURA LTDA (Filial SP)","07.525.262/0004-61","4-IMPLANTAÇÃO_DE_REDE_INTERNA","","Nobreak - Equip - MEGA - SE","1","1.551,93","1.551,93","Material","31/08/2026","4588","4230","Aprovado","Notas pendentes","1072","Não","5","Conectada","1785326290761x490633721159220000"
"35050659","19001","MEGA INFRA SOLUCOES EM INFRAESTRUTURA LTDA (Filial SP)","07.525.262/0004-61","4-IMPLANTAÇÃO_DE_REDE_INTERNA","","Kit Cobertura Wi-Fi - 11 Access Points - Equip - MEGA - SE","1","21.408,19","21.408,19","Material","31/08/2026","4588","4230","Aprovado","Notas pendentes","","Não","5","Em planejamento","1785326290806x290210993852914940"
"35498075","19001","MEGA INFRA SOLUCOES EM INFRAESTRUTURA LTDA (Filial SP)","07.525.262/0004-61","4-IMPLANTAÇÃO_DE_REDE_INTERNA","","Kit Cobertura Wi-Fi - 11 Access Points - Equip - MEGA - SE","1","21.408,19","21.408,19","Material","31/08/2026","4588","4230","Aprovado","Notas pendentes","","Não","5","Em planejamento","1785326291016x810335362902309400"
"35428851","19001","MEGA INFRA SOLUCOES EM INFRAESTRUTURA LTDA (Filial SP)","07.525.262/0004-61","4-IMPLANTAÇÃO_DE_REDE_INTERNA","","Nobreak - Equip - MEGA - SE","1","1.551,93","1.551,93","Material","31/08/2026","4588","4230","Aprovado","Notas pendentes","","Não","5","Em planejamento","1785326291057x394389300143314750"
"35443931","19001","MEGA INFRA SOLUCOES EM INFRAESTRUTURA LTDA (Filial SP)","07.525.262/0004-61","4-IMPLANTAÇÃO_DE_REDE_INTERNA","","Nobreak - Equip - MEGA - SE","1","1.551,93","1.551,93","Material","31/08/2026","4588","4230","Aprovado","Notas pendentes","","Não","5","Em planejamento","1785326291403x867424949716365000"
"35428851","19001","MEGA INFRA SOLUCOES EM INFRAESTRUTURA LTDA (Filial SP)","07.525.262/0004-61","4-IMPLANTAÇÃO_DE_REDE_INTERNA","","Kit Cobertura Wi-Fi - 11 Access Points - Equip - MEGA - SE","1","21.408,19","21.408,19","Material","31/08/2026","4588","4230","Aprovado","Notas pendentes","","Não","5","Em planejamento","1785326291417x620047413536935200"
"35443931","19001","MEGA INFRA SOLUCOES EM INFRAESTRUTURA LTDA (Filial SP)","07.525.262/0004-61","4-IMPLANTAÇÃO_DE_REDE_INTERNA","","Kit Cobertura Wi-Fi - 11 Access Points - Equip - MEGA - SE","1","21.408,19","21.408,19","Material","31/08/2026","4588","4230","Aprovado","Notas pendentes","","Não","5","Em planejamento","1785326291430x784147911228933600"
"35498075","19001","MEGA INFRA SOLUCOES EM INFRAESTRUTURA LTDA (Filial SP)","07.525.262/0004-61","4-IMPLANTAÇÃO_DE_REDE_INTERNA","","Nobreak - Equip - MEGA - SE","1","1.551,93","1.551,93","Material","31/08/2026","4588","4230","Aprovado","Notas pendentes","","Não","5","Em planejamento","1785326291720x637300098465205100"
"35005122","19001","MEGA INFRA SOLUCOES EM INFRAESTRUTURA LTDA (Filial SP)","07.525.262/0004-61","4-IMPLANTAÇÃO_DE_REDE_INTERNA","","Nobreak - Equip - MEGA - SE","1","1.551,93","1.551,93","Material","31/08/2026","4588","4230","Aprovado","Notas pendentes","1054","Não","5","Conectada","1785326291729x353271857871954050"
"35050659","19001","MEGA INFRA SOLUCOES EM INFRAESTRUTURA LTDA (Filial SP)","07.525.262/0004-61","4-IMPLANTAÇÃO_DE_REDE_INTERNA","","Nobreak - Equip - MEGA - SE","1","1.551,93","1.551,93","Material","31/08/2026","4588","4230","Aprovado","Notas pendentes","","Não","5","Em planejamento","1785326291896x165570813485395040"
"35062789","19001","MEGA INFRA SOLUCOES EM INFRAESTRUTURA LTDA (Filial SP)","07.525.262/0004-61","4-IMPLANTAÇÃO_DE_REDE_INTERNA","","Nobreak - Equip - MEGA - SE","1","1.551,93","1.551,93","Material","31/08/2026","4588","4230","Aprovado","Notas pendentes","","Não","5","Em planejamento","1785326292219x519795662065260860"
"35206097","19001","MEGA INFRA SOLUCOES EM INFRAESTRUTURA LTDA (Filial SP)","07.525.262/0004-61","4-IMPLANTAÇÃO_DE_REDE_INTERNA","","Nobreak - Equip - MEGA - SE","1","1.551,93","1.551,93","Material","31/08/2026","4588","4230","Aprovado","Notas pendentes","","Não","5","Em planejamento","1785326292543x830439732848443900"
"35354715","19001","MEGA INFRA SOLUCOES EM INFRAESTRUTURA LTDA (Filial SP)","07.525.262/0004-61","4-IMPLANTAÇÃO_DE_REDE_INTERNA","","Kit Cobertura Wi-Fi - 11 Access Points - Equip - MEGA - SE","1","21.408,19","21.408,19","Material","31/08/2026","4589","4231","Aprovado","Notas pendentes","","Não","5","Em planejamento","1785326582266x560415255060485950"
"35359993","19001","MEGA INFRA SOLUCOES EM INFRAESTRUTURA LTDA (Filial SP)","07.525.262/0004-61","4-IMPLANTAÇÃO_DE_REDE_INTERNA","","Kit Cobertura Wi-Fi - 11 Access Points - Equip - MEGA - SE","1","21.408,19","21.408,19","Material","31/08/2026","4589","4231","Aprovado","Notas pendentes","","Não","5","Em planejamento","1785326582561x146441570411446560"
"35415388","19001","MEGA INFRA SOLUCOES EM INFRAESTRUTURA LTDA (Filial SP)","07.525.262/0004-61","4-IMPLANTAÇÃO_DE_REDE_INTERNA","","Kit Cobertura Wi-Fi - 11 Access Points - Equip - MEGA - SE","1","21.408,19","21.408,19","Material","31/08/2026","4589","4231","Aprovado","Notas pendentes","","Não","5","Em planejamento","1785326583416x349756066500216200"
"35415108","19001","MEGA INFRA SOLUCOES EM INFRAESTRUTURA LTDA (Filial SP)","07.525.262/0004-61","4-IMPLANTAÇÃO_DE_REDE_INTERNA","","Nobreak - Equip - MEGA - SE","1","1.551,93","1.551,93","Material","31/08/2026","4589","4231","Aprovado","Notas pendentes","","Não","5","Em planejamento","1785326583576x338984918478635970"
"35418213","19001","MEGA INFRA SOLUCOES EM INFRAESTRUTURA LTDA (Filial SP)","07.525.262/0004-61","4-IMPLANTAÇÃO_DE_REDE_INTERNA","","Nobreak - Equip - MEGA - SE","1","1.551,93","1.551,93","Material","31/08/2026","4589","4231","Aprovado","Notas pendentes","","Não","5","Em planejamento","1785326583756x180541243871976450"
"35415108","19001","MEGA INFRA SOLUCOES EM INFRAESTRUTURA LTDA (Filial SP)","07.525.262/0004-61","4-IMPLANTAÇÃO_DE_REDE_INTERNA","","Kit Cobertura Wi-Fi - 11 Access Points - Equip - MEGA - SE","1","21.408,19","21.408,19","Material","31/08/2026","4589","4231","Aprovado","Notas pendentes","","Não","5","Em planejamento","1785326584087x343605655554970050"
"35400075","19001","MEGA INFRA SOLUCOES EM INFRAESTRUTURA LTDA (Filial SP)","07.525.262/0004-61","4-IMPLANTAÇÃO_DE_REDE_INTERNA","","Kit Cobertura Wi-Fi - 11 Access Points - Equip - MEGA - SE","1","21.408,19","21.408,19","Material","31/08/2026","4589","4231","Aprovado","Notas pendentes","","Não","5","Em planejamento","1785326584527x651613950658753300"
"35418161","19001","MEGA INFRA SOLUCOES EM INFRAESTRUTURA LTDA (Filial SP)","07.525.262/0004-61","4-IMPLANTAÇÃO_DE_REDE_INTERNA","","Kit Cobertura Wi-Fi - 11 Access Points - Equip - MEGA - SE","1","21.408,19","21.408,19","Material","31/08/2026","4589","4231","Aprovado","Notas pendentes","","Não","5","Em planejamento","1785326584646x856558854672270500"
"35418213","19001","MEGA INFRA SOLUCOES EM INFRAESTRUTURA LTDA (Filial SP)","07.525.262/0004-61","4-IMPLANTAÇÃO_DE_REDE_INTERNA","","Kit Cobertura Wi-Fi - 11 Access Points - Equip - MEGA - SE","1","21.408,19","21.408,19","Material","31/08/2026","4589","4231","Aprovado","Notas pendentes","","Não","5","Em planejamento","1785326584864x432906296730537300"
"35354715","19001","MEGA INFRA SOLUCOES EM INFRAESTRUTURA LTDA (Filial SP)","07.525.262/0004-61","4-IMPLANTAÇÃO_DE_REDE_INTERNA","","Nobreak - Equip - MEGA - SE","1","1.551,93","1.551,93","Material","31/08/2026","4589","4231","Aprovado","Notas pendentes","","Não","5","Em planejamento","1785326585070x179250118872319460"
"35359993","19001","MEGA INFRA SOLUCOES EM INFRAESTRUTURA LTDA (Filial SP)","07.525.262/0004-61","4-IMPLANTAÇÃO_DE_REDE_INTERNA","","Nobreak - Equip - MEGA - SE","1","1.551,93","1.551,93","Material","31/08/2026","4589","4231","Aprovado","Notas pendentes","","Não","5","Em planejamento","1785326585239x389703616149444500"
"35400075","19001","MEGA INFRA SOLUCOES EM INFRAESTRUTURA LTDA (Filial SP)","07.525.262/0004-61","4-IMPLANTAÇÃO_DE_REDE_INTERNA","","Nobreak - Equip - MEGA - SE","1","1.551,93","1.551,93","Material","31/08/2026","4589","4231","Aprovado","Notas pendentes","","Não","5","Em planejamento","1785326585418x532072238419960100"
"35417063","19001","MEGA INFRA SOLUCOES EM INFRAESTRUTURA LTDA (Filial SP)","07.525.262/0004-61","4-IMPLANTAÇÃO_DE_REDE_INTERNA","","Nobreak - Equip - MEGA - SE","1","1.551,93","1.551,93","Material","31/08/2026","4589","4231","Aprovado","Notas pendentes","1253","Não","5","Conectada","1785326585480x983686401415158300"
"35415388","19001","MEGA INFRA SOLUCOES EM INFRAESTRUTURA LTDA (Filial SP)","07.525.262/0004-61","4-IMPLANTAÇÃO_DE_REDE_INTERNA","","Nobreak - Equip - MEGA - SE","1","1.551,93","1.551,93","Material","31/08/2026","4589","4231","Aprovado","Notas pendentes","","Não","5","Em planejamento","1785326585827x722128428568242000"
"35418161","19001","MEGA INFRA SOLUCOES EM INFRAESTRUTURA LTDA (Filial SP)","07.525.262/0004-61","4-IMPLANTAÇÃO_DE_REDE_INTERNA","","Nobreak - Equip - MEGA - SE","1","1.551,93","1.551,93","Material","31/08/2026","4589","4231","Aprovado","Notas pendentes","","Não","5","Em planejamento","1785326585975x341801465548200700"
"35280422","19001","MEGA INFRA SOLUCOES EM INFRAESTRUTURA LTDA (Filial SP)","07.525.262/0004-61","4-IMPLANTAÇÃO_DE_REDE_INTERNA","","Kit Cobertura Wi-Fi - 11 Access Points - Equip - MEGA - SE","1","21.408,19","21.408,19","Material","31/08/2026","4592","4232","Aprovado","Nota Fiscal","","Não","5","Em planejamento","1785328313681x380014695921179200"
"35246086","19001","MEGA INFRA SOLUCOES EM INFRAESTRUTURA LTDA (Filial SP)","07.525.262/0004-61","4-IMPLANTAÇÃO_DE_REDE_INTERNA","","Kit Cobertura Wi-Fi - 11 Access Points - Equip - MEGA - SE","1","21.408,19","21.408,19","Material","31/08/2026","4592","4232","Aprovado","Nota Fiscal","","Não","5","Em planejamento","1785328313783x966185831695315100"
"35223141","19001","MEGA INFRA SOLUCOES EM INFRAESTRUTURA LTDA (Filial SP)","07.525.262/0004-61","4-IMPLANTAÇÃO_DE_REDE_INTERNA","","Kit Cobertura Wi-Fi - 11 Access Points - Equip - MEGA - SE","1","21.408,19","21.408,19","Material","31/08/2026","4592","4232","Aprovado","Nota Fiscal","","Não","5","Em planejamento","1785328313799x863920652763286100"
"35283733","19001","MEGA INFRA SOLUCOES EM INFRAESTRUTURA LTDA (Filial SP)","07.525.262/0004-61","4-IMPLANTAÇÃO_DE_REDE_INTERNA","","Kit Cobertura Wi-Fi - 11 Access Points - Equip - MEGA - SE","1","21.408,19","21.408,19","Material","31/08/2026","4592","4232","Aprovado","Nota Fiscal","","Não","5","Em planejamento","1785328314407x654883994885932700"
"35283745","19001","MEGA INFRA SOLUCOES EM INFRAESTRUTURA LTDA (Filial SP)","07.525.262/0004-61","4-IMPLANTAÇÃO_DE_REDE_INTERNA","","Kit Cobertura Wi-Fi - 11 Access Points - Equip - MEGA - SE","1","21.408,19","21.408,19","Material","31/08/2026","4592","4232","Aprovado","Nota Fiscal","","Não","5","Em planejamento","1785328314676x511372526653032700"
"35295668","19001","MEGA INFRA SOLUCOES EM INFRAESTRUTURA LTDA (Filial SP)","07.525.262/0004-61","4-IMPLANTAÇÃO_DE_REDE_INTERNA","","Kit Cobertura Wi-Fi - 11 Access Points - Equip - MEGA - SE","1","21.408,19","21.408,19","Material","31/08/2026","4592","4232","Aprovado","Nota Fiscal","","Não","5","Em planejamento","1785328315396x283022806072979140"
"35349161","19001","MEGA INFRA SOLUCOES EM INFRAESTRUTURA LTDA (Filial SP)","07.525.262/0004-61","4-IMPLANTAÇÃO_DE_REDE_INTERNA","","Nobreak - Equip - MEGA - SE","1","1.551,93","1.551,93","Material","31/08/2026","4592","4232","Aprovado","Nota Fiscal","","Não","5","Em planejamento","1785328316108x854416027063357600"
"35283733","19001","MEGA INFRA SOLUCOES EM INFRAESTRUTURA LTDA (Filial SP)","07.525.262/0004-61","4-IMPLANTAÇÃO_DE_REDE_INTERNA","","Nobreak - Equip - MEGA - SE","1","1.551,93","1.551,93","Material","31/08/2026","4592","4232","Aprovado","Nota Fiscal","","Não","5","Em planejamento","1785328316309x479201350011721600"
"35295668","19001","MEGA INFRA SOLUCOES EM INFRAESTRUTURA LTDA (Filial SP)","07.525.262/0004-61","4-IMPLANTAÇÃO_DE_REDE_INTERNA","","Nobreak - Equip - MEGA - SE","1","1.551,93","1.551,93","Material","31/08/2026","4592","4232","Aprovado","Nota Fiscal","","Não","5","Em planejamento","1785328316332x531263661555204200"
"35283745","19001","MEGA INFRA SOLUCOES EM INFRAESTRUTURA LTDA (Filial SP)","07.525.262/0004-61","4-IMPLANTAÇÃO_DE_REDE_INTERNA","","Nobreak - Equip - MEGA - SE","1","1.551,93","1.551,93","Material","31/08/2026","4592","4232","Aprovado","Nota Fiscal","","Não","5","Em planejamento","1785328316630x315123832863286400"
"35223141","19001","MEGA INFRA SOLUCOES EM INFRAESTRUTURA LTDA (Filial SP)","07.525.262/0004-61","4-IMPLANTAÇÃO_DE_REDE_INTERNA","","Nobreak - Equip - MEGA - SE","1","1.551,93","1.551,93","Material","31/08/2026","4592","4232","Aprovado","Nota Fiscal","","Não","5","Em planejamento","1785328317024x645962033268210600"
"35349161","19001","MEGA INFRA SOLUCOES EM INFRAESTRUTURA LTDA (Filial SP)","07.525.262/0004-61","4-IMPLANTAÇÃO_DE_REDE_INTERNA","","Kit Cobertura Wi-Fi - 11 Access Points - Equip - MEGA - SE","1","21.408,19","21.408,19","Material","31/08/2026","4592","4232","Aprovado","Nota Fiscal","","Não","5","Em planejamento","1785328318224x125484798779377230"
"35246086","19001","MEGA INFRA SOLUCOES EM INFRAESTRUTURA LTDA (Filial SP)","07.525.262/0004-61","4-IMPLANTAÇÃO_DE_REDE_INTERNA","","Nobreak - Equip - MEGA - SE","1","1.551,93","1.551,93","Material","31/08/2026","4592","4232","Aprovado","Nota Fiscal","","Não","5","Em planejamento","1785328318144x841497783753538400"
"35276790","19001","MEGA INFRA SOLUCOES EM INFRAESTRUTURA LTDA (Filial SP)","07.525.262/0004-61","4-IMPLANTAÇÃO_DE_REDE_INTERNA","","Nobreak - Equip - MEGA - SE","1","1.551,93","1.551,93","Material","31/08/2026","4592","4232","Aprovado","Nota Fiscal","","Não","5","Em planejamento","1785328318629x605127085846177900"
"35280422","19001","MEGA INFRA SOLUCOES EM INFRAESTRUTURA LTDA (Filial SP)","07.525.262/0004-61","4-IMPLANTAÇÃO_DE_REDE_INTERNA","","Nobreak - Equip - MEGA - SE","1","1.551,93","1.551,93","Material","31/08/2026","4592","4232","Aprovado","Nota Fiscal","","Não","5","Em planejamento","1785328318701x876978954410900400"
"35098528","19001","MEGA INFRA SOLUCOES EM INFRAESTRUTURA LTDA (Filial SP)","07.525.262/0004-61","4-IMPLANTAÇÃO_DE_REDE_INTERNA","","Kit Cobertura Wi-Fi - 11 Access Points - Equip - MEGA - SE","1","21.408,19","21.408,19","Material","31/08/2026","4593","4233","Aprovado","Notas pendentes","","Não","5","Em planejamento","1785328530475x144945178420241800"
"35130138","19001","MEGA INFRA SOLUCOES EM INFRAESTRUTURA LTDA (Filial SP)","07.525.262/0004-61","4-IMPLANTAÇÃO_DE_REDE_INTERNA","","Kit Cobertura Wi-Fi - 11 Access Points - Equip - MEGA - SE","1","21.408,19","21.408,19","Material","31/08/2026","4593","4233","Aprovado","Notas pendentes","1352","Não","5","Conectada","1785328530510x129206878803130860"
"35096817","19001","MEGA INFRA SOLUCOES EM INFRAESTRUTURA LTDA (Filial SP)","07.525.262/0004-61","4-IMPLANTAÇÃO_DE_REDE_INTERNA","","Kit Cobertura Wi-Fi - 11 Access Points - Equip - MEGA - SE","1","21.408,19","21.408,19","Material","31/08/2026","4593","4233","Aprovado","Notas pendentes","","Não","5","Em planejamento","1785328530556x927735670354408400"
"35191700","19001","MEGA INFRA SOLUCOES EM INFRAESTRUTURA LTDA (Filial SP)","07.525.262/0004-61","4-IMPLANTAÇÃO_DE_REDE_INTERNA","","Kit Cobertura Wi-Fi - 11 Access Points - Equip - MEGA - SE","1","21.408,19","21.408,19","Material","31/08/2026","4593","4233","Aprovado","Notas pendentes","","Não","5","Em planejamento","1785328531089x649355650990408000"
"35090585","19001","MEGA INFRA SOLUCOES EM INFRAESTRUTURA LTDA (Filial SP)","07.525.262/0004-61","4-IMPLANTAÇÃO_DE_REDE_INTERNA","","Kit Cobertura Wi-Fi - 11 Access Points - Equip - MEGA - SE","1","21.408,19","21.408,19","Material","31/08/2026","4593","4233","Aprovado","Notas pendentes","","Não","5","Em planejamento","1785328531456x577492600205530500"
"35063794","19001","MEGA INFRA SOLUCOES EM INFRAESTRUTURA LTDA (Filial SP)","07.525.262/0004-61","4-IMPLANTAÇÃO_DE_REDE_INTERNA","","Kit Cobertura Wi-Fi - 11 Access Points - Equip - MEGA - SE","1","21.408,19","21.408,19","Material","31/08/2026","4593","4233","Aprovado","Notas pendentes","","Não","5","Em planejamento","1785328531881x653995639435533700"
"35063794","19001","MEGA INFRA SOLUCOES EM INFRAESTRUTURA LTDA (Filial SP)","07.525.262/0004-61","4-IMPLANTAÇÃO_DE_REDE_INTERNA","","Nobreak - Equip - MEGA - SE","1","1.551,93","1.551,93","Material","31/08/2026","4593","4233","Aprovado","Notas pendentes","","Não","5","Em planejamento","1785328531976x313223288725787100"
"35070208","19001","MEGA INFRA SOLUCOES EM INFRAESTRUTURA LTDA (Filial SP)","07.525.262/0004-61","4-IMPLANTAÇÃO_DE_REDE_INTERNA","","Nobreak - Equip - MEGA - SE","1","1.551,93","1.551,93","Material","31/08/2026","4593","4233","Aprovado","Notas pendentes","1285","Não","5","Conectada","1785328532178x789925931722731400"
"35090585","19001","MEGA INFRA SOLUCOES EM INFRAESTRUTURA LTDA (Filial SP)","07.525.262/0004-61","4-IMPLANTAÇÃO_DE_REDE_INTERNA","","Nobreak - Equip - MEGA - SE","1","1.551,93","1.551,93","Material","31/08/2026","4593","4233","Aprovado","Notas pendentes","","Não","5","Em planejamento","1785328532561x767347688281589200"
"35096817","19001","MEGA INFRA SOLUCOES EM INFRAESTRUTURA LTDA (Filial SP)","07.525.262/0004-61","4-IMPLANTAÇÃO_DE_REDE_INTERNA","","Nobreak - Equip - MEGA - SE","1","1.551,93","1.551,93","Material","31/08/2026","4593","4233","Aprovado","Notas pendentes","","Não","5","Em planejamento","1785328532677x923124990919081300"
"35130138","19001","MEGA INFRA SOLUCOES EM INFRAESTRUTURA LTDA (Filial SP)","07.525.262/0004-61","4-IMPLANTAÇÃO_DE_REDE_INTERNA","","Nobreak - Equip - MEGA - SE","1","1.551,93","1.551,93","Material","31/08/2026","4593","4233","Aprovado","Notas pendentes","1353","Não","5","Conectada","1785328533033x255027266349806100"
"35098528","19001","MEGA INFRA SOLUCOES EM INFRAESTRUTURA LTDA (Filial SP)","07.525.262/0004-61","4-IMPLANTAÇÃO_DE_REDE_INTERNA","","Nobreak - Equip - MEGA - SE","1","1.551,93","1.551,93","Material","31/08/2026","4593","4233","Aprovado","Notas pendentes","","Não","5","Em planejamento","1785328533033x821038033390933500"
"35191700","19001","MEGA INFRA SOLUCOES EM INFRAESTRUTURA LTDA (Filial SP)","07.525.262/0004-61","4-IMPLANTAÇÃO_DE_REDE_INTERNA","","Nobreak - Equip - MEGA - SE","1","1.551,93","1.551,93","Material","31/08/2026","4593","4233","Aprovado","Notas pendentes","","Não","5","Em planejamento","1785328533132x179019753463637300"
"35055414","19001","MEGA INFRA SOLUCOES EM INFRAESTRUTURA LTDA (Filial SP)","07.525.262/0004-61","4-IMPLANTAÇÃO_DE_REDE_INTERNA","","Kit Cobertura Wi-Fi - 11 Access Points - Equip - MEGA - SE","1","21.408,19","21.408,19","Material","31/08/2026","4594","4234","Aprovado","Nota Fiscal","","Não","5","Em planejamento","1785329503379x127294165679137540"
"35478775","19001","MEGA INFRA SOLUCOES EM INFRAESTRUTURA LTDA (Filial SP)","07.525.262/0004-61","4-IMPLANTAÇÃO_DE_REDE_INTERNA","","Kit Cobertura Wi-Fi - 14 Access Points - Equip - MEGA - SE","1","25.116,90","25.116,90","Material","31/08/2026","4594","4234","Aprovado","Nota Fiscal","","Não","5","Em planejamento","1785329503402x304409699036895000"
"35290634","19001","MEGA INFRA SOLUCOES EM INFRAESTRUTURA LTDA (Filial SP)","07.525.262/0004-61","4-IMPLANTAÇÃO_DE_REDE_INTERNA","","Nobreak - Equip - MEGA - SE","1","1.551,93","1.551,93","Material","31/08/2026","4594","4234","Aprovado","Nota Fiscal","","Não","5","Em planejamento","1785329503423x860153058259942700"
"35054161","19001","MEGA INFRA SOLUCOES EM INFRAESTRUTURA LTDA (Filial SP)","07.525.262/0004-61","4-IMPLANTAÇÃO_DE_REDE_INTERNA","","Kit Cobertura Wi-Fi - 11 Access Points - Equip - MEGA - SE","1","21.408,19","21.408,19","Material","31/08/2026","4594","4234","Aprovado","Nota Fiscal","","Não","5","Em planejamento","1785329503458x372215986656324350"
"35405224","19001","MEGA INFRA SOLUCOES EM INFRAESTRUTURA LTDA (Filial SP)","07.525.262/0004-61","4-IMPLANTAÇÃO_DE_REDE_INTERNA","","Nobreak - Equip - MEGA - SE","1","1.551,93","1.551,93","Material","31/08/2026","4594","4234","Aprovado","Nota Fiscal","","Não","5","Em planejamento","1785329503469x413405266248573200"
"35062807","19001","MEGA INFRA SOLUCOES EM INFRAESTRUTURA LTDA (Filial SP)","07.525.262/0004-61","4-IMPLANTAÇÃO_DE_REDE_INTERNA","","Kit Cobertura Wi-Fi - 11 Access Points - Equip - MEGA - SE","1","21.408,19","21.408,19","Material","31/08/2026","4594","4234","Aprovado","Nota Fiscal","","Não","5","Em planejamento","1785329503477x211485246653655420"
"35290634","19001","MEGA INFRA SOLUCOES EM INFRAESTRUTURA LTDA (Filial SP)","07.525.262/0004-61","4-IMPLANTAÇÃO_DE_REDE_INTERNA","","Kit Cobertura Wi-Fi - 10 Access Points - Equip - MEGA - SE","1","20.171,96","20.171,96","Material","31/08/2026","4594","4234","Aprovado","Nota Fiscal","","Não","5","Em planejamento","1785329503486x937314263463753900"
"35405224","19001","MEGA INFRA SOLUCOES EM INFRAESTRUTURA LTDA (Filial SP)","07.525.262/0004-61","4-IMPLANTAÇÃO_DE_REDE_INTERNA","","Kit Cobertura Wi-Fi - 11 Access Points - Equip - MEGA - SE","1","21.408,19","21.408,19","Material","31/08/2026","4594","4234","Aprovado","Nota Fiscal","","Não","5","Em planejamento","1785329503867x225513753807913950"
"35054161","19001","MEGA INFRA SOLUCOES EM INFRAESTRUTURA LTDA (Filial SP)","07.525.262/0004-61","4-IMPLANTAÇÃO_DE_REDE_INTERNA","","Nobreak - Equip - MEGA - SE","1","1.551,93","1.551,93","Material","31/08/2026","4594","4234","Aprovado","Nota Fiscal","","Não","5","Em planejamento","1785329504022x297700523811921200"
"35055414","19001","MEGA INFRA SOLUCOES EM INFRAESTRUTURA LTDA (Filial SP)","07.525.262/0004-61","4-IMPLANTAÇÃO_DE_REDE_INTERNA","","Nobreak - Equip - MEGA - SE","1","1.551,93","1.551,93","Material","31/08/2026","4594","4234","Aprovado","Nota Fiscal","","Não","5","Em planejamento","1785329504049x779482136020172300"
"35062807","19001","MEGA INFRA SOLUCOES EM INFRAESTRUTURA LTDA (Filial SP)","07.525.262/0004-61","4-IMPLANTAÇÃO_DE_REDE_INTERNA","","Nobreak - Equip - MEGA - SE","1","1.551,93","1.551,93","Material","31/08/2026","4594","4234","Aprovado","Nota Fiscal","","Não","5","Em planejamento","1785329504079x758028743291894700"
"35478775","19001","MEGA INFRA SOLUCOES EM INFRAESTRUTURA LTDA (Filial SP)","07.525.262/0004-61","4-IMPLANTAÇÃO_DE_REDE_INTERNA","","Nobreak - Equip - MEGA - SE","1","1.551,93","1.551,93","Material","31/08/2026","4594","4234","Aprovado","Nota Fiscal","","Não","5","Em planejamento","1785329504110x748696281603068900"
"17049644","19001","MEGA INFRA SOLUCOES EM INFRAESTRUTURA LTDA (Filial SP)","07.525.262/0004-61","4-IMPLANTAÇÃO_DE_REDE_INTERNA","","Kit Cobertura Wi-Fi - 4 Access Points - Equip - MEGA - NO","1","11.520,39","11.520,39","Material","31/08/2026","4596","4190","Aprovado","Nota Fiscal","","Não","5","Em planejamento","1785329599916x705103082159918700"
"17054478","19001","MEGA INFRA SOLUCOES EM INFRAESTRUTURA LTDA (Filial SP)","07.525.262/0004-61","4-IMPLANTAÇÃO_DE_REDE_INTERNA","","Kit Cobertura Wi-Fi - 11 Access Points - Equip - MEGA - NO","1","20.577,55","20.577,55","Material","31/08/2026","4596","4190","Aprovado","Nota Fiscal","","Não","5","Em planejamento","1785329601079x982516144090415500"
"17040035","19001","MEGA INFRA SOLUCOES EM INFRAESTRUTURA LTDA (Filial SP)","07.525.262/0004-61","4-IMPLANTAÇÃO_DE_REDE_INTERNA","","Nobreak - Equip - MEGA - NO","1","1.491,72","1.491,72","Material","31/08/2026","4596","4190","Aprovado","Nota Fiscal","","Não","5","Em implantação","1785329602027x826593915840952300"
"17040035","19001","MEGA INFRA SOLUCOES EM INFRAESTRUTURA LTDA (Filial SP)","07.525.262/0004-61","4-IMPLANTAÇÃO_DE_REDE_INTERNA","","Kit Cobertura Wi-Fi - 6 Access Points - Equip - MEGA - NO","1","13.896,92","13.896,92","Material","31/08/2026","4596","4190","Aprovado","Nota Fiscal","","Não","5","Em implantação","1785329602852x544095167786613060"
"17049644","19001","MEGA INFRA SOLUCOES EM INFRAESTRUTURA LTDA (Filial SP)","07.525.262/0004-61","4-IMPLANTAÇÃO_DE_REDE_INTERNA","","Nobreak - Equip - MEGA - NO","1","1.491,72","1.491,72","Material","31/08/2026","4596","4190","Aprovado","Nota Fiscal","","Não","5","Em planejamento","1785329603117x125214050726548450"
"17054478","19001","MEGA INFRA SOLUCOES EM INFRAESTRUTURA LTDA (Filial SP)","07.525.262/0004-61","4-IMPLANTAÇÃO_DE_REDE_INTERNA","","Nobreak - Equip - MEGA - NO","1","1.491,72","1.491,72","Material","31/08/2026","4596","4190","Aprovado","Nota Fiscal","","Não","5","Em planejamento","1785329603603x324376950954978100"
"35461829","19001","MEGA INFRA SOLUCOES EM INFRAESTRUTURA LTDA (Filial SP)","07.525.262/0004-61","4-IMPLANTAÇÃO_DE_REDE_INTERNA","","Nobreak - Equip - MEGA - SE","1","1.551,93","1.551,93","Material","31/07/2026","4599","4235","Aprovado","","834","Não","5","Conectada","1785332709477x384168089486785400"
"35461829","19001","MEGA INFRA SOLUCOES EM INFRAESTRUTURA LTDA (Filial SP)","07.525.262/0004-61","4-IMPLANTAÇÃO_DE_REDE_INTERNA","","Kit Cobertura Wi-Fi - 3 Access Points - Equip - MEGA - SE","1","10.749,19","10.749,19","Material","31/07/2026","4599","4235","Aprovado","","832","Não","5","Conectada","1785332709550x745963965322824400"
"53007972","19001","MEGA INFRA SOLUCOES EM INFRAESTRUTURA LTDA (Filial SP)","07.525.262/0004-61","4-IMPLANTAÇÃO_DE_REDE_INTERNA","","Nobreak - Equip - MEGA - CO","1","1.491,72","1.491,72","Material","31/07/2026","4602","4334","Aprovado","","884","Não","5","Conectada","1785335963567x939452787023230300"
"53007972","19001","MEGA INFRA SOLUCOES EM INFRAESTRUTURA LTDA (Filial SP)","07.525.262/0004-61","4-IMPLANTAÇÃO_DE_REDE_INTERNA","","Kit Cobertura Wi-Fi - 15 Access Points - Equip - MEGA - CO","1","25.330,63","25.330,63","Material","31/07/2026","4602","4334","Aprovado","","882","Não","5","Conectada","1785335963755x638164208006943600"
"53007972","19001","MEGA INFRA SOLUCOES EM INFRAESTRUTURA LTDA (Filial SP)","07.525.262/0004-61","4-IMPLANTAÇÃO_DE_REDE_INTERNA","","Access Point adicional Indoor - Equip - MEGA - CO","1","699,09","699,09","Material","31/07/2026","4602","4334","Aprovado","","892","Não","5","Conectada","1785335963765x859076930871983600"
"35469889","19001","MEGA INFRA SOLUCOES EM INFRAESTRUTURA LTDA (Filial SP)","07.525.262/0004-61","4-IMPLANTAÇÃO_DE_REDE_INTERNA","","Nobreak - Equip - MEGA - SE","1","1.551,93","1.551,93","Material","31/07/2026","4619","4236","Aprovado","","847","Não","5","Conectada","1785411141225x188285041370057860"
"35469889","19001","MEGA INFRA SOLUCOES EM INFRAESTRUTURA LTDA (Filial SP)","07.525.262/0004-61","4-IMPLANTAÇÃO_DE_REDE_INTERNA","","Kit Cobertura Wi-Fi - 3 Access Points - Equip - MEGA - SE","1","10.749,19","10.749,19","Material","31/07/2026","4619","4236","Aprovado","","846","Não","5","Conectada","1785411141776x589463825164293400"
"35056285","19001","MEGA INFRA SOLUCOES EM INFRAESTRUTURA LTDA (Filial SP)","07.525.262/0004-61","4-IMPLANTAÇÃO_DE_REDE_INTERNA","","Kit Cobertura Wi-Fi - 9 Access Points - Equip - MEGA - SE","1","18.935,73","18.935,73","Material","31/07/2026","4626","4237","Aprovado","","848","Não","5","Conectada","1785415575204x889814965478448200"
"53013034","19001","MEGA INFRA SOLUCOES EM INFRAESTRUTURA LTDA (Filial SP)","07.525.262/0004-61","4-IMPLANTAÇÃO_DE_REDE_INTERNA","","Access Point adicional Indoor - Equip - MEGA - CO","6","699,09","4.194,54","Material","31/07/2026","4630","4200","Aprovado","","830","Não","5","Conectada","1785422272824x684439760728789100"
"53013034","19001","MEGA INFRA SOLUCOES EM INFRAESTRUTURA LTDA (Filial SP)","07.525.262/0004-61","4-IMPLANTAÇÃO_DE_REDE_INTERNA","","Nobreak - Equip - MEGA - CO","1","1.491,72","1.491,72","Material","31/07/2026","4630","4200","Aprovado","","829","Não","5","Conectada","1785422272894x826712480466562700"
"53013034","19001","MEGA INFRA SOLUCOES EM INFRAESTRUTURA LTDA (Filial SP)","07.525.262/0004-61","4-IMPLANTAÇÃO_DE_REDE_INTERNA","","Kit Cobertura Wi-Fi - 15 Access Points - Equip - MEGA - CO","1","25.330,63","25.330,63","Material","31/07/2026","4630","4200","Aprovado","","828","Não","5","Conectada","1785422272990x551981342426092200"
"35085741","19001","MEGA INFRA SOLUCOES EM INFRAESTRUTURA LTDA (Filial SP)","07.525.262/0004-61","4-IMPLANTAÇÃO_DE_REDE_INTERNA","","Nobreak - Equip - MEGA - SE","1","1.551,93","1.551,93","Material","31/07/2026","4702","4433","Aprovado","","1317","Não","5","Conectada","1785503893484x286818568197292800"
"35085741","19001","MEGA INFRA SOLUCOES EM INFRAESTRUTURA LTDA (Filial SP)","07.525.262/0004-61","4-IMPLANTAÇÃO_DE_REDE_INTERNA","","Kit Cobertura Wi-Fi - 14 Access Points - Equip - MEGA - SE","1","25.116,90","25.116,90","Material","31/07/2026","4702","4433","Aprovado","","1316","Não","5","Conectada","1785503894301x332784778275012860"
"35270313","19001","MEGA INFRA SOLUCOES EM INFRAESTRUTURA LTDA (Filial SP)","07.525.262/0004-61","4-IMPLANTAÇÃO_DE_REDE_INTERNA","","Kit Cobertura Wi-Fi - 14 Access Points - Equip - MEGA - SE","1","25.116,90","25.116,90","Material","31/07/2026","4705","4429","Aprovado","","953","Não","5","Conectada","1785522012827x278026365448909250"
"35270313","19001","MEGA INFRA SOLUCOES EM INFRAESTRUTURA LTDA (Filial SP)","07.525.262/0004-61","4-IMPLANTAÇÃO_DE_REDE_INTERNA","","Nobreak - Equip - MEGA - SE","1","1.551,93","1.551,93","Material","31/07/2026","4705","4429","Aprovado","","955","Não","5","Conectada","1785522013047x238057829569150880"
"35313531","19001","MEGA INFRA SOLUCOES EM INFRAESTRUTURA LTDA (Filial SP)","07.525.262/0004-61","4-IMPLANTAÇÃO_DE_REDE_INTERNA","","Nobreak - Equip - MEGA - SE","1","1.551,93","1.551,93","Material","31/07/2026","4706","4239","Aprovado","","868","Não","5","Conectada","1785525855265x192597811126992160"
"35111727","19001","MEGA INFRA SOLUCOES EM INFRAESTRUTURA LTDA (Filial SP)","07.525.262/0004-61","4-IMPLANTAÇÃO_DE_REDE_INTERNA","","Kit Cobertura Wi-Fi - 9 Access Points - Equip - MEGA - SE","1","18.935,73","18.935,73","Material","31/07/2026","4706","4239","Aprovado","","874","Não","5","Conectada","1785525855571x908129289341191400"
"35072953","19001","MEGA INFRA SOLUCOES EM INFRAESTRUTURA LTDA (Filial SP)","07.525.262/0004-61","4-IMPLANTAÇÃO_DE_REDE_INTERNA","","Access Point adicional Indoor - Equip - MEGA - SE","3","727,31","2.181,93","Material","31/07/2026","4706","4239","Aprovado","","875","Não","5","Conectada","1785525855582x922888507892620500"
"35313531","19001","MEGA INFRA SOLUCOES EM INFRAESTRUTURA LTDA (Filial SP)","07.525.262/0004-61","4-IMPLANTAÇÃO_DE_REDE_INTERNA","","Kit Cobertura Wi-Fi - 8 Access Points - Equip - MEGA - SE","1","17.699,49","17.699,49","Material","31/07/2026","4706","4239","Aprovado","","867","Não","5","Conectada","1785525855607x850194053262496800"
"35010106","19001","MEGA INFRA SOLUCOES EM INFRAESTRUTURA LTDA (Filial SP)","07.525.262/0004-61","4-IMPLANTAÇÃO_DE_REDE_INTERNA","","Kit Cobertura Wi-Fi - 9 Access Points - Equip - MEGA - SE","1","18.935,73","18.935,73","Material","31/08/2026","4746","4428","Aprovado","","958","Não","5","Conectada","1785759672750x664358739443832800"
"35447535","19001","MEGA INFRA SOLUCOES EM INFRAESTRUTURA LTDA (Filial SP)","07.525.262/0004-61","4-IMPLANTAÇÃO_DE_REDE_INTERNA","","Nobreak - Equip - MEGA - SE","2","1.551,93","3.103,86","Material","31/08/2026","4746","4428","Aprovado","","967","Não","5","Conectada","1785759672766x729909877674015400"
"35010375","19001","MEGA INFRA SOLUCOES EM INFRAESTRUTURA LTDA (Filial SP)","07.525.262/0004-61","4-IMPLANTAÇÃO_DE_REDE_INTERNA","","Kit Cobertura Wi-Fi - 7 Access Points - Equip - MEGA - SE","1","15.694,13","15.694,13","Material","31/08/2026","4746","4428","Aprovado","","954","Não","5","Conectada","1785759672911x686109541948096900"
"35447535","19001","MEGA INFRA SOLUCOES EM INFRAESTRUTURA LTDA (Filial SP)","07.525.262/0004-61","4-IMPLANTAÇÃO_DE_REDE_INTERNA","","Access Point adicional Indoor - Equip - MEGA - SE","4","727,31","2.909,24","Material","31/08/2026","4746","4428","Aprovado","","962","Não","5","Conectada","1785759672930x737998016133511300"
"35098735","19001","MEGA INFRA SOLUCOES EM INFRAESTRUTURA LTDA (Filial SP)","07.525.262/0004-61","4-IMPLANTAÇÃO_DE_REDE_INTERNA","","Kit Cobertura Wi-Fi - 14 Access Points - Equip - MEGA - SE","1","25.116,90","25.116,90","Material","31/08/2026","4746","4428","Aprovado","","957","Não","5","Conectada","1785759672967x814719358654324900"
"35447535","19001","MEGA INFRA SOLUCOES EM INFRAESTRUTURA LTDA (Filial SP)","07.525.262/0004-61","4-IMPLANTAÇÃO_DE_REDE_INTERNA","","Switch Gigabit 16 portas PoE+ - Equip - MEGA - SE","1","1.803,44","1.803,44","Material","31/08/2026","4746","4428","Aprovado","","964","Não","5","Conectada","1785759673025x581545623211700900"
"35010375","19001","MEGA INFRA SOLUCOES EM INFRAESTRUTURA LTDA (Filial SP)","07.525.262/0004-61","4-IMPLANTAÇÃO_DE_REDE_INTERNA","","Nobreak - Equip - MEGA - SE","1","1.551,93","1.551,93","Material","31/08/2026","4746","4428","Aprovado","","956","Não","5","Conectada","1785759673292x400205569515901440"
"35010106","19001","MEGA INFRA SOLUCOES EM INFRAESTRUTURA LTDA (Filial SP)","07.525.262/0004-61","4-IMPLANTAÇÃO_DE_REDE_INTERNA","","Nobreak - Equip - MEGA - SE","1","1.551,93","1.551,93","Material","31/08/2026","4746","4428","Aprovado","","960","Não","5","Conectada","1785759673347x778051730152958800"
"35447535","19001","MEGA INFRA SOLUCOES EM INFRAESTRUTURA LTDA (Filial SP)","07.525.262/0004-61","4-IMPLANTAÇÃO_DE_REDE_INTERNA","","Rack 7U - Equip - MEGA - SE","1","1.197,39","1.197,39","Material","31/08/2026","4746","4428","Aprovado","","965","Não","5","Conectada","1785759673525x166366514302453300"
"35229568","19001","MEGA INFRA SOLUCOES EM INFRAESTRUTURA LTDA (Filial SP)","07.525.262/0004-61","4-IMPLANTAÇÃO_DE_REDE_INTERNA","","Access Point adicional Indoor - Equip - MEGA - SE","1","727,31","727,31","Material","31/08/2026","4746","4428","Aprovado","","970","Não","5","Conectada","1785759673605x689786676608576500"
"17049393","19001","MEGA INFRA SOLUCOES EM INFRAESTRUTURA LTDA (Filial SP)","07.525.262/0004-61","4-IMPLANTAÇÃO_DE_REDE_INTERNA","","Nobreak - Equip - MEGA - NO","1","1.491,72","1.491,72","Material","31/08/2026","4747","4344","Aprovado","","895","Não","5","Conectada","1785759834825x678502467795291500"
"17050316","19001","MEGA INFRA SOLUCOES EM INFRAESTRUTURA LTDA (Filial SP)","07.525.262/0004-61","4-IMPLANTAÇÃO_DE_REDE_INTERNA","","Nobreak - Equip - MEGA - NO","1","1.491,72","1.491,72","Material","31/08/2026","4747","4344","Aprovado","","896","Não","5","Conectada","1785759834832x125589580009813680"
"17050316","19001","MEGA INFRA SOLUCOES EM INFRAESTRUTURA LTDA (Filial SP)","07.525.262/0004-61","4-IMPLANTAÇÃO_DE_REDE_INTERNA","","Kit Cobertura Wi-Fi - 1 Access Point - Equip - MEGA - NO","1","7.955,58","7.955,58","Material","31/08/2026","4747","4344","Aprovado","","898","Não","5","Conectada","1785759835077x558333038856083200"
"17049393","19001","MEGA INFRA SOLUCOES EM INFRAESTRUTURA LTDA (Filial SP)","07.525.262/0004-61","4-IMPLANTAÇÃO_DE_REDE_INTERNA","","Kit Cobertura Wi-Fi - 8 Access Points - Equip - MEGA - NO","1","17.012,75","17.012,75","Material","31/08/2026","4747","4344","Aprovado","","894","Não","5","Conectada","1785759835263x255315107932682530"
"53009150","19001","MEGA INFRA SOLUCOES EM INFRAESTRUTURA LTDA (Filial SP)","07.525.262/0004-61","4-IMPLANTAÇÃO_DE_REDE_INTERNA","","Kit Cobertura Wi-Fi - 15 Access Points - Equip - MEGA - CO","1","25.330,63","25.330,63","Material","31/08/2026","4748","4335","Aprovado","","879","Não","5","Conectada","1785759967177x166796170078362680"
"35201054","19001","MEGA INFRA SOLUCOES EM INFRAESTRUTURA LTDA (Filial SP)","07.525.262/0004-61","4-IMPLANTAÇÃO_DE_REDE_INTERNA","","Kit Cobertura Wi-Fi - 9 Access Points - Equip - MEGA - SE","1","18.935,73","18.935,73","Material","31/08/2026","4749","4432","Aprovado","","949","Não","5","Conectada","1785777574077x813358206535848200"
"53014618","19001","MEGA INFRA SOLUCOES EM INFRAESTRUTURA LTDA (Filial SP)","07.525.262/0004-61","4-IMPLANTAÇÃO_DE_REDE_INTERNA","","Kit Cobertura Wi-Fi - 15 Access Points - Equip - MEGA - CO","1","25.330,63","25.330,63","Material","31/08/2026","4750","4336","Aprovado","","930","Não","5","Conectada","1785779826982x205984822958114040"
"53007395","19001","MEGA INFRA SOLUCOES EM INFRAESTRUTURA LTDA (Filial SP)","07.525.262/0004-61","4-IMPLANTAÇÃO_DE_REDE_INTERNA","","Nobreak - Equip - MEGA - CO","1","1.491,72","1.491,72","Material","31/08/2026","4750","4336","Aprovado","","902","Não","5","Conectada","1785779827137x614761746268852400"
"53007395","19001","MEGA INFRA SOLUCOES EM INFRAESTRUTURA LTDA (Filial SP)","07.525.262/0004-61","4-IMPLANTAÇÃO_DE_REDE_INTERNA","","Kit Cobertura Wi-Fi - 15 Access Points - Equip - MEGA - CO","1","25.330,63","25.330,63","Material","31/08/2026","4750","4336","Aprovado","","901","Não","5","Conectada","1785779827215x151093239266021570"
"53014618","19001","MEGA INFRA SOLUCOES EM INFRAESTRUTURA LTDA (Filial SP)","07.525.262/0004-61","4-IMPLANTAÇÃO_DE_REDE_INTERNA","","Nobreak - Equip - MEGA - CO","1","1.491,72","1.491,72","Material","31/08/2026","4750","4336","Aprovado","","932","Não","5","Conectada","1785779827263x917662417015746800"
"53007395","19001","MEGA INFRA SOLUCOES EM INFRAESTRUTURA LTDA (Filial SP)","07.525.262/0004-61","4-IMPLANTAÇÃO_DE_REDE_INTERNA","","Access Point adicional Indoor - Equip - MEGA - CO","1","699,09","699,09","Material","31/08/2026","4750","4336","Aprovado","","903","Não","5","Conectada","1785779827493x849417799147331300"
"17026199","19001","MEGA INFRA SOLUCOES EM INFRAESTRUTURA LTDA (Filial SP)","07.525.262/0004-61","4-IMPLANTAÇÃO_DE_REDE_INTERNA","","Kit Cobertura Wi-Fi - 15 Access Points - Equip - MEGA - NO","1","25.330,63","25.330,63","Material","31/08/2026","4751","4345","Aprovado","","912","Não","5","Conectada","1785780505600x876066571527989100"
"17026199","19001","MEGA INFRA SOLUCOES EM INFRAESTRUTURA LTDA (Filial SP)","07.525.262/0004-61","4-IMPLANTAÇÃO_DE_REDE_INTERNA","","Nobreak - Equip - MEGA - NO","1","1.491,72","1.491,72","Material","31/08/2026","4751","4345","Aprovado","","914","Não","5","Conectada","1785780506768x283656060814048160"
"35099478","19001","MEGA INFRA SOLUCOES EM INFRAESTRUTURA LTDA (Filial SP)","07.525.262/0004-61","4-IMPLANTAÇÃO_DE_REDE_INTERNA","","Kit Cobertura Wi-Fi - 10 Access Points - Equip - MEGA - SE","1","20.171,96","20.171,96","Material","31/08/2026","4752","4437","Aprovado","","977","Não","5","Conectada","1785780591235x910122628562850300"
"52045595","19001","MEGA INFRA SOLUCOES EM INFRAESTRUTURA LTDA (Filial SP)","07.525.262/0004-61","4-IMPLANTAÇÃO_DE_REDE_INTERNA","","Nobreak - Equip - MEGA - CO","1","1.491,72","1.491,72","Material","31/08/2026","4753","4343","Aprovado","","995","Não","5","Conectada","1785780653393x720073667734220100"
"53068050","19001","MEGA INFRA SOLUCOES EM INFRAESTRUTURA LTDA (Filial SP)","07.525.262/0004-61","4-IMPLANTAÇÃO_DE_REDE_INTERNA","","Kit Cobertura Wi-Fi - 14 Access Points - Equip - MEGA - CO","1","24.142,36","24.142,36","Material","31/08/2026","4756","4363","Aprovado","","920","Não","5","Conectada","1785785545719x312618339717430300"
"35244752","19001","MEGA INFRA SOLUCOES EM INFRAESTRUTURA LTDA (Filial SP)","07.525.262/0004-61","4-IMPLANTAÇÃO_DE_REDE_INTERNA","","Nobreak - Equip - MEGA - SE","1","1.551,93","1.551,93","Material","31/08/2026","4783","4430","Aprovado","","1223","Não","5","Conectada","1785844867356x510203264950531700"
"52108732","19001","MEGA INFRA SOLUCOES EM INFRAESTRUTURA LTDA (Filial SP)","07.525.262/0004-61","4-IMPLANTAÇÃO_DE_REDE_INTERNA","","Kit Cobertura Wi-Fi - 14 Access Points - Equip - MEGA - CO","1","24.142,36","24.142,36","Material","31/08/2026","4809","4365","Aprovado","Notas pendentes","","Não","5","Conectada","1785852609475x879195186206214700"
"52108732","19001","MEGA INFRA SOLUCOES EM INFRAESTRUTURA LTDA (Filial SP)","07.525.262/0004-61","4-IMPLANTAÇÃO_DE_REDE_INTERNA","","Nobreak - Equip - MEGA - CO","1","1.491,72","1.491,72","Material","31/08/2026","4809","4365","Aprovado","Notas pendentes","923","Não","5","Conectada","1785852612263x493172752752350400"
"35270295","19001","MEGA INFRA SOLUCOES EM INFRAESTRUTURA LTDA (Filial SP)","07.525.262/0004-61","4-IMPLANTAÇÃO_DE_REDE_INTERNA","","Kit Cobertura Wi-Fi - 6 Access Points - Equip - MEGA - SE","1","14.457,89","14.457,89","Material","31/08/2026","4812","4431","Aprovado","","971","Não","5","Conectada","1785853413563x613810237046460200"
"17048125","19001","MEGA INFRA SOLUCOES EM INFRAESTRUTURA LTDA (Filial SP)","07.525.262/0004-61","4-IMPLANTAÇÃO_DE_REDE_INTERNA","","Kit Cobertura Wi-Fi - 1 Access Point - Equip - MEGA - NO","1","7.955,58","7.955,58","Material","31/08/2026","4813","4354","Aprovado","","906","Não","5","Conectada","1785853416491x918736986034508500"
"53014235","19001","MEGA INFRA SOLUCOES EM INFRAESTRUTURA LTDA (Filial SP)","07.525.262/0004-61","4-IMPLANTAÇÃO_DE_REDE_INTERNA","","Kit Cobertura Wi-Fi - 13 Access Points - Equip - MEGA - CO","1","20.577,55","20.577,55","Material","31/08/2026","4811","4366","Aprovado","","925","Não","5","Conectada","1785854762127x528292800274955200"
"53014235","19001","MEGA INFRA SOLUCOES EM INFRAESTRUTURA LTDA (Filial SP)","07.525.262/0004-61","4-IMPLANTAÇÃO_DE_REDE_INTERNA","","Nobreak - Equip - MEGA - CO","1","1.491,72","1.491,72","Material","31/08/2026","4811","4366","Aprovado","","927","Não","5","Conectada","1785854762687x381466759328864800"
"53018605","19001","MEGA INFRA SOLUCOES EM INFRAESTRUTURA LTDA (Filial SP)","07.525.262/0004-61","4-IMPLANTAÇÃO_DE_REDE_INTERNA","","Access Point adicional Indoor - Equip - MEGA - CO","3","699,09","2.097,27","Material","31/08/2026","4825","4496","Aprovado","","1018","Não","5","Conectada","1785862245074x446419898311683840"
"35191280","19001","MEGA INFRA SOLUCOES EM INFRAESTRUTURA LTDA (Filial SP)","07.525.262/0004-61","4-IMPLANTAÇÃO_DE_REDE_INTERNA","","Kit Cobertura Wi-Fi - 11 Access Points - Equip - MEGA - SE","1","21.408,19","21.408,19","Material","31/08/2026","4826","4434","Aprovado","","1296","Não","5","Conectada","1785862394863x337149372724700800"
"35056789","19001","MEGA INFRA SOLUCOES EM INFRAESTRUTURA LTDA (Filial SP)","07.525.262/0004-61","4-IMPLANTAÇÃO_DE_REDE_INTERNA","","Kit Cobertura Wi-Fi - 15 Access Points - Equip - MEGA - SE","1","26.353,13","26.353,13","Material","31/08/2026","4827","4438","Aprovado","","951","Não","5","Conectada","1785864808886x865870920887291400"
"35224431","19001","MEGA INFRA SOLUCOES EM INFRAESTRUTURA LTDA (Filial SP)","07.525.262/0004-61","4-IMPLANTAÇÃO_DE_REDE_INTERNA","","Kit Cobertura Wi-Fi - 13 Access Points - Equip - MEGA - SE","1","23.880,66","23.880,66","Material","31/08/2026","4827","4438","Aprovado","","973","Não","5","Conectada","1785864809468x701042823809830500"
"35224431","19001","MEGA INFRA SOLUCOES EM INFRAESTRUTURA LTDA (Filial SP)","07.525.262/0004-61","4-IMPLANTAÇÃO_DE_REDE_INTERNA","","Nobreak - Equip - MEGA - SE","1","1.551,93","1.551,93","Material","31/08/2026","4827","4438","Aprovado","","974","Não","5","Conectada","1785864809554x698838411530799900"
"35010300","19001","MEGA INFRA SOLUCOES EM INFRAESTRUTURA LTDA (Filial SP)","07.525.262/0004-61","4-IMPLANTAÇÃO_DE_REDE_INTERNA","","Nobreak - Equip - MEGA - SE","1","1.551,93","1.551,93","Material","31/08/2026","4842","4439","Aprovado","","1097","Não","5","Conectada","1785941869966x606032643376906400"
"35010300","19001","MEGA INFRA SOLUCOES EM INFRAESTRUTURA LTDA (Filial SP)","07.525.262/0004-61","4-IMPLANTAÇÃO_DE_REDE_INTERNA","","Kit Cobertura Wi-Fi - 15 Access Points - Equip - MEGA - SE","1","26.353,13","26.353,13","Material","31/08/2026","4842","4439","Aprovado","","1210","Não","5","Conectada","1785941870050x217660738674645630"
"52035395","19001","MEGA INFRA SOLUCOES EM INFRAESTRUTURA LTDA (Filial SP)","07.525.262/0004-61","4-IMPLANTAÇÃO_DE_REDE_INTERNA","","Access Point adicional Indoor - Equip - MEGA - CO","4","699,09","2.796,36","Material","31/08/2026","4844","4494","Aprovado","","1040","Não","5","Conectada","1785946697257x628774070536337800"
"52035395","19001","MEGA INFRA SOLUCOES EM INFRAESTRUTURA LTDA (Filial SP)","07.525.262/0004-61","4-IMPLANTAÇÃO_DE_REDE_INTERNA","","Kit Cobertura Wi-Fi - 15 Access Points - Equip - MEGA - CO","1","25.330,63","25.330,63","Material","31/08/2026","4844","4494","Aprovado","","1038","Não","5","Conectada","1785946697271x353149262061209800"
"53014600","19001","MEGA INFRA SOLUCOES EM INFRAESTRUTURA LTDA (Filial SP)","07.525.262/0004-61","4-IMPLANTAÇÃO_DE_REDE_INTERNA","","Kit Cobertura Wi-Fi - 15 Access Points - Equip - MEGA - CO","1","25.330,63","25.330,63","Material","31/08/2026","4845","4495","Aprovado","","1023","Não","5","Conectada","1785947076222x547075788556832240"
"17038804","19001","MEGA INFRA SOLUCOES EM INFRAESTRUTURA LTDA (Filial SP)","07.525.262/0004-61","4-IMPLANTAÇÃO_DE_REDE_INTERNA","","Kit Cobertura Wi-Fi - 12 Access Points - Equip - MEGA - NO","1","21.765,83","21.765,83","Material","31/08/2026","4846","4368","Aprovado","","924","Não","5","Conectada","1785951560629x276522314778967040"
"17038804","19001","MEGA INFRA SOLUCOES EM INFRAESTRUTURA LTDA (Filial SP)","07.525.262/0004-61","4-IMPLANTAÇÃO_DE_REDE_INTERNA","","Nobreak - Equip - MEGA - NO","1","1.491,72","1.491,72","Material","31/08/2026","4846","4368","Aprovado","","926","Não","5","Conectada","1785951560857x513040893556956600"
"35094785","19001","MEGA INFRA SOLUCOES EM INFRAESTRUTURA LTDA (Filial SP)","07.525.262/0004-61","4-IMPLANTAÇÃO_DE_REDE_INTERNA","","Access Point adicional Indoor - Equip - MEGA - SE","1","727,31","727,31","Material","31/08/2026","4849","4435","Aprovado","","935","Não","5","Conectada","1785959695408x558083329031412700"
"35094785","19001","MEGA INFRA SOLUCOES EM INFRAESTRUTURA LTDA (Filial SP)","07.525.262/0004-61","4-IMPLANTAÇÃO_DE_REDE_INTERNA","","Kit Cobertura Wi-Fi - 15 Access Points - Equip - MEGA - SE","1","26.353,13","26.353,13","Material","31/08/2026","4849","4435","Aprovado","","933","Não","5","Conectada","1785959695396x369138673101593340"
"35220085","19001","MEGA INFRA SOLUCOES EM INFRAESTRUTURA LTDA (Filial SP)","07.525.262/0004-61","4-IMPLANTAÇÃO_DE_REDE_INTERNA","","Kit Cobertura Wi-Fi - 12 Access Points - Equip - MEGA - SE","1","22.644,43","22.644,43","Material","31/08/2026","4852","4436","Aprovado","","984","Não","5","Conectada","1786018195708x998890701472154900"
"35442513","19001","MEGA INFRA SOLUCOES EM INFRAESTRUTURA LTDA (Filial SP)","07.525.262/0004-61","4-IMPLANTAÇÃO_DE_REDE_INTERNA","","Access Point adicional Indoor - Equip - MEGA - SE","6","727,31","4.363,86","Material","31/08/2026","4852","4436","Aprovado","","1014","Não","5","Conectada","1786018195726x552082465761572600"
"35442513","19001","MEGA INFRA SOLUCOES EM INFRAESTRUTURA LTDA (Filial SP)","07.525.262/0004-61","4-IMPLANTAÇÃO_DE_REDE_INTERNA","","Kit Cobertura Wi-Fi - 15 Access Points - Equip - MEGA - SE","1","26.353,13","26.353,13","Material","31/08/2026","4852","4436","Aprovado","","1012","Não","5","Conectada","1786018195739x708982873704410600"
"35220085","19001","MEGA INFRA SOLUCOES EM INFRAESTRUTURA LTDA (Filial SP)","07.525.262/0004-61","4-IMPLANTAÇÃO_DE_REDE_INTERNA","","Nobreak - Equip - MEGA - SE","2","1.551,93","3.103,86","Material","31/08/2026","4852","4436","Aprovado","","987","Não","5","Conectada","1786018195836x709900963826322100"
"35442513","19001","MEGA INFRA SOLUCOES EM INFRAESTRUTURA LTDA (Filial SP)","07.525.262/0004-61","4-IMPLANTAÇÃO_DE_REDE_INTERNA","","Nobreak - Equip - MEGA - SE","2","1.551,93","3.103,86","Material","31/08/2026","4852","4436","Aprovado","","1013","Não","5","Conectada","1786018195914x400811958138537860"
"35220085","19001","MEGA INFRA SOLUCOES EM INFRAESTRUTURA LTDA (Filial SP)","07.525.262/0004-61","4-IMPLANTAÇÃO_DE_REDE_INTERNA","","Rack 7U - Equip - MEGA - SE","1","1.197,39","1.197,39","Material","31/08/2026","4852","4436","Aprovado","","989","Não","5","Conectada","1786018195965x827902174252334700"
"35442513","19001","MEGA INFRA SOLUCOES EM INFRAESTRUTURA LTDA (Filial SP)","07.525.262/0004-61","4-IMPLANTAÇÃO_DE_REDE_INTERNA","","Rack 5U - Equip - MEGA - SE","1","1.023,73","1.023,73","Material","31/08/2026","4852","4436","Aprovado","","1015","Não","5","Conectada","1786018196011x996702813394193000"
"53068211","19001","MEGA INFRA SOLUCOES EM INFRAESTRUTURA LTDA (Filial SP)","07.525.262/0004-61","4-IMPLANTAÇÃO_DE_REDE_INTERNA","","Kit Cobertura Wi-Fi - 14 Access Points - Equip - MEGA - CO","1","24.142,36","24.142,36","Material","31/08/2026","4853","4493","Aprovado","","999","Não","5","Conectada","1786018340560x843754792431441400"
"53068211","19001","MEGA INFRA SOLUCOES EM INFRAESTRUTURA LTDA (Filial SP)","07.525.262/0004-61","4-IMPLANTAÇÃO_DE_REDE_INTERNA","","Nobreak - Equip - MEGA - CO","1","1.491,72","1.491,72","Material","31/08/2026","4853","4493","Aprovado","","1000","Não","5","Conectada","1786018340662x928579142327248900"
"35207056","19001","MEGA INFRA SOLUCOES EM INFRAESTRUTURA LTDA (Filial SP)","07.525.262/0004-61","4-IMPLANTAÇÃO_DE_REDE_INTERNA","","Kit Cobertura Wi-Fi - 9 Access Points - Equip - MEGA - SE","1","18.935,73","18.935,73","Material","31/08/2026","4859","4440","Aprovado","","963","Não","5","Conectada","1786044021775x339835409501721540"
"51037327","19001","MEGA INFRA SOLUCOES EM INFRAESTRUTURA LTDA (Filial SP)","07.525.262/0004-61","4-IMPLANTAÇÃO_DE_REDE_INTERNA","","Nobreak - Equip - MEGA - CO","1","1.491,72","1.491,72","Material","31/08/2026","4879","4491","Aprovado","","990","Não","5","Conectada","1786102489659x595656218556040600"
"51037327","19001","MEGA INFRA SOLUCOES EM INFRAESTRUTURA LTDA (Filial SP)","07.525.262/0004-61","4-IMPLANTAÇÃO_DE_REDE_INTERNA","","Kit Cobertura Wi-Fi - 14 Access Points - Equip - MEGA - CO","1","24.142,36","24.142,36","Material","31/08/2026","4879","4491","Aprovado","","988","Não","5","Conectada","1786102489654x266248431275590620"
"52031349","19001","MEGA INFRA SOLUCOES EM INFRAESTRUTURA LTDA (Filial SP)","07.525.262/0004-61","4-IMPLANTAÇÃO_DE_REDE_INTERNA","","Kit Cobertura Wi-Fi - 9 Access Points - Equip - MEGA - CO","1","18.201,02","18.201,02","Material","31/08/2026","4880","4492","Aprovado","","992","Não","5","Conectada","1786102555916x718430047972945300"
"52045595","19001","MEGA INFRA SOLUCOES EM INFRAESTRUTURA LTDA (Filial SP)","07.525.262/0004-61","4-IMPLANTAÇÃO_DE_REDE_INTERNA","","Kit Cobertura Wi-Fi - 11 Access Points - Equip - MEGA - CO","1","20.577,55","20.577,55","Material","31/08/2026","4881","4489","Aprovado","","993","Não","5","Conectada","1786103818044x910707264458238600"
"52035280","19001","MEGA INFRA SOLUCOES EM INFRAESTRUTURA LTDA (Filial SP)","07.525.262/0004-61","4-IMPLANTAÇÃO_DE_REDE_INTERNA","","Kit Cobertura Wi-Fi - 10 Access Points - Equip - MEGA - CO","1","19.389,29","19.389,29","Material","31/08/2026","4881","4489","Aprovado","","996","Não","5","Conectada","1786103818396x304531119366040260"
"53007077","19001","MEGA INFRA SOLUCOES EM INFRAESTRUTURA LTDA (Filial SP)","07.525.262/0004-61","4-IMPLANTAÇÃO_DE_REDE_INTERNA","","Access Point adicional Indoor - Equip - MEGA - CO","8","699,09","5.592,72","Material","31/08/2026","4882","4490","Aprovado","","1004","Não","5","Conectada","1786104295971x760272907897775700"
"53007077","19001","MEGA INFRA SOLUCOES EM INFRAESTRUTURA LTDA (Filial SP)","07.525.262/0004-61","4-IMPLANTAÇÃO_DE_REDE_INTERNA","","Nobreak - Equip - MEGA - CO","2","1.491,72","2.983,44","Material","31/08/2026","4882","4490","Aprovado","","1005","Não","5","Conectada","1786104296255x514229256983701250"
"50031287","19001","MEGA INFRA SOLUCOES EM INFRAESTRUTURA LTDA (Filial SP)","07.525.262/0004-61","4-IMPLANTAÇÃO_DE_REDE_INTERNA","","Kit Cobertura Wi-Fi - 6 Access Points - Equip - MEGA - CO","1","13.896,92","13.896,92","Material","31/08/2026","4883","4488","Aprovado","","998","Não","5","Conectada","1786104853610x391396813345088450"
"35005122","19001","MEGA INFRA SOLUCOES EM INFRAESTRUTURA LTDA (Filial SP)","07.525.262/0004-61","4-IMPLANTAÇÃO_DE_REDE_INTERNA","","Kit Cobertura Wi-Fi - 11 Access Points - Equip - MEGA - SE","1","21.408,19","21.408,19","Material","31/08/2026","4894","4548","Aprovado","","1052","Não","5","Conectada","1786365444763x913807853302229800"
"35096672","19001","MEGA INFRA SOLUCOES EM INFRAESTRUTURA LTDA (Filial SP)","07.525.262/0004-61","4-IMPLANTAÇÃO_DE_REDE_INTERNA","","Kit Cobertura Wi-Fi - 11 Access Points - Equip - MEGA - SE","1","21.408,19","21.408,19","Material","31/08/2026","4894","4548","Aprovado","","1063","Não","5","Conectada","1786365444942x876731092602901800"
"52079562","19001","MEGA INFRA SOLUCOES EM INFRAESTRUTURA LTDA (Filial SP)","07.525.262/0004-61","4-IMPLANTAÇÃO_DE_REDE_INTERNA","","Kit Cobertura Wi-Fi - 13 Access Points - Equip - MEGA - CO","1","22.954,09","22.954,09","Material","31/08/2026","4895","4499","Aprovado","","981","Não","5","Conectada","1786365482322x267735233011376260"
"53007492","19001","MEGA INFRA SOLUCOES EM INFRAESTRUTURA LTDA (Filial SP)","07.525.262/0004-61","4-IMPLANTAÇÃO_DE_REDE_INTERNA","","Nobreak - Equip - MEGA - CO","2","1.491,72","2.983,44","Material","31/08/2026","4896","4500","Aprovado","","1026","Não","5","Conectada","1786365722157x391102625001798400"
"17055997","19001","MEGA INFRA SOLUCOES EM INFRAESTRUTURA LTDA (Filial SP)","07.525.262/0004-61","4-IMPLANTAÇÃO_DE_REDE_INTERNA","","Kit Cobertura Wi-Fi - 8 Access Points - Equip - MEGA - NO","1","17.012,75","17.012,75","Material","31/08/2026","4897","4540","Aprovado","","1033","Não","5","Conectada","1786366968951x667553123543709360"
"35583972","19001","MEGA INFRA SOLUCOES EM INFRAESTRUTURA LTDA (Filial SP)","07.525.262/0004-61","4-IMPLANTAÇÃO_DE_REDE_INTERNA","","Nobreak - Equip - MEGA - SE","1","1.551,93","1.551,93","Material","31/08/2026","4900","4546","Aprovado","","1055","Não","5","Conectada","1786392254501x470993018100841300"
"35209582","19001","MEGA INFRA SOLUCOES EM INFRAESTRUTURA LTDA (Filial SP)","07.525.262/0004-61","4-IMPLANTAÇÃO_DE_REDE_INTERNA","","Nobreak - Equip - MEGA - SE","1","1.551,93","1.551,93","Material","31/08/2026","4900","4546","Aprovado","","1219","Não","5","Conectada","1786392254970x573695758081108000"
"35583972","19001","MEGA INFRA SOLUCOES EM INFRAESTRUTURA LTDA (Filial SP)","07.525.262/0004-61","4-IMPLANTAÇÃO_DE_REDE_INTERNA","","Kit Cobertura Wi-Fi - 6 Access Points - Equip - MEGA - SE","1","14.457,89","14.457,89","Material","31/08/2026","4900","4546","Aprovado","","1053","Não","5","Conectada","1786392255042x278427625475161200"
"35004809","19001","MEGA INFRA SOLUCOES EM INFRAESTRUTURA LTDA (Filial SP)","07.525.262/0004-61","4-IMPLANTAÇÃO_DE_REDE_INTERNA","","Nobreak - Equip - MEGA - SE","1","1.551,93","1.551,93","Material","31/08/2026","4900","4546","Aprovado","","1068","Não","5","Conectada","1786392255553x436896218536471740"
"35004809","19001","MEGA INFRA SOLUCOES EM INFRAESTRUTURA LTDA (Filial SP)","07.525.262/0004-61","4-IMPLANTAÇÃO_DE_REDE_INTERNA","","Kit Cobertura Wi-Fi - 2 Access Points - Equip - MEGA - SE","1","9.512,95","9.512,95","Material","31/08/2026","4900","4546","Aprovado","","1066","Não","5","Conectada","1786392256347x373075022442941600"
"53018605","19001","MEGA INFRA SOLUCOES EM INFRAESTRUTURA LTDA (Filial SP)","07.525.262/0004-61","4-IMPLANTAÇÃO_DE_REDE_INTERNA","","Nobreak - Equip - MEGA - CO","2","1.491,72","2.983,44","Material","31/08/2026","4902","4519","Aprovado","","1017","Não","5","Conectada","1786394859102x849861889164137300"
"53018605","19001","MEGA INFRA SOLUCOES EM INFRAESTRUTURA LTDA (Filial SP)","07.525.262/0004-61","4-IMPLANTAÇÃO_DE_REDE_INTERNA","","Rack 7U - Equip - MEGA - CO","1","1.150,93","1.150,93","Material","31/08/2026","4902","4519","Aprovado","","1019","Não","5","Conectada","1786394859143x902951223004570200"
"53018605","19001","MEGA INFRA SOLUCOES EM INFRAESTRUTURA LTDA (Filial SP)","07.525.262/0004-61","4-IMPLANTAÇÃO_DE_REDE_INTERNA","","Switch Gigabit 8 portas PoE+ - Equip - MEGA - CO","1","994,18","994,18","Material","31/08/2026","4902","4519","Aprovado","","1020","Não","5","Conectada","1786394859207x493598803271258400"
"52035395","19001","MEGA INFRA SOLUCOES EM INFRAESTRUTURA LTDA (Filial SP)","07.525.262/0004-61","4-IMPLANTAÇÃO_DE_REDE_INTERNA","","Rack 7U - Equip - MEGA - CO","1","1.150,93","1.150,93","Material","31/08/2026","4903","4541","Aprovado","Notas pendentes","1043","Não","5","Conectada","1786447949311x950923198899709000"
"52035395","19001","MEGA INFRA SOLUCOES EM INFRAESTRUTURA LTDA (Filial SP)","07.525.262/0004-61","4-IMPLANTAÇÃO_DE_REDE_INTERNA","","Nobreak - Equip - MEGA - CO","2","745,86","1.491,72","Material","31/08/2026","4903","4541","Aprovado","Notas pendentes","","Não","5","Conectada","1786447949518x139156087266819380"
"52035395","19001","MEGA INFRA SOLUCOES EM INFRAESTRUTURA LTDA (Filial SP)","07.525.262/0004-61","4-IMPLANTAÇÃO_DE_REDE_INTERNA","","Switch Gigabit 8 portas PoE+ - Equip - MEGA - CO","1","994,18","994,18","Material","31/08/2026","4903","4541","Aprovado","Notas pendentes","1042","Não","5","Conectada","1786447949526x396636963917524500"
"35408384","19001","MEGA INFRA SOLUCOES EM INFRAESTRUTURA LTDA (Filial SP)","07.525.262/0004-61","4-IMPLANTAÇÃO_DE_REDE_INTERNA","","Kit Cobertura Wi-Fi - 15 Access Points - Equip - MEGA - SE","1","26.353,13","26.353,13","Material","31/08/2026","4921","4549","Aprovado","","1077","Não","5","Conectada","1786465594493x740126911809199500"
"35419436","19001","MEGA INFRA SOLUCOES EM INFRAESTRUTURA LTDA (Filial SP)","07.525.262/0004-61","4-IMPLANTAÇÃO_DE_REDE_INTERNA","","Kit Cobertura Wi-Fi - 14 Access Points - Equip - MEGA - SE","1","25.116,90","25.116,90","Material","31/08/2026","4921","4549","Aprovado","","1070","Não","5","Conectada","1786465594496x893444674576577700"
"52069192","19001","MEGA INFRA SOLUCOES EM INFRAESTRUTURA LTDA (Filial SP)","07.525.262/0004-61","4-IMPLANTAÇÃO_DE_REDE_INTERNA","","Kit Cobertura Wi-Fi - 7 Access Points - Equip - MEGA - CO","1","15.085,20","15.085,20","Material","31/08/2026","4922","4542","Aprovado","","1044","Não","5","Conectada","1786465823064x866447586194900600"
"35228448","19001","MEGA INFRA SOLUCOES EM INFRAESTRUTURA LTDA (Filial SP)","07.525.262/0004-61","4-IMPLANTAÇÃO_DE_REDE_INTERNA","","Kit Cobertura Wi-Fi - 11 Access Points - Equip - MEGA - SE","1","21.408,19","21.408,19","Material","31/08/2026","4928","4550","Aprovado","","1062","Não","5","Conectada","1786474507098x949891493159471500"
"52033511","19001","MEGA INFRA SOLUCOES EM INFRAESTRUTURA LTDA (Filial SP)","07.525.262/0004-61","4-IMPLANTAÇÃO_DE_REDE_INTERNA","","Kit Cobertura Wi-Fi - 14 Access Points - Equip - MEGA - CO","1","24.142,36","24.142,36","Material","31/08/2026","4929","4545","Aprovado","","1046","Não","5","Conectada","1786474632636x421226749290314100"
"35241611","19001","MEGA INFRA SOLUCOES EM INFRAESTRUTURA LTDA (Filial SP)","07.525.262/0004-61","4-IMPLANTAÇÃO_DE_REDE_INTERNA","","Kit Cobertura Wi-Fi - 13 Access Points - Equip - MEGA - SE","1","23.880,66","23.880,66","Material","31/08/2026","4933","4551","Aprovado","","1059","Não","5","Conectada","1786534227897x576559287505644600"
"17056047","19001","MEGA INFRA SOLUCOES EM INFRAESTRUTURA LTDA (Filial SP)","07.525.262/0004-61","4-IMPLANTAÇÃO_DE_REDE_INTERNA","","Kit Cobertura Wi-Fi - 15 Access Points - Equip - MEGA - NO","1","25.330,63","25.330,63","Material","31/08/2026","4934","4539","Aprovado","","1030","Não","5","Conectada","1786535569171x220574695360201020"
"17056047","19001","MEGA INFRA SOLUCOES EM INFRAESTRUTURA LTDA (Filial SP)","07.525.262/0004-61","4-IMPLANTAÇÃO_DE_REDE_INTERNA","","Access Point adicional Indoor - Equip - MEGA - NO","1","699,09","699,09","Material","31/08/2026","4934","4539","Aprovado","","1032","Não","5","Conectada","1786535569721x885950480106031400"
"17056047","19001","MEGA INFRA SOLUCOES EM INFRAESTRUTURA LTDA (Filial SP)","07.525.262/0004-61","4-IMPLANTAÇÃO_DE_REDE_INTERNA","","Nobreak - Equip - MEGA - NO","1","1.491,72","1.491,72","Material","31/08/2026","4934","4539","Aprovado","","1031","Não","5","Conectada","1786535570114x725443512393359600"
"53009851","19001","MEGA INFRA SOLUCOES EM INFRAESTRUTURA LTDA (Filial SP)","07.525.262/0004-61","4-IMPLANTAÇÃO_DE_REDE_INTERNA","","Kit Cobertura Wi-Fi - 15 Access Points - Equip - MEGA - CO","1","25.330,63","25.330,63","Material","31/08/2026","4935","4544","Aprovado","","1071","Não","5","Conectada","1786535706988x859451314677923100"
"53009851","19001","MEGA INFRA SOLUCOES EM INFRAESTRUTURA LTDA (Filial SP)","07.525.262/0004-61","4-IMPLANTAÇÃO_DE_REDE_INTERNA","","Nobreak - Equip - MEGA - CO","1","1.491,72","1.491,72","Material","31/08/2026","4935","4544","Aprovado","","1073","Não","5","Conectada","1786535706965x379911510143828400"
"53009851","19001","MEGA INFRA SOLUCOES EM INFRAESTRUTURA LTDA (Filial SP)","07.525.262/0004-61","4-IMPLANTAÇÃO_DE_REDE_INTERNA","","Access Point adicional Indoor - Equip - MEGA - CO","2","699,09","1.398,18","Material","31/08/2026","4935","4544","Aprovado","","1075","Não","5","Conectada","1786535707318x414029153174247040"
"35471276","19001","MEGA INFRA SOLUCOES EM INFRAESTRUTURA LTDA (Filial SP)","07.525.262/0004-61","4-IMPLANTAÇÃO_DE_REDE_INTERNA","","Nobreak - Equip - MEGA - SE","1","1.551,93","1.551,93","Material","31/08/2026","4945","4552","Aprovado","","1057","Não","5","Conectada","1786544263855x178778743685364740"
"35471276","19001","MEGA INFRA SOLUCOES EM INFRAESTRUTURA LTDA (Filial SP)","07.525.262/0004-61","4-IMPLANTAÇÃO_DE_REDE_INTERNA","","Kit Cobertura Wi-Fi - 2 Access Points - Equip - MEGA - SE","1","9.512,95","9.512,95","Material","31/08/2026","4945","4552","Aprovado","","1056","Não","5","Conectada","1786544263921x336502372284597240"
"35195832","19001","MEGA INFRA SOLUCOES EM INFRAESTRUTURA LTDA (Filial SP)","07.525.262/0004-61","4-IMPLANTAÇÃO_DE_REDE_INTERNA","","Kit Cobertura Wi-Fi - 14 Access Points - Equip - MEGA - SE","1","25.116,90","25.116,90","Material","31/08/2026","4945","4552","Aprovado","","1050","Não","5","Conectada","1786544263927x166157378707248350"
"52086100","19001","MEGA INFRA SOLUCOES EM INFRAESTRUTURA LTDA (Filial SP)","07.525.262/0004-61","4-IMPLANTAÇÃO_DE_REDE_INTERNA","","Kit Cobertura Wi-Fi - 11 Access Points - Equip - MEGA - CO","1","20.577,55","20.577,55","Material","31/08/2026","4946","4543","Aprovado","","1058","Não","5","Conectada","1786544331638x482733945818620400"
"52108562","19001","MEGA INFRA SOLUCOES EM INFRAESTRUTURA LTDA (Filial SP)","07.525.262/0004-61","4-IMPLANTAÇÃO_DE_REDE_INTERNA","","Kit Cobertura Wi-Fi - 1 Access Point - Equip - MEGA - CO","1","7.955,58","7.955,58","Material","31/08/2026","4946","4543","Aprovado","","1048","Não","5","Conectada","1786544331771x524438919750797700"
"52108562","19001","MEGA INFRA SOLUCOES EM INFRAESTRUTURA LTDA (Filial SP)","07.525.262/0004-61","4-IMPLANTAÇÃO_DE_REDE_INTERNA","","Nobreak - Equip - MEGA - CO","1","1.491,72","1.491,72","Material","31/08/2026","4946","4543","Aprovado","","1049","Não","5","Conectada","1786544332060x271616275627405630"
"35006380","19001","MEGA INFRA SOLUCOES EM INFRAESTRUTURA LTDA (Filial SP)","07.525.262/0004-61","4-IMPLANTAÇÃO_DE_REDE_INTERNA","","Kit Cobertura Wi-Fi - 3 Access Points - Equip - MEGA - SE","1","10.749,19","10.749,19","Material","31/08/2026","4950","4547","Aprovado","","1067","Não","5","Conectada","1786562591423x531981407868637400"
"35006380","19001","MEGA INFRA SOLUCOES EM INFRAESTRUTURA LTDA (Filial SP)","07.525.262/0004-61","4-IMPLANTAÇÃO_DE_REDE_INTERNA","","Nobreak - Equip - MEGA - SE","1","1.551,93","1.551,93","Material","31/08/2026","4950","4547","Aprovado","","1069","Não","5","Conectada","1786562591451x169657031108441100"
"35249312","19001","MEGA INFRA SOLUCOES EM INFRAESTRUTURA LTDA (Filial SP)","07.525.262/0004-61","4-IMPLANTAÇÃO_DE_REDE_INTERNA","","Access Point adicional Indoor - Equip - MEGA - SE","1","727,31","727,31","Material","31/08/2026","4950","4547","Aprovado","","1170","Não","5","Conectada","1786562591680x946235711915928300"
"17057086","19001","MEGA INFRA SOLUCOES EM INFRAESTRUTURA LTDA (Filial SP)","07.525.262/0004-61","4-IMPLANTAÇÃO_DE_REDE_INTERNA","","Kit Cobertura Wi-Fi - 4 Access Points - Equip - MEGA - NO","1","11.520,39","11.520,39","Material","31/08/2026","4956","4589","Aprovado","","1092","Não","5","Conectada","1786622037677x963062551166884900"
"35246633","19001","MEGA INFRA SOLUCOES EM INFRAESTRUTURA LTDA (Filial SP)","07.525.262/0004-61","4-IMPLANTAÇÃO_DE_REDE_INTERNA","","Kit Cobertura Wi-Fi - 11 Access Points - Equip - MEGA - SE","1","21.408,19","21.408,19","Material","31/08/2026","4957","4590","Aprovado","","1120","Não","5","Conectada","1786630985414x827811525884785800"
"35246633","19001","MEGA INFRA SOLUCOES EM INFRAESTRUTURA LTDA (Filial SP)","07.525.262/0004-61","4-IMPLANTAÇÃO_DE_REDE_INTERNA","","Nobreak - Equip - MEGA - SE","1","1.551,93","1.551,93","Material","31/08/2026","4957","4590","Aprovado","","1122","Não","5","Conectada","1786630985417x222845934927732740"
"35276704","19001","MEGA INFRA SOLUCOES EM INFRAESTRUTURA LTDA (Filial SP)","07.525.262/0004-61","4-IMPLANTAÇÃO_DE_REDE_INTERNA","","Kit Cobertura Wi-Fi - 9 Access Points - Equip - MEGA - SE","1","18.935,73","18.935,73","Material","31/08/2026","4957","4590","Aprovado","","1117","Não","5","Conectada","1786630986354x428432772910424260"
"52093530","19001","MEGA INFRA SOLUCOES EM INFRAESTRUTURA LTDA (Filial SP)","07.525.262/0004-61","4-IMPLANTAÇÃO_DE_REDE_INTERNA","","Kit Cobertura Wi-Fi - 10 Access Points - Equip - MEGA - CO","1","19.389,29","19.389,29","Material","31/08/2026","4958","4594","Aprovado","","1113","Não","5","Conectada","1786639763939x511762278560438800"
"52093530","19001","MEGA INFRA SOLUCOES EM INFRAESTRUTURA LTDA (Filial SP)","07.525.262/0004-61","4-IMPLANTAÇÃO_DE_REDE_INTERNA","","Nobreak - Equip - MEGA - CO","1","1.491,72","1.491,72","Material","31/08/2026","4958","4594","Aprovado","","1114","Não","5","Conectada","1786639764062x808566316423287300"
"50005111","19001","MEGA INFRA SOLUCOES EM INFRAESTRUTURA LTDA (Filial SP)","07.525.262/0004-61","4-IMPLANTAÇÃO_DE_REDE_INTERNA","","Kit Cobertura Wi-Fi - 5 Access Points - Equip - MEGA - CO","1","12.708,66","12.708,66","Material","31/08/2026","4958","4594","Aprovado","","1137","Não","5","Conectada","1786639764075x159079031723722500"
"53014570","19001","MEGA INFRA SOLUCOES EM INFRAESTRUTURA LTDA (Filial SP)","07.525.262/0004-61","4-IMPLANTAÇÃO_DE_REDE_INTERNA","","Nobreak - Equip - MEGA - CO","1","1.491,72","1.491,72","Material","31/08/2026","4960","4595","Aprovado","","1141","Não","5","Conectada","1786643909019x887165064485422700"
"53002474","19001","MEGA INFRA SOLUCOES EM INFRAESTRUTURA LTDA (Filial SP)","07.525.262/0004-61","4-IMPLANTAÇÃO_DE_REDE_INTERNA","","Nobreak - Equip - MEGA - CO","1","1.491,72","1.491,72","Material","31/08/2026","4960","4595","Aprovado","","1152","Não","5","Conectada","1786643909146x773740640541379000"
"53014570","19001","MEGA INFRA SOLUCOES EM INFRAESTRUTURA LTDA (Filial SP)","07.525.262/0004-61","4-IMPLANTAÇÃO_DE_REDE_INTERNA","","Access Point adicional Indoor - Equip - MEGA - CO","2","699,09","1.398,18","Material","31/08/2026","4960","4595","Aprovado","","1143","Não","5","Conectada","1786643909338x577865476774391200"
"53002474","19001","MEGA INFRA SOLUCOES EM INFRAESTRUTURA LTDA (Filial SP)","07.525.262/0004-61","4-IMPLANTAÇÃO_DE_REDE_INTERNA","","Kit Cobertura Wi-Fi - 15 Access Points - Equip - MEGA - CO","1","25.330,63","25.330,63","Material","31/08/2026","4960","4595","Aprovado","","1162","Não","5","Conectada","1786643909456x798696498394382200"
"53014570","19001","MEGA INFRA SOLUCOES EM INFRAESTRUTURA LTDA (Filial SP)","07.525.262/0004-61","4-IMPLANTAÇÃO_DE_REDE_INTERNA","","Kit Cobertura Wi-Fi - 15 Access Points - Equip - MEGA - CO","1","25.330,63","25.330,63","Material","31/08/2026","4960","4595","Aprovado","","1140","Não","5","Conectada","1786643909516x603523579107419600"
"53002474","19001","MEGA INFRA SOLUCOES EM INFRAESTRUTURA LTDA (Filial SP)","07.525.262/0004-61","4-IMPLANTAÇÃO_DE_REDE_INTERNA","","Access Point adicional Indoor - Equip - MEGA - CO","5","699,09","3.495,45","Material","31/08/2026","4960","4595","Aprovado","","1153","Não","5","Conectada","1786643909785x187853067839993000"
"35448059","19001","MEGA INFRA SOLUCOES EM INFRAESTRUTURA LTDA (Filial SP)","07.525.262/0004-61","4-IMPLANTAÇÃO_DE_REDE_INTERNA","","Kit Cobertura Wi-Fi - 15 Access Points - Equip - MEGA - SE","1","26.353,13","26.353,13","Material","31/08/2026","4961","4592","Aprovado","","1151","Não","5","Conectada","1786644102343x670519180491204700"
"35213925","19001","MEGA INFRA SOLUCOES EM INFRAESTRUTURA LTDA (Filial SP)","07.525.262/0004-61","4-IMPLANTAÇÃO_DE_REDE_INTERNA","","Kit Cobertura Wi-Fi - 9 Access Points - Equip - MEGA - SE","1","18.935,73","18.935,73","Material","31/08/2026","4961","4592","Aprovado","","1098","Não","5","Conectada","1786644102435x383847131288909400"
"35448059","19001","MEGA INFRA SOLUCOES EM INFRAESTRUTURA LTDA (Filial SP)","07.525.262/0004-61","4-IMPLANTAÇÃO_DE_REDE_INTERNA","","Nobreak - Equip - MEGA - SE","1","1.551,93","1.551,93","Material","31/08/2026","4961","4592","Aprovado","","1154","Não","5","Conectada","1786644102605x210444022943272480"
"35213925","19001","MEGA INFRA SOLUCOES EM INFRAESTRUTURA LTDA (Filial SP)","07.525.262/0004-61","4-IMPLANTAÇÃO_DE_REDE_INTERNA","","Nobreak - Equip - MEGA - SE","1","1.551,93","1.551,93","Material","31/08/2026","4961","4592","Aprovado","","1101","Não","5","Conectada","1786644102712x252129813468882750"
"52030610","19001","MEGA INFRA SOLUCOES EM INFRAESTRUTURA LTDA (Filial SP)","07.525.262/0004-61","4-IMPLANTAÇÃO_DE_REDE_INTERNA","","Kit Cobertura Wi-Fi - 11 Access Points - Equip - MEGA - CO","1","20.577,55","20.577,55","Material","31/08/2026","4963","4597","Aprovado","","1136","Não","5","Conectada","1786649261640x621578587618858400"
"35087282","19001","MEGA INFRA SOLUCOES EM INFRAESTRUTURA LTDA (Filial SP)","07.525.262/0004-61","4-IMPLANTAÇÃO_DE_REDE_INTERNA","","Kit Cobertura Wi-Fi - 14 Access Points - Equip - MEGA - SE","1","25.116,90","25.116,90","Material","31/08/2026","4965","4591","Aprovado","","1147","Não","5","Conectada","1786708496548x814960951096574500"
"35231836","19001","MEGA INFRA SOLUCOES EM INFRAESTRUTURA LTDA (Filial SP)","07.525.262/0004-61","4-IMPLANTAÇÃO_DE_REDE_INTERNA","","Kit Cobertura Wi-Fi - 1 Access Point - Equip - MEGA - SE","1","8.276,72","8.276,72","Material","31/08/2026","4967","4593","Aprovado","","1116","Não","5","Conectada","1786713188505x737322283969889000"
"35005847","19001","MEGA INFRA SOLUCOES EM INFRAESTRUTURA LTDA (Filial SP)","07.525.262/0004-61","4-IMPLANTAÇÃO_DE_REDE_INTERNA","","Kit Cobertura Wi-Fi - 15 Access Points - Equip - MEGA - SE","1","26.353,13","26.353,13","Material","31/08/2026","4967","4593","Aprovado","","1155","Não","5","Conectada","1786713188591x442587343452195400"
"35276339","19001","MEGA INFRA SOLUCOES EM INFRAESTRUTURA LTDA (Filial SP)","07.525.262/0004-61","4-IMPLANTAÇÃO_DE_REDE_INTERNA","","Kit Cobertura Wi-Fi - 15 Access Points - Equip - MEGA - SE","1","26.353,13","26.353,13","Material","31/08/2026","4967","4593","Aprovado","","1110","Não","5","Conectada","1786713188658x132816016646112980"
"35231836","19001","MEGA INFRA SOLUCOES EM INFRAESTRUTURA LTDA (Filial SP)","07.525.262/0004-61","4-IMPLANTAÇÃO_DE_REDE_INTERNA","","Nobreak - Equip - MEGA - SE","1","1.551,93","1.551,93","Material","31/08/2026","4967","4593","Aprovado","","1144","Não","5","Conectada","1786713188940x104826759825030750"
"35438261","19001","MEGA INFRA SOLUCOES EM INFRAESTRUTURA LTDA (Filial SP)","07.525.262/0004-61","4-IMPLANTAÇÃO_DE_REDE_INTERNA","","Kit Cobertura Wi-Fi - 14 Access Points - Equip - MEGA - SE","1","25.116,90","25.116,90","Material","31/08/2026","4967","4593","Aprovado","","1123","Não","5","Conectada","1786713188878x855158796477693800"
"35005847","19001","MEGA INFRA SOLUCOES EM INFRAESTRUTURA LTDA (Filial SP)","07.525.262/0004-61","4-IMPLANTAÇÃO_DE_REDE_INTERNA","","Access Point adicional Indoor - Equip - MEGA - SE","8","727,31","5.818,48","Material","31/08/2026","4967","4593","Aprovado","","1157","Não","5","Conectada","1786713188952x790838538464972200"
"35276339","19001","MEGA INFRA SOLUCOES EM INFRAESTRUTURA LTDA (Filial SP)","07.525.262/0004-61","4-IMPLANTAÇÃO_DE_REDE_INTERNA","","Nobreak - Equip - MEGA - SE","1","1.551,93","1.551,93","Material","31/08/2026","4967","4593","Aprovado","","1111","Não","5","Conectada","1786713189015x936679782334585000"
"35438261","19001","MEGA INFRA SOLUCOES EM INFRAESTRUTURA LTDA (Filial SP)","07.525.262/0004-61","4-IMPLANTAÇÃO_DE_REDE_INTERNA","","Nobreak - Equip - MEGA - SE","1","1.551,93","1.551,93","Material","31/08/2026","4967","4593","Aprovado","","1124","Não","5","Conectada","1786713189326x294362608391951300"
"35276339","19001","MEGA INFRA SOLUCOES EM INFRAESTRUTURA LTDA (Filial SP)","07.525.262/0004-61","4-IMPLANTAÇÃO_DE_REDE_INTERNA","","Access Point adicional Indoor - Equip - MEGA - SE","1","727,31","727,31","Material","31/08/2026","4967","4593","Aprovado","","1112","Não","5","Conectada","1786713189477x467145646614325300"
"53005120","19001","MEGA INFRA SOLUCOES EM INFRAESTRUTURA LTDA (Filial SP)","07.525.262/0004-61","4-IMPLANTAÇÃO_DE_REDE_INTERNA","","Kit Cobertura Wi-Fi - 11 Access Points - Equip - MEGA - CO","1","20.577,55","20.577,55","Material","31/08/2026","4968","4599","Aprovado","","1132","Não","5","Conectada","1786713596863x830433600513520600"
"53012607","19001","MEGA INFRA SOLUCOES EM INFRAESTRUTURA LTDA (Filial SP)","07.525.262/0004-61","4-IMPLANTAÇÃO_DE_REDE_INTERNA","","Kit Cobertura Wi-Fi - 15 Access Points - Equip - MEGA - CO","1","25.330,63","25.330,63","Material","31/08/2026","4968","4599","Aprovado","","1131","Não","5","Conectada","1786713596919x635599979448125700"
"53068190","19001","MEGA INFRA SOLUCOES EM INFRAESTRUTURA LTDA (Filial SP)","07.525.262/0004-61","4-IMPLANTAÇÃO_DE_REDE_INTERNA","","Kit Cobertura Wi-Fi - 15 Access Points - Equip - MEGA - CO","1","25.330,63","25.330,63","Material","31/08/2026","4968","4599","Aprovado","","1191","Não","5","Conectada","1786713596982x281284122312489800"
"53012607","19001","MEGA INFRA SOLUCOES EM INFRAESTRUTURA LTDA (Filial SP)","07.525.262/0004-61","4-IMPLANTAÇÃO_DE_REDE_INTERNA","","Nobreak - Equip - MEGA - CO","1","1.491,72","1.491,72","Material","31/08/2026","4968","4599","Aprovado","","1133","Não","5","Conectada","1786713597014x526427303444167740"
"53068190","19001","MEGA INFRA SOLUCOES EM INFRAESTRUTURA LTDA (Filial SP)","07.525.262/0004-61","4-IMPLANTAÇÃO_DE_REDE_INTERNA","","Nobreak - Equip - MEGA - CO","1","1.491,72","1.491,72","Material","31/08/2026","4968","4599","Aprovado","","1192","Não","5","Conectada","1786713597207x752403694171168600"
"53012607","19001","MEGA INFRA SOLUCOES EM INFRAESTRUTURA LTDA (Filial SP)","07.525.262/0004-61","4-IMPLANTAÇÃO_DE_REDE_INTERNA","","Access Point adicional Indoor - Equip - MEGA - CO","1","699,09","699,09","Material","31/08/2026","4968","4599","Aprovado","","1135","Não","5","Conectada","1786713597339x206433045843226850"
"53068190","19001","MEGA INFRA SOLUCOES EM INFRAESTRUTURA LTDA (Filial SP)","07.525.262/0004-61","4-IMPLANTAÇÃO_DE_REDE_INTERNA","","Access Point adicional Indoor - Equip - MEGA - CO","1","699,09","699,09","Material","31/08/2026","4968","4599","Aprovado","","1193","Não","5","Conectada","1786713597406x148860001765594340"
"35055426","19001","MEGA INFRA SOLUCOES EM INFRAESTRUTURA LTDA (Filial SP)","07.525.262/0004-61","4-IMPLANTAÇÃO_DE_REDE_INTERNA","","Access Point adicional Indoor - Equip - MEGA - SE","1","727,31","727,31","Material","31/08/2026","4978","4616","Aprovado","","1185","Não","5","Conectada","1786727547397x639433157951909500"
"35055426","19001","MEGA INFRA SOLUCOES EM INFRAESTRUTURA LTDA (Filial SP)","07.525.262/0004-61","4-IMPLANTAÇÃO_DE_REDE_INTERNA","","Kit Cobertura Wi-Fi - 15 Access Points - Equip - MEGA - SE","1","26.353,13","26.353,13","Material","31/08/2026","4978","4616","Aprovado","","1183","Não","5","Conectada","1786727547388x448344844970992400"
"52040780","19001","MEGA INFRA SOLUCOES EM INFRAESTRUTURA LTDA (Filial SP)","07.525.262/0004-61","4-IMPLANTAÇÃO_DE_REDE_INTERNA","","Kit Cobertura Wi-Fi - 5 Access Points - Equip - MEGA - CO","1","12.708,66","12.708,66","Material","31/08/2026","4979","4604","Aprovado","","1106","Não","5","Conectada","1786727713303x816831531120893800"
"53007549","19001","MEGA INFRA SOLUCOES EM INFRAESTRUTURA LTDA (Filial SP)","07.525.262/0004-61","4-IMPLANTAÇÃO_DE_REDE_INTERNA","","Rack 7U - Equip - MEGA - CO","2","1.150,93","2.301,86","Material","31/08/2026","4985","4607","Aprovado","","1126","Não","5","Conectada","1786736836177x461360700776036540"
"53007549","19001","MEGA INFRA SOLUCOES EM INFRAESTRUTURA LTDA (Filial SP)","07.525.262/0004-61","4-IMPLANTAÇÃO_DE_REDE_INTERNA","","Switch Gigabit 8 portas PoE+ - Equip - MEGA - CO","1","994,18","994,18","Material","31/08/2026","4985","4607","Aprovado","","1130","Não","5","Conectada","1786736836249x108009716776997780"
"53007549","19001","MEGA INFRA SOLUCOES EM INFRAESTRUTURA LTDA (Filial SP)","07.525.262/0004-61","4-IMPLANTAÇÃO_DE_REDE_INTERNA","","Switch Gigabit 16 portas PoE+ - Equip - MEGA - CO","1","1.733,47","1.733,47","Material","31/08/2026","4985","4607","Aprovado","","1129","Não","5","Conectada","1786736836275x665561627597461400"
"53007549","19001","MEGA INFRA SOLUCOES EM INFRAESTRUTURA LTDA (Filial SP)","07.525.262/0004-61","4-IMPLANTAÇÃO_DE_REDE_INTERNA","","Nobreak - Equip - MEGA - CO","3","1.491,72","4.475,16","Material","31/08/2026","4985","4607","Aprovado","","1127","Não","5","Conectada","1786736836334x844037203034612000"
"35244752","19001","MEGA INFRA SOLUCOES EM INFRAESTRUTURA LTDA (Filial SP)","07.525.262/0004-61","4-IMPLANTAÇÃO_DE_REDE_INTERNA","","Kit Cobertura Wi-Fi - 10 Access Points - Equip - MEGA - SE","1","20.171,96","20.171,96","Material","31/08/2026","5013","4617","Aprovado","","1222","Não","5","Conectada","1786974067442x126810492920453000"
"52107914","19001","MEGA INFRA SOLUCOES EM INFRAESTRUTURA LTDA (Filial SP)","07.525.262/0004-61","4-IMPLANTAÇÃO_DE_REDE_INTERNA","","Kit Cobertura Wi-Fi - 11 Access Points - Equip - MEGA - CO","1","20.577,55","20.577,55","Material","31/08/2026","5032","4630","Aprovado","","1232","Não","5","Conectada","1786976320073x845185599071686500"
"52107914","19001","MEGA INFRA SOLUCOES EM INFRAESTRUTURA LTDA (Filial SP)","07.525.262/0004-61","4-IMPLANTAÇÃO_DE_REDE_INTERNA","","Nobreak - Equip - MEGA - CO","1","1.491,72","1.491,72","Material","31/08/2026","5032","4630","Aprovado","","1235","Não","5","Conectada","1786976320253x681219405746640800"
"35249312","19001","MEGA INFRA SOLUCOES EM INFRAESTRUTURA LTDA (Filial SP)","07.525.262/0004-61","4-IMPLANTAÇÃO_DE_REDE_INTERNA","","Kit Cobertura Wi-Fi - 15 Access Points - Equip - MEGA - SE","1","26.353,13","26.353,13","Material","31/08/2026","5039","4618","Aprovado","","1168","Não","5","Conectada","1786976920995x968379255340724500"
"35209582","19001","MEGA INFRA SOLUCOES EM INFRAESTRUTURA LTDA (Filial SP)","07.525.262/0004-61","4-IMPLANTAÇÃO_DE_REDE_INTERNA","","Kit Cobertura Wi-Fi - 11 Access Points - Equip - MEGA - SE","1","21.408,19","21.408,19","Material","31/08/2026","5039","4618","Aprovado","","1218","Não","5","Conectada","1786976921446x447490123929665150"
"35060461","19001","MEGA INFRA SOLUCOES EM INFRAESTRUTURA LTDA (Filial SP)","07.525.262/0004-61","4-IMPLANTAÇÃO_DE_REDE_INTERNA","","Kit Cobertura Wi-Fi - 5 Access Points - Equip - MEGA - SE","1","13.221,66","13.221,66","Material","31/08/2026","5039","4618","Aprovado","","1172","Não","5","Conectada","1786976921748x832100238209499100"
"35006058","19001","MEGA INFRA SOLUCOES EM INFRAESTRUTURA LTDA (Filial SP)","07.525.262/0004-61","4-IMPLANTAÇÃO_DE_REDE_INTERNA","","Kit Cobertura Wi-Fi - 2 Access Points - Equip - MEGA - SE","1","9.512,95","9.512,95","Material","31/08/2026","5049","4615","Aprovado","","1175","Não","5","Conectada","1786978491602x331100805021861400"
"35004592","19001","MEGA INFRA SOLUCOES EM INFRAESTRUTURA LTDA (Filial SP)","07.525.262/0004-61","4-IMPLANTAÇÃO_DE_REDE_INTERNA","","Nobreak - Equip - MEGA - SE","1","1.551,93","1.551,93","Material","31/08/2026","5049","4615","Aprovado","","1216","Não","5","Conectada","1786978491664x643877407655866400"
"35010384","19001","MEGA INFRA SOLUCOES EM INFRAESTRUTURA LTDA (Filial SP)","07.525.262/0004-61","4-IMPLANTAÇÃO_DE_REDE_INTERNA","","Kit Cobertura Wi-Fi - 8 Access Points - Equip - MEGA - SE","1","17.699,49","17.699,49","Material","31/08/2026","5049","4615","Aprovado","","1187","Não","5","Conectada","1786978491775x706328519374563800"
"35006058","19001","MEGA INFRA SOLUCOES EM INFRAESTRUTURA LTDA (Filial SP)","07.525.262/0004-61","4-IMPLANTAÇÃO_DE_REDE_INTERNA","","Nobreak - Equip - MEGA - SE","1","1.551,93","1.551,93","Material","31/08/2026","5049","4615","Aprovado","","1177","Não","5","Conectada","1786978492115x815762009977134600"
"35004592","19001","MEGA INFRA SOLUCOES EM INFRAESTRUTURA LTDA (Filial SP)","07.525.262/0004-61","4-IMPLANTAÇÃO_DE_REDE_INTERNA","","Kit Cobertura Wi-Fi - 5 Access Points - Equip - MEGA - SE","1","13.221,66","13.221,66","Material","31/08/2026","5049","4615","Aprovado","","1215","Não","5","Conectada","1786978492125x935641006568672400"
"53002814","19001","MEGA INFRA SOLUCOES EM INFRAESTRUTURA LTDA (Filial SP)","07.525.262/0004-61","4-IMPLANTAÇÃO_DE_REDE_INTERNA","","Kit Cobertura Wi-Fi - 15 Access Points - Equip - MEGA - CO","1","25.330,63","25.330,63","Material","31/08/2026","5050","4625","Aprovado","","1208","Não","5","Conectada","1786985374060x831141852886787600"
"35082806","19001","MEGA INFRA SOLUCOES EM INFRAESTRUTURA LTDA (Filial SP)","07.525.262/0004-61","4-IMPLANTAÇÃO_DE_REDE_INTERNA","","Nobreak - Equip - MEGA - SE","1","1.551,93","1.551,93","Material","31/08/2026","5053","4619","Aprovado","","1173","Não","5","Conectada","1786998834691x478546257859229900"
"35082806","19001","MEGA INFRA SOLUCOES EM INFRAESTRUTURA LTDA (Filial SP)","07.525.262/0004-61","4-IMPLANTAÇÃO_DE_REDE_INTERNA","","Kit Cobertura Wi-Fi - 15 Access Points - Equip - MEGA - SE","1","26.353,13","26.353,13","Material","31/08/2026","5053","4619","Aprovado","","1171","Não","5","Conectada","1786998835133x766543048534794400"
"53005384","19001","MEGA INFRA SOLUCOES EM INFRAESTRUTURA LTDA (Filial SP)","07.525.262/0004-61","4-IMPLANTAÇÃO_DE_REDE_INTERNA","","Kit Cobertura Wi-Fi - 15 Access Points - Equip - MEGA - CO","1","25.330,63","25.330,63","Material","31/08/2026","5063","4626","Aprovado","Notas pendentes","","Não","5","Conectada","1787063905618x161357590501023840"
"53001214","19001","MEGA INFRA SOLUCOES EM INFRAESTRUTURA LTDA (Filial SP)","07.525.262/0004-61","4-IMPLANTAÇÃO_DE_REDE_INTERNA","","Kit Cobertura Wi-Fi - 15 Access Points - Equip - MEGA - CO","1","25.330,63","25.330,63","Material","31/08/2026","5063","4626","Aprovado","Notas pendentes","","Não","5","Em planejamento","1787063905826x180090954105378560"
"53004973","19001","MEGA INFRA SOLUCOES EM INFRAESTRUTURA LTDA (Filial SP)","07.525.262/0004-61","4-IMPLANTAÇÃO_DE_REDE_INTERNA","","Kit Cobertura Wi-Fi - 15 Access Points - Equip - MEGA - CO","1","25.330,63","25.330,63","Material","31/08/2026","5063","4626","Aprovado","Notas pendentes","1382","Não","5","Conectada","1787063906063x945052932890091100"
"53002580","19001","MEGA INFRA SOLUCOES EM INFRAESTRUTURA LTDA (Filial SP)","07.525.262/0004-61","4-IMPLANTAÇÃO_DE_REDE_INTERNA","","Kit Cobertura Wi-Fi - 15 Access Points - Equip - MEGA - CO","1","25.330,63","25.330,63","Material","31/08/2026","5063","4626","Aprovado","Notas pendentes","","Não","5","Em planejamento","1787063906061x969233718097159000"
"53005341","19001","MEGA INFRA SOLUCOES EM INFRAESTRUTURA LTDA (Filial SP)","07.525.262/0004-61","4-IMPLANTAÇÃO_DE_REDE_INTERNA","","Kit Cobertura Wi-Fi - 15 Access Points - Equip - MEGA - CO","1","25.330,63","25.330,63","Material","31/08/2026","5063","4626","Aprovado","Notas pendentes","","Não","5","Em planejamento","1787063906173x285300355522647420"
"53001010","19001","MEGA INFRA SOLUCOES EM INFRAESTRUTURA LTDA (Filial SP)","07.525.262/0004-61","4-IMPLANTAÇÃO_DE_REDE_INTERNA","","Kit Cobertura Wi-Fi - 13 Access Points - Equip - MEGA - CO","1","22.954,09","22.954,09","Material","31/08/2026","5063","4626","Aprovado","Notas pendentes","","Não","5","Em planejamento","1787063906227x366510460603935740"
"53002598","19001","MEGA INFRA SOLUCOES EM INFRAESTRUTURA LTDA (Filial SP)","07.525.262/0004-61","4-IMPLANTAÇÃO_DE_REDE_INTERNA","","Kit Cobertura Wi-Fi - 15 Access Points - Equip - MEGA - CO","1","25.330,63","25.330,63","Material","31/08/2026","5063","4626","Aprovado","Notas pendentes","","Não","5","Em planejamento","1787063906244x826390155244554200"
"53002580","19001","MEGA INFRA SOLUCOES EM INFRAESTRUTURA LTDA (Filial SP)","07.525.262/0004-61","4-IMPLANTAÇÃO_DE_REDE_INTERNA","","Access Point adicional Indoor - Equip - MEGA - CO","10","1.258,36","12.583,62","Material","31/08/2026","5063","4626","Aprovado","Notas pendentes","","Não","5","Em planejamento","1787063906295x580376743618022300"
"53005341","19001","MEGA INFRA SOLUCOES EM INFRAESTRUTURA LTDA (Filial SP)","07.525.262/0004-61","4-IMPLANTAÇÃO_DE_REDE_INTERNA","","Access Point adicional Indoor - Equip - MEGA - CO","11","699,09","7.689,99","Material","31/08/2026","5063","4626","Aprovado","Notas pendentes","","Não","5","Em planejamento","1787063906428x719332781379350100"
"53002598","19001","MEGA INFRA SOLUCOES EM INFRAESTRUTURA LTDA (Filial SP)","07.525.262/0004-61","4-IMPLANTAÇÃO_DE_REDE_INTERNA","","Access Point adicional Indoor - Equip - MEGA - CO","16","699,09","11.185,44","Material","31/08/2026","5063","4626","Aprovado","Notas pendentes","","Não","5","Em planejamento","1787063906369x542506649448573760"
"53004973","19001","MEGA INFRA SOLUCOES EM INFRAESTRUTURA LTDA (Filial SP)","07.525.262/0004-61","4-IMPLANTAÇÃO_DE_REDE_INTERNA","","Access Point adicional Indoor - Equip - MEGA - CO","10","699,09","6.990,90","Material","31/08/2026","5063","4626","Aprovado","Notas pendentes","1381","Não","5","Conectada","1787063906500x801754264407774200"
"53002598","19001","MEGA INFRA SOLUCOES EM INFRAESTRUTURA LTDA (Filial SP)","07.525.262/0004-61","4-IMPLANTAÇÃO_DE_REDE_INTERNA","","Nobreak - Equip - MEGA - CO","1","1.491,72","1.491,72","Material","31/08/2026","5063","4626","Aprovado","Notas pendentes","","Não","5","Em planejamento","1787063906579x881486610964204500"
"53005384","19001","MEGA INFRA SOLUCOES EM INFRAESTRUTURA LTDA (Filial SP)","07.525.262/0004-61","4-IMPLANTAÇÃO_DE_REDE_INTERNA","","Access Point adicional Indoor - Equip - MEGA - CO","4","699,09","2.796,36","Material","31/08/2026","5063","4626","Aprovado","Notas pendentes","","Não","5","Conectada","1787063906639x381711216021783940"
"53005015","19001","MEGA INFRA SOLUCOES EM INFRAESTRUTURA LTDA (Filial SP)","07.525.262/0004-61","4-IMPLANTAÇÃO_DE_REDE_INTERNA","","Nobreak - Equip - MEGA - CO","1","1.491,72","1.491,72","Material","31/08/2026","5063","4626","Aprovado","Notas pendentes","","Não","5","Conectada","1787063906797x773834258751119700"
"53005341","19001","MEGA INFRA SOLUCOES EM INFRAESTRUTURA LTDA (Filial SP)","07.525.262/0004-61","4-IMPLANTAÇÃO_DE_REDE_INTERNA","","Nobreak - Equip - MEGA - CO","1","1.491,72","1.491,72","Material","31/08/2026","5063","4626","Aprovado","Notas pendentes","","Não","5","Em planejamento","1787063906876x213977390815182080"
"53005384","19001","MEGA INFRA SOLUCOES EM INFRAESTRUTURA LTDA (Filial SP)","07.525.262/0004-61","4-IMPLANTAÇÃO_DE_REDE_INTERNA","","Nobreak - Equip - MEGA - CO","1","1.491,72","1.491,72","Material","31/08/2026","5063","4626","Aprovado","Notas pendentes","","Não","5","Conectada","1787063906916x528905524291853700"
"53004973","19001","MEGA INFRA SOLUCOES EM INFRAESTRUTURA LTDA (Filial SP)","07.525.262/0004-61","4-IMPLANTAÇÃO_DE_REDE_INTERNA","","Nobreak - Equip - MEGA - CO","1","1.491,72","1.491,72","Material","31/08/2026","5063","4626","Aprovado","Notas pendentes","1383","Não","5","Conectada","1787063906945x750392934116830200"
"53002580","19001","MEGA INFRA SOLUCOES EM INFRAESTRUTURA LTDA (Filial SP)","07.525.262/0004-61","4-IMPLANTAÇÃO_DE_REDE_INTERNA","","Nobreak - Equip - MEGA - CO","1","1.491,72","1.491,72","Material","31/08/2026","5063","4626","Aprovado","Notas pendentes","","Não","5","Em planejamento","1787063907089x315430612240352300"
"53001010","19001","MEGA INFRA SOLUCOES EM INFRAESTRUTURA LTDA (Filial SP)","07.525.262/0004-61","4-IMPLANTAÇÃO_DE_REDE_INTERNA","","Nobreak - Equip - MEGA - CO","1","1.491,72","1.491,72","Material","31/08/2026","5063","4626","Aprovado","Notas pendentes","","Não","5","Em planejamento","1787063907215x736750189776734100"
"53001214","19001","MEGA INFRA SOLUCOES EM INFRAESTRUTURA LTDA (Filial SP)","07.525.262/0004-61","4-IMPLANTAÇÃO_DE_REDE_INTERNA","","Nobreak - Equip - MEGA - CO","1","1.491,72","1.491,72","Material","31/08/2026","5063","4626","Aprovado","Notas pendentes","","Não","5","Em planejamento","1787063907218x441700162319719000"
"53005015","19001","MEGA INFRA SOLUCOES EM INFRAESTRUTURA LTDA (Filial SP)","07.525.262/0004-61","4-IMPLANTAÇÃO_DE_REDE_INTERNA","","Kit Cobertura Wi-Fi - 15 Access Points - Equip - MEGA - CO","1","25.330,63","25.330,63","Material","31/08/2026","5063","4626","Aprovado","Notas pendentes","","Não","5","Conectada","1787063911872x930651811758886800"
"53006755","19001","MEGA INFRA SOLUCOES EM INFRAESTRUTURA LTDA (Filial SP)","07.525.262/0004-61","4-IMPLANTAÇÃO_DE_REDE_INTERNA","","Kit Cobertura Wi-Fi - 15 Access Points - Equip - MEGA - CO","1","25.330,63","25.330,63","Material","31/08/2026","5064","4627","Aprovado","Notas pendentes","","Não","5","Conectada","1787064666210x674961720522006000"
"53008472","19001","MEGA INFRA SOLUCOES EM INFRAESTRUTURA LTDA (Filial SP)","07.525.262/0004-61","4-IMPLANTAÇÃO_DE_REDE_INTERNA","","Kit Cobertura Wi-Fi - 15 Access Points - Equip - MEGA - CO","1","25.330,63","25.330,63","Material","31/08/2026","5064","4627","Aprovado","Notas pendentes","","Não","5","Conectada","1787064666380x266149699919689500"
"53005465","19001","MEGA INFRA SOLUCOES EM INFRAESTRUTURA LTDA (Filial SP)","07.525.262/0004-61","4-IMPLANTAÇÃO_DE_REDE_INTERNA","","Kit Cobertura Wi-Fi - 15 Access Points - Equip - MEGA - CO","1","25.330,63","25.330,63","Material","31/08/2026","5064","4627","Aprovado","Notas pendentes","","Não","5","Em planejamento","1787064666687x414747238370233100"
"53009355","19001","MEGA INFRA SOLUCOES EM INFRAESTRUTURA LTDA (Filial SP)","07.525.262/0004-61","4-IMPLANTAÇÃO_DE_REDE_INTERNA","","Kit Cobertura Wi-Fi - 15 Access Points - Equip - MEGA - CO","1","25.330,63","25.330,63","Material","31/08/2026","5064","4627","Aprovado","Notas pendentes","","Não","5","Conectada","1787064666828x251947022713998600"
"53009584","19001","MEGA INFRA SOLUCOES EM INFRAESTRUTURA LTDA (Filial SP)","07.525.262/0004-61","4-IMPLANTAÇÃO_DE_REDE_INTERNA","","Kit Cobertura Wi-Fi - 11 Access Points - Equip - MEGA - CO","1","20.577,55","20.577,55","Material","31/08/2026","5064","4627","Aprovado","Notas pendentes","","Não","5","Conectada","1787064666902x696144597411350000"
"53009410","19001","MEGA INFRA SOLUCOES EM INFRAESTRUTURA LTDA (Filial SP)","07.525.262/0004-61","4-IMPLANTAÇÃO_DE_REDE_INTERNA","","Kit Cobertura Wi-Fi - 12 Access Points - Equip - MEGA - CO","1","21.765,83","21.765,83","Material","31/08/2026","5064","4627","Aprovado","Notas pendentes","","Não","5","Em planejamento","1787064666911x941103060841622100"
"53006003","19001","MEGA INFRA SOLUCOES EM INFRAESTRUTURA LTDA (Filial SP)","07.525.262/0004-61","4-IMPLANTAÇÃO_DE_REDE_INTERNA","","Kit Cobertura Wi-Fi - 15 Access Points - Equip - MEGA - CO","1","25.330,63","25.330,63","Material","31/08/2026","5064","4627","Aprovado","Notas pendentes","1378","Não","5","Conectada","1787064666964x397095516403284540"
"53005465","19001","MEGA INFRA SOLUCOES EM INFRAESTRUTURA LTDA (Filial SP)","07.525.262/0004-61","4-IMPLANTAÇÃO_DE_REDE_INTERNA","","Access Point adicional Indoor - Equip - MEGA - CO","16","699,09","11.185,44","Material","31/08/2026","5064","4627","Aprovado","Notas pendentes","","Não","5","Em planejamento","1787064666965x219883872845041180"
"53009649","19001","MEGA INFRA SOLUCOES EM INFRAESTRUTURA LTDA (Filial SP)","07.525.262/0004-61","4-IMPLANTAÇÃO_DE_REDE_INTERNA","","Kit Cobertura Wi-Fi - 15 Access Points - Equip - MEGA - CO","1","25.330,63","25.330,63","Material","31/08/2026","5064","4627","Aprovado","Notas pendentes","1277","Não","5","Conectada","1787064666998x415301262867254100"
"53008472","19001","MEGA INFRA SOLUCOES EM INFRAESTRUTURA LTDA (Filial SP)","07.525.262/0004-61","4-IMPLANTAÇÃO_DE_REDE_INTERNA","","Access Point adicional Indoor - Equip - MEGA - CO","10","699,09","6.990,90","Material","31/08/2026","5064","4627","Aprovado","Notas pendentes","","Não","5","Conectada","1787064667385x486654781415325400"
"53009649","19001","MEGA INFRA SOLUCOES EM INFRAESTRUTURA LTDA (Filial SP)","07.525.262/0004-61","4-IMPLANTAÇÃO_DE_REDE_INTERNA","","Access Point adicional Indoor - Equip - MEGA - CO","14","699,09","9.787,26","Material","31/08/2026","5064","4627","Aprovado","Notas pendentes","1279","Não","5","Conectada","1787064667424x195961470205618720"
"53006003","19001","MEGA INFRA SOLUCOES EM INFRAESTRUTURA LTDA (Filial SP)","07.525.262/0004-61","4-IMPLANTAÇÃO_DE_REDE_INTERNA","","Access Point adicional Indoor - Equip - MEGA - CO","7","699,09","4.893,63","Material","31/08/2026","5064","4627","Aprovado","Notas pendentes","1380","Não","5","Conectada","1787064667426x264827251272011550"
"53009355","19001","MEGA INFRA SOLUCOES EM INFRAESTRUTURA LTDA (Filial SP)","07.525.262/0004-61","4-IMPLANTAÇÃO_DE_REDE_INTERNA","","Access Point adicional Indoor - Equip - MEGA - CO","4","699,09","2.796,36","Material","31/08/2026","5064","4627","Aprovado","Notas pendentes","","Não","5","Conectada","1787064667604x248503264228924670"
"53006755","19001","MEGA INFRA SOLUCOES EM INFRAESTRUTURA LTDA (Filial SP)","07.525.262/0004-61","4-IMPLANTAÇÃO_DE_REDE_INTERNA","","Access Point adicional Indoor - Equip - MEGA - CO","4","699,09","2.796,36","Material","31/08/2026","5064","4627","Aprovado","Notas pendentes","","Não","5","Conectada","1787064667645x703099570705086500"
"53006755","19001","MEGA INFRA SOLUCOES EM INFRAESTRUTURA LTDA (Filial SP)","07.525.262/0004-61","4-IMPLANTAÇÃO_DE_REDE_INTERNA","","Nobreak - Equip - MEGA - CO","1","1.491,72","1.491,72","Material","31/08/2026","5064","4627","Aprovado","Notas pendentes","","Não","5","Conectada","1787064667717x330030688118999360"
"53005465","19001","MEGA INFRA SOLUCOES EM INFRAESTRUTURA LTDA (Filial SP)","07.525.262/0004-61","4-IMPLANTAÇÃO_DE_REDE_INTERNA","","Nobreak - Equip - MEGA - CO","1","1.491,72","1.491,72","Material","31/08/2026","5064","4627","Aprovado","Notas pendentes","","Não","5","Em planejamento","1787064667731x625189645109883500"
"53006003","19001","MEGA INFRA SOLUCOES EM INFRAESTRUTURA LTDA (Filial SP)","07.525.262/0004-61","4-IMPLANTAÇÃO_DE_REDE_INTERNA","","Nobreak - Equip - MEGA - CO","1","1.491,72","1.491,72","Material","31/08/2026","5064","4627","Aprovado","Notas pendentes","1379","Não","5","Conectada","1787064667766x485000966625636300"
"53009410","19001","MEGA INFRA SOLUCOES EM INFRAESTRUTURA LTDA (Filial SP)","07.525.262/0004-61","4-IMPLANTAÇÃO_DE_REDE_INTERNA","","Nobreak - Equip - MEGA - CO","1","1.491,72","1.491,72","Material","31/08/2026","5064","4627","Aprovado","Notas pendentes","","Não","5","Em planejamento","1787064668086x714648539160204000"
"53009584","19001","MEGA INFRA SOLUCOES EM INFRAESTRUTURA LTDA (Filial SP)","07.525.262/0004-61","4-IMPLANTAÇÃO_DE_REDE_INTERNA","","Nobreak - Equip - MEGA - CO","1","1.491,72","1.491,72","Material","31/08/2026","5064","4627","Aprovado","Notas pendentes","","Não","5","Conectada","1787064668274x154781058302945630"
"35209120","19001","MEGA INFRA SOLUCOES EM INFRAESTRUTURA LTDA (Filial SP)","07.525.262/0004-61","4-IMPLANTAÇÃO_DE_REDE_INTERNA","","Nobreak - Equip - MEGA - SE","1","1.551,93","1.551,93","Material","31/08/2026","5065","4694","Aprovado","","1249","Não","5","Conectada","1787073678383x293393909795392400"
"35209120","19001","MEGA INFRA SOLUCOES EM INFRAESTRUTURA LTDA (Filial SP)","07.525.262/0004-61","4-IMPLANTAÇÃO_DE_REDE_INTERNA","","Kit Cobertura Wi-Fi - 6 Access Points - Equip - MEGA - SE","1","14.457,89","14.457,89","Material","31/08/2026","5065","4694","Aprovado","","1248","Não","5","Conectada","1787073679004x745705555833167000"
"53009665","19001","MEGA INFRA SOLUCOES EM INFRAESTRUTURA LTDA (Filial SP)","07.525.262/0004-61","4-IMPLANTAÇÃO_DE_REDE_INTERNA","","Kit Cobertura Wi-Fi - 15 Access Points - Equip - MEGA - CO","1","25.330,63","25.330,63","Material","31/08/2026","5066","4628","Aprovado","Nota Fiscal","","Não","5","Em planejamento","1787074153605x646979194701022000"
"53013352","19001","MEGA INFRA SOLUCOES EM INFRAESTRUTURA LTDA (Filial SP)","07.525.262/0004-61","4-IMPLANTAÇÃO_DE_REDE_INTERNA","","Kit Cobertura Wi-Fi - 15 Access Points - Equip - MEGA - CO","1","25.330,63","25.330,63","Material","31/08/2026","5066","4628","Aprovado","Nota Fiscal","","Não","5","Em planejamento","1787074153847x458102254944316800"
"53015495","19001","MEGA INFRA SOLUCOES EM INFRAESTRUTURA LTDA (Filial SP)","07.525.262/0004-61","4-IMPLANTAÇÃO_DE_REDE_INTERNA","","Kit Cobertura Wi-Fi - 15 Access Points - Equip - MEGA - CO","1","25.330,63","25.330,63","Material","31/08/2026","5066","4628","Aprovado","Nota Fiscal","","Não","5","Em planejamento","1787074154100x537253429619593660"
"53016378","19001","MEGA INFRA SOLUCOES EM INFRAESTRUTURA LTDA (Filial SP)","07.525.262/0004-61","4-IMPLANTAÇÃO_DE_REDE_INTERNA","","Kit Cobertura Wi-Fi - 15 Access Points - Equip - MEGA - CO","1","25.330,63","25.330,63","Material","31/08/2026","5066","4628","Aprovado","Nota Fiscal","","Não","5","Em planejamento","1787074154245x603873130109466400"
"53020219","19001","MEGA INFRA SOLUCOES EM INFRAESTRUTURA LTDA (Filial SP)","07.525.262/0004-61","4-IMPLANTAÇÃO_DE_REDE_INTERNA","","Kit Cobertura Wi-Fi - 15 Access Points - Equip - MEGA - CO","1","25.330,63","25.330,63","Material","31/08/2026","5066","4628","Aprovado","Nota Fiscal","","Não","5","Em planejamento","1787074154497x343172710984380700"
"53012011","19001","MEGA INFRA SOLUCOES EM INFRAESTRUTURA LTDA (Filial SP)","07.525.262/0004-61","4-IMPLANTAÇÃO_DE_REDE_INTERNA","","Kit Cobertura Wi-Fi - 14 Access Points - Equip - MEGA - CO","1","24.142,36","24.142,36","Material","31/08/2026","5066","4628","Aprovado","Nota Fiscal","","Não","5","Conectada","1787074155229x999386145084814700"
"53019512","19001","MEGA INFRA SOLUCOES EM INFRAESTRUTURA LTDA (Filial SP)","07.525.262/0004-61","4-IMPLANTAÇÃO_DE_REDE_INTERNA","","Kit Cobertura Wi-Fi - 7 Access Points - Equip - MEGA - CO","1","15.085,20","15.085,20","Material","31/08/2026","5066","4628","Aprovado","Nota Fiscal","","Não","5","Em planejamento","1787074155654x900071716659381900"
"53016378","19001","MEGA INFRA SOLUCOES EM INFRAESTRUTURA LTDA (Filial SP)","07.525.262/0004-61","4-IMPLANTAÇÃO_DE_REDE_INTERNA","","Access Point adicional Indoor - Equip - MEGA - CO","18","699,09","12.583,62","Material","31/08/2026","5066","4628","Aprovado","Nota Fiscal","","Não","5","Em planejamento","1787074155676x907690026722390400"
"53015495","19001","MEGA INFRA SOLUCOES EM INFRAESTRUTURA LTDA (Filial SP)","07.525.262/0004-61","4-IMPLANTAÇÃO_DE_REDE_INTERNA","","Access Point adicional Indoor - Equip - MEGA - CO","10","699,09","6.990,90","Material","31/08/2026","5066","4628","Aprovado","Nota Fiscal","","Não","5","Em planejamento","1787074155945x829304580727167100"
"53020219","19001","MEGA INFRA SOLUCOES EM INFRAESTRUTURA LTDA (Filial SP)","07.525.262/0004-61","4-IMPLANTAÇÃO_DE_REDE_INTERNA","","Access Point adicional Indoor - Equip - MEGA - CO","9","699,09","6.291,81","Material","31/08/2026","5066","4628","Aprovado","Nota Fiscal","","Não","5","Em planejamento","1787074156109x229185554448282800"
"53012011","19001","MEGA INFRA SOLUCOES EM INFRAESTRUTURA LTDA (Filial SP)","07.525.262/0004-61","4-IMPLANTAÇÃO_DE_REDE_INTERNA","","Nobreak - Equip - MEGA - CO","1","1.491,72","1.491,72","Material","31/08/2026","5066","4628","Aprovado","Nota Fiscal","","Não","5","Conectada","1787074156260x783012555015938300"
"53009665","19001","MEGA INFRA SOLUCOES EM INFRAESTRUTURA LTDA (Filial SP)","07.525.262/0004-61","4-IMPLANTAÇÃO_DE_REDE_INTERNA","","Nobreak - Equip - MEGA - CO","1","1.491,72","1.491,72","Material","31/08/2026","5066","4628","Aprovado","Nota Fiscal","","Não","5","Em planejamento","1787074156352x121576849819837520"
"53020219","19001","MEGA INFRA SOLUCOES EM INFRAESTRUTURA LTDA (Filial SP)","07.525.262/0004-61","4-IMPLANTAÇÃO_DE_REDE_INTERNA","","Nobreak - Equip - MEGA - CO","1","1.491,72","1.491,72","Material","31/08/2026","5066","4628","Aprovado","Nota Fiscal","","Não","5","Em planejamento","1787074156468x697941148460542000"
"53016378","19001","MEGA INFRA SOLUCOES EM INFRAESTRUTURA LTDA (Filial SP)","07.525.262/0004-61","4-IMPLANTAÇÃO_DE_REDE_INTERNA","","Nobreak - Equip - MEGA - CO","1","1.491,72","1.491,72","Material","31/08/2026","5066","4628","Aprovado","Nota Fiscal","","Não","5","Em planejamento","1787074156955x400699958638772700"
"53015495","19001","MEGA INFRA SOLUCOES EM INFRAESTRUTURA LTDA (Filial SP)","07.525.262/0004-61","4-IMPLANTAÇÃO_DE_REDE_INTERNA","","Nobreak - Equip - MEGA - CO","1","1.491,72","1.491,72","Material","31/08/2026","5066","4628","Aprovado","Nota Fiscal","","Não","5","Em planejamento","1787074157075x666981870419176560"
"53019512","19001","MEGA INFRA SOLUCOES EM INFRAESTRUTURA LTDA (Filial SP)","07.525.262/0004-61","4-IMPLANTAÇÃO_DE_REDE_INTERNA","","Nobreak - Equip - MEGA - CO","1","1.491,72","1.491,72","Material","31/08/2026","5066","4628","Aprovado","Nota Fiscal","","Não","5","Em planejamento","1787074157298x183105758605610850"
"53013352","19001","MEGA INFRA SOLUCOES EM INFRAESTRUTURA LTDA (Filial SP)","07.525.262/0004-61","4-IMPLANTAÇÃO_DE_REDE_INTERNA","","Nobreak - Equip - MEGA - CO","1","1.491,72","1.491,72","Material","31/08/2026","5066","4628","Aprovado","Nota Fiscal","","Não","5","Em planejamento","1787074157651x614193319886247000"
"53009665","19001","MEGA INFRA SOLUCOES EM INFRAESTRUTURA LTDA (Filial SP)","07.525.262/0004-61","4-IMPLANTAÇÃO_DE_REDE_INTERNA","","Access Point adicional Indoor - Equip - MEGA - CO","1","699,09","699,09","Material","31/08/2026","5066","4628","Aprovado","Nota Fiscal","","Não","5","Em planejamento","1787074158025x337300546080561600"
"53017080","19001","MEGA INFRA SOLUCOES EM INFRAESTRUTURA LTDA (Filial SP)","07.525.262/0004-61","4-IMPLANTAÇÃO_DE_REDE_INTERNA","","Nobreak - Equip - MEGA - CO","1","1.491,72","1.491,72","Material","31/08/2026","5066","4628","Aprovado","Nota Fiscal","","Não","5","Em planejamento","1787074158140x676366151928521700"
"53000854","19001","MEGA INFRA SOLUCOES EM INFRAESTRUTURA LTDA (Filial SP)","07.525.262/0004-61","4-IMPLANTAÇÃO_DE_REDE_INTERNA","","Nobreak - Equip - MEGA - CO","1","1.491,72","1.491,72","Material","31/08/2026","5067","4629","Aprovado","Nota Fiscal","","Não","5","Em planejamento","1787074229650x884989401294707500"
"53068238","19001","MEGA INFRA SOLUCOES EM INFRAESTRUTURA LTDA (Filial SP)","07.525.262/0004-61","4-IMPLANTAÇÃO_DE_REDE_INTERNA","","Nobreak - Equip - MEGA - CO","1","1.491,72","1.491,72","Material","31/08/2026","5067","4629","Aprovado","Nota Fiscal","","Não","5","Em planejamento","1787074229986x743119204728703900"
"53004140","19001","MEGA INFRA SOLUCOES EM INFRAESTRUTURA LTDA (Filial SP)","07.525.262/0004-61","4-IMPLANTAÇÃO_DE_REDE_INTERNA","","Nobreak - Equip - MEGA - CO","1","1.491,72","1.491,72","Material","31/08/2026","5067","4629","Aprovado","Nota Fiscal","","Não","5","Conectada","1787074229901x622967519671447900"
"53004060","19001","MEGA INFRA SOLUCOES EM INFRAESTRUTURA LTDA (Filial SP)","07.525.262/0004-61","4-IMPLANTAÇÃO_DE_REDE_INTERNA","","Kit Cobertura Wi-Fi - 15 Access Points - Equip - MEGA - CO","1","25.330,63","25.330,63","Material","31/08/2026","5067","4629","Aprovado","Nota Fiscal","","Não","5","Em planejamento","1787074230083x724849468832626200"
"53004140","19001","MEGA INFRA SOLUCOES EM INFRAESTRUTURA LTDA (Filial SP)","07.525.262/0004-61","4-IMPLANTAÇÃO_DE_REDE_INTERNA","","Access Point adicional Indoor - Equip - MEGA - CO","6","699,09","4.194,54","Material","31/08/2026","5067","4629","Aprovado","Nota Fiscal","","Não","5","Conectada","1787074230710x525385213643696260"
"53068238","19001","MEGA INFRA SOLUCOES EM INFRAESTRUTURA LTDA (Filial SP)","07.525.262/0004-61","4-IMPLANTAÇÃO_DE_REDE_INTERNA","","Kit Cobertura Wi-Fi - 11 Access Points - Equip - MEGA - CO","1","20.577,55","20.577,55","Material","31/08/2026","5067","4629","Aprovado","Nota Fiscal","","Não","5","Em planejamento","1787074230776x394145941197928260"
"53004140","19001","MEGA INFRA SOLUCOES EM INFRAESTRUTURA LTDA (Filial SP)","07.525.262/0004-61","4-IMPLANTAÇÃO_DE_REDE_INTERNA","","Kit Cobertura Wi-Fi - 15 Access Points - Equip - MEGA - CO","1","25.330,63","25.330,63","Material","31/08/2026","5067","4629","Aprovado","Nota Fiscal","","Não","5","Conectada","1787074231125x420515466212419300"
"53004060","19001","MEGA INFRA SOLUCOES EM INFRAESTRUTURA LTDA (Filial SP)","07.525.262/0004-61","4-IMPLANTAÇÃO_DE_REDE_INTERNA","","Nobreak - Equip - MEGA - CO","1","1.491,72","1.491,72","Material","31/08/2026","5067","4629","Aprovado","Nota Fiscal","","Não","5","Em planejamento","1787074231145x465810791487209000"
"53004060","19001","MEGA INFRA SOLUCOES EM INFRAESTRUTURA LTDA (Filial SP)","07.525.262/0004-61","4-IMPLANTAÇÃO_DE_REDE_INTERNA","","Access Point adicional Indoor - Equip - MEGA - CO","1","699,09","699,09","Material","31/08/2026","5067","4629","Aprovado","Nota Fiscal","","Não","5","Em planejamento","1787074231592x659396411447364200"
"52061655","19001","MEGA INFRA SOLUCOES EM INFRAESTRUTURA LTDA (Filial SP)","07.525.262/0004-61","4-IMPLANTAÇÃO_DE_REDE_INTERNA","","Kit Cobertura Wi-Fi - 8 Access Points - Equip - MEGA - CO","1","17.012,75","17.012,75","Material","31/08/2026","5074","4662","Aprovado","","1221","Não","5","Conectada","1787139794796x803558142222647200"
"52045897","19001","MEGA INFRA SOLUCOES EM INFRAESTRUTURA LTDA (Filial SP)","07.525.262/0004-61","4-IMPLANTAÇÃO_DE_REDE_INTERNA","","Kit Cobertura Wi-Fi - 10 Access Points - Equip - MEGA - CO","1","19.389,29","19.389,29","Material","31/08/2026","5074","4662","Aprovado","","1211","Não","5","Conectada","1787139795014x518602642680639170"
"52103897","19001","MEGA INFRA SOLUCOES EM INFRAESTRUTURA LTDA (Filial SP)","07.525.262/0004-61","4-IMPLANTAÇÃO_DE_REDE_INTERNA","","Kit Cobertura Wi-Fi - 12 Access Points - Equip - MEGA - CO","1","21.765,83","21.765,83","Material","31/08/2026","5074","4662","Aprovado","","1203","Não","5","Conectada","1787139795136x901539586666425100"
"52061655","19001","MEGA INFRA SOLUCOES EM INFRAESTRUTURA LTDA (Filial SP)","07.525.262/0004-61","4-IMPLANTAÇÃO_DE_REDE_INTERNA","","Nobreak - Equip - MEGA - CO","1","1.491,72","1.491,72","Material","31/08/2026","5074","4662","Aprovado","","1224","Não","5","Conectada","1787139795174x474186536559107400"
"52103897","19001","MEGA INFRA SOLUCOES EM INFRAESTRUTURA LTDA (Filial SP)","07.525.262/0004-61","4-IMPLANTAÇÃO_DE_REDE_INTERNA","","Nobreak - Equip - MEGA - CO","1","1.491,72","1.491,72","Material","31/08/2026","5074","4662","Aprovado","","1204","Não","5","Conectada","1787139795540x894154583453560200"
"52045897","19001","MEGA INFRA SOLUCOES EM INFRAESTRUTURA LTDA (Filial SP)","07.525.262/0004-61","4-IMPLANTAÇÃO_DE_REDE_INTERNA","","Nobreak - Equip - MEGA - CO","1","1.491,72","1.491,72","Material","31/08/2026","5074","4662","Aprovado","","1212","Não","5","Conectada","1787139795613x469211948886854900"
"53008464","19001","MEGA INFRA SOLUCOES EM INFRAESTRUTURA LTDA (Filial SP)","07.525.262/0004-61","4-IMPLANTAÇÃO_DE_REDE_INTERNA","","Rack 7U - Equip - MEGA - CO","1","1.150,93","1.150,93","Material","31/08/2026","5075","4663","Aprovado","","1366","Não","5","Conectada","1787140122126x399499864144655000"
"53008464","19001","MEGA INFRA SOLUCOES EM INFRAESTRUTURA LTDA (Filial SP)","07.525.262/0004-61","4-IMPLANTAÇÃO_DE_REDE_INTERNA","","Switch Gigabit 16 portas PoE+ - Equip - MEGA - CO","1","1.733,47","1.733,47","Material","31/08/2026","5075","4663","Aprovado","","1365","Não","5","Conectada","1787140122200x960222291999013300"
"53008464","19001","MEGA INFRA SOLUCOES EM INFRAESTRUTURA LTDA (Filial SP)","07.525.262/0004-61","4-IMPLANTAÇÃO_DE_REDE_INTERNA","","Nobreak - Equip - MEGA - CO","2","1.491,72","2.983,44","Material","31/08/2026","5075","4663","Aprovado","","1364","Não","5","Conectada","1787140122417x272752204426540260"
"35419357","19001","MEGA INFRA SOLUCOES EM INFRAESTRUTURA LTDA (Filial SP)","07.525.262/0004-61","4-IMPLANTAÇÃO_DE_REDE_INTERNA","","Kit Cobertura Wi-Fi - 15 Access Points - Equip - MEGA - SE","1","26.353,13","26.353,13","Material","31/08/2026","5076","4695","Aprovado","","1270","Não","5","Conectada","1787141613335x464489559629632600"
"35220224","19001","MEGA INFRA SOLUCOES EM INFRAESTRUTURA LTDA (Filial SP)","07.525.262/0004-61","4-IMPLANTAÇÃO_DE_REDE_INTERNA","","Kit Cobertura Wi-Fi - 14 Access Points - Equip - MEGA - SE","1","25.116,90","25.116,90","Material","31/08/2026","5076","4695","Aprovado","","1264","Não","5","Conectada","1787141613651x194630321598805900"
"35072230","19001","MEGA INFRA SOLUCOES EM INFRAESTRUTURA LTDA (Filial SP)","07.525.262/0004-61","4-IMPLANTAÇÃO_DE_REDE_INTERNA","","Kit Cobertura Wi-Fi - 13 Access Points - Equip - MEGA - SE","1","23.880,66","23.880,66","Material","31/08/2026","5076","4695","Aprovado","","1250","Não","5","Conectada","1787141613782x970217148697071200"
"35194116","19001","MEGA INFRA SOLUCOES EM INFRAESTRUTURA LTDA (Filial SP)","07.525.262/0004-61","4-IMPLANTAÇÃO_DE_REDE_INTERNA","","Kit Cobertura Wi-Fi - 13 Access Points - Equip - MEGA - SE","1","23.880,66","23.880,66","Material","31/08/2026","5076","4695","Aprovado","","1241","Não","5","Conectada","1787141613837x560577637310995840"
"35419357","19001","MEGA INFRA SOLUCOES EM INFRAESTRUTURA LTDA (Filial SP)","07.525.262/0004-61","4-IMPLANTAÇÃO_DE_REDE_INTERNA","","Nobreak - Equip - MEGA - SE","2","775,97","1.551,93","Material","31/08/2026","5076","4695","Aprovado","","1272","Não","5","Conectada","1787141613894x707910382747466400"
"35241994","19001","MEGA INFRA SOLUCOES EM INFRAESTRUTURA LTDA (Filial SP)","07.525.262/0004-61","4-IMPLANTAÇÃO_DE_REDE_INTERNA","","Kit Cobertura Wi-Fi - 15 Access Points - Equip - MEGA - SE","1","26.353,13","26.353,13","Material","31/08/2026","5076","4695","Aprovado","","1457","Não","5","Conectada","1787141613870x617302381380024700"
"35454631","19001","MEGA INFRA SOLUCOES EM INFRAESTRUTURA LTDA (Filial SP)","07.525.262/0004-61","4-IMPLANTAÇÃO_DE_REDE_INTERNA","","Kit Cobertura Wi-Fi - 1 Access Point - Equip - MEGA - SE","1","8.276,72","8.276,72","Material","31/08/2026","5076","4695","Aprovado","","1268","Não","5","Conectada","1787141613908x553614303349732100"
"35194116","19001","MEGA INFRA SOLUCOES EM INFRAESTRUTURA LTDA (Filial SP)","07.525.262/0004-61","4-IMPLANTAÇÃO_DE_REDE_INTERNA","","Nobreak - Equip - MEGA - SE","2","1.551,93","3.103,86","Material","31/08/2026","5076","4695","Aprovado","","1242","Não","5","Conectada","1787141614049x704822656800995700"
"35419357","19001","MEGA INFRA SOLUCOES EM INFRAESTRUTURA LTDA (Filial SP)","07.525.262/0004-61","4-IMPLANTAÇÃO_DE_REDE_INTERNA","","Switch Gigabit 16 portas PoE+ - Equip - MEGA - SE","1","1.803,44","1.803,44","Material","31/08/2026","5076","4695","Aprovado","","1273","Não","5","Conectada","1787141614075x279766933204793630"
"35419357","19001","MEGA INFRA SOLUCOES EM INFRAESTRUTURA LTDA (Filial SP)","07.525.262/0004-61","4-IMPLANTAÇÃO_DE_REDE_INTERNA","","Access Point adicional Indoor - Equip - MEGA - SE","4","727,31","2.909,24","Material","31/08/2026","5076","4695","Aprovado","","1276","Não","5","Conectada","1787141614112x510455417558222100"
"35454631","19001","MEGA INFRA SOLUCOES EM INFRAESTRUTURA LTDA (Filial SP)","07.525.262/0004-61","4-IMPLANTAÇÃO_DE_REDE_INTERNA","","Nobreak - Equip - MEGA - SE","1","1.551,93","1.551,93","Material","31/08/2026","5076","4695","Aprovado","","1269","Não","5","Conectada","1787141614130x222629232561756480"
"35241994","19001","MEGA INFRA SOLUCOES EM INFRAESTRUTURA LTDA (Filial SP)","07.525.262/0004-61","4-IMPLANTAÇÃO_DE_REDE_INTERNA","","Access Point adicional Indoor - Equip - MEGA - SE","2","727,31","1.454,62","Material","31/08/2026","5076","4695","Aprovado","","1464","Não","5","Conectada","1787141614379x979980232733624000"
"35419357","19001","MEGA INFRA SOLUCOES EM INFRAESTRUTURA LTDA (Filial SP)","07.525.262/0004-61","4-IMPLANTAÇÃO_DE_REDE_INTERNA","","Rack 7U - Equip - MEGA - SE","1","1.197,39","1.197,39","Material","31/08/2026","5076","4695","Aprovado","","1274","Não","5","Conectada","1787141614446x667969714782029200"
"35419357","19001","MEGA INFRA SOLUCOES EM INFRAESTRUTURA LTDA (Filial SP)","07.525.262/0004-61","4-IMPLANTAÇÃO_DE_REDE_INTERNA","","Conversor de mídia Gigabit Ethernet (Par) - Equip - MEGA - SE","1","217,44","217,44","Material","31/08/2026","5076","4695","Aprovado","","1297","Não","5","Conectada","1787141614477x178419953285582600"
"51040514","19001","MEGA INFRA SOLUCOES EM INFRAESTRUTURA LTDA (Filial SP)","07.525.262/0004-61","4-IMPLANTAÇÃO_DE_REDE_INTERNA","","Kit Cobertura Wi-Fi - 15 Access Points - Equip - MEGA - CO","1","25.330,63","25.330,63","Material","31/08/2026","5077","4664","Aprovado","","1226","Não","5","Conectada","1787141800776x294482485587044740"
"51040514","19001","MEGA INFRA SOLUCOES EM INFRAESTRUTURA LTDA (Filial SP)","07.525.262/0004-61","4-IMPLANTAÇÃO_DE_REDE_INTERNA","","Access Point adicional Indoor - Equip - MEGA - CO","3","699,09","2.097,27","Material","31/08/2026","5077","4664","Aprovado","","1229","Não","5","Conectada","1787141801049x644062135696826800"
"51040514","19001","MEGA INFRA SOLUCOES EM INFRAESTRUTURA LTDA (Filial SP)","07.525.262/0004-61","4-IMPLANTAÇÃO_DE_REDE_INTERNA","","Nobreak - Equip - MEGA - CO","1","1.491,72","1.491,72","Material","31/08/2026","5077","4664","Aprovado","","1227","Não","5","Conectada","1787141801226x133046045707761140"
"52085376","19001","MEGA INFRA SOLUCOES EM INFRAESTRUTURA LTDA (Filial SP)","07.525.262/0004-61","4-IMPLANTAÇÃO_DE_REDE_INTERNA","","Kit Cobertura Wi-Fi - 1 Access Point - Equip - MEGA - CO","1","7.955,58","7.955,58","Material","31/08/2026","5078","4665","Aprovado","","1213","Não","5","Conectada","1787141990489x720347300819028200"
"52049213","19001","MEGA INFRA SOLUCOES EM INFRAESTRUTURA LTDA (Filial SP)","07.525.262/0004-61","4-IMPLANTAÇÃO_DE_REDE_INTERNA","","Kit Cobertura Wi-Fi - 1 Access Point - Equip - MEGA - CO","1","7.955,58","7.955,58","Material","31/08/2026","5078","4665","Aprovado","","1231","Não","5","Conectada","1787141990756x312403935409107100"
"52085376","19001","MEGA INFRA SOLUCOES EM INFRAESTRUTURA LTDA (Filial SP)","07.525.262/0004-61","4-IMPLANTAÇÃO_DE_REDE_INTERNA","","Nobreak - Equip - MEGA - CO","1","1.491,72","1.491,72","Material","31/08/2026","5078","4665","Aprovado","","1214","Não","5","Conectada","1787141990940x388770651743993500"
"52049213","19001","MEGA INFRA SOLUCOES EM INFRAESTRUTURA LTDA (Filial SP)","07.525.262/0004-61","4-IMPLANTAÇÃO_DE_REDE_INTERNA","","Nobreak - Equip - MEGA - CO","1","1.491,72","1.491,72","Material","31/08/2026","5078","4665","Aprovado","","1233","Não","5","Conectada","1787141990978x897306587095722000"
"52078523","19001","MEGA INFRA SOLUCOES EM INFRAESTRUTURA LTDA (Filial SP)","07.525.262/0004-61","4-IMPLANTAÇÃO_DE_REDE_INTERNA","","Access Point adicional Indoor - Equip - MEGA - CO","3","699,09","2.097,27","Material","31/08/2026","5079","4666","Aprovado","","1207","Não","5","Conectada","1787143779193x764150001093978600"
"52008649","19001","MEGA INFRA SOLUCOES EM INFRAESTRUTURA LTDA (Filial SP)","07.525.262/0004-61","4-IMPLANTAÇÃO_DE_REDE_INTERNA","","Nobreak - Equip - MEGA - CO","1","1.491,72","1.491,72","Material","31/08/2026","5080","4667","Aprovado","Nota Fiscal","","Não","5","Conectada","1787147696396x656030672320253300"
"52001130","19001","MEGA INFRA SOLUCOES EM INFRAESTRUTURA LTDA (Filial SP)","07.525.262/0004-61","4-IMPLANTAÇÃO_DE_REDE_INTERNA","","Kit Cobertura Wi-Fi - 5 Access Points - Equip - MEGA - CO","1","12.708,66","12.708,66","Material","31/08/2026","5080","4667","Aprovado","Nota Fiscal","","Não","5","Em implantação","1787147696636x614825621205079900"
"52051021","19001","MEGA INFRA SOLUCOES EM INFRAESTRUTURA LTDA (Filial SP)","07.525.262/0004-61","4-IMPLANTAÇÃO_DE_REDE_INTERNA","","Kit Cobertura Wi-Fi - 4 Access Points - Equip - MEGA - CO","1","11.520,39","11.520,39","Material","31/08/2026","5080","4667","Aprovado","Nota Fiscal","","Não","5","Conectada","1787147696639x500735165771975900"
"52051021","19001","MEGA INFRA SOLUCOES EM INFRAESTRUTURA LTDA (Filial SP)","07.525.262/0004-61","4-IMPLANTAÇÃO_DE_REDE_INTERNA","","Nobreak - Equip - MEGA - CO","1","1.491,72","1.491,72","Material","31/08/2026","5080","4667","Aprovado","Nota Fiscal","","Não","5","Conectada","1787147697099x170095272598082430"
"52001130","19001","MEGA INFRA SOLUCOES EM INFRAESTRUTURA LTDA (Filial SP)","07.525.262/0004-61","4-IMPLANTAÇÃO_DE_REDE_INTERNA","","Nobreak - Equip - MEGA - CO","1","1.491,72","1.491,72","Material","31/08/2026","5080","4667","Aprovado","Nota Fiscal","","Não","5","Em implantação","1787147697160x213811927524995900"
"52108880","19001","MEGA INFRA SOLUCOES EM INFRAESTRUTURA LTDA (Filial SP)","07.525.262/0004-61","4-IMPLANTAÇÃO_DE_REDE_INTERNA","","Nobreak - Equip - MEGA - CO","1","1.491,72","1.491,72","Material","31/08/2026","5080","4667","Aprovado","Nota Fiscal","","Não","5","Conectada","1787147697194x408885034613033500"
"35475749","19001","MEGA INFRA SOLUCOES EM INFRAESTRUTURA LTDA (Filial SP)","07.525.262/0004-61","4-IMPLANTAÇÃO_DE_REDE_INTERNA","","Kit Cobertura Wi-Fi - 14 Access Points - Equip - MEGA - SE","1","25.116,90","25.116,90","Material","31/08/2026","5083","4709","Aprovado","Nota Fiscal","","Não","5","Em planejamento","1787157388858x384764672203715700"
"35224546","19001","MEGA INFRA SOLUCOES EM INFRAESTRUTURA LTDA (Filial SP)","07.525.262/0004-61","4-IMPLANTAÇÃO_DE_REDE_INTERNA","","Kit Cobertura Wi-Fi - 13 Access Points - Equip - MEGA - SE","1","23.880,66","23.880,66","Material","31/08/2026","5083","4709","Aprovado","Nota Fiscal","","Não","5","Em planejamento","1787157388872x464234321837590850"
"35278524","19001","MEGA INFRA SOLUCOES EM INFRAESTRUTURA LTDA (Filial SP)","07.525.262/0004-61","4-IMPLANTAÇÃO_DE_REDE_INTERNA","","Kit Cobertura Wi-Fi - 15 Access Points - Equip - MEGA - SE","1","26.353,13","26.353,13","Material","31/08/2026","5083","4709","Aprovado","Nota Fiscal","","Não","5","Em planejamento","1787157388891x373846594878224600"
"35227687","19001","MEGA INFRA SOLUCOES EM INFRAESTRUTURA LTDA (Filial SP)","07.525.262/0004-61","4-IMPLANTAÇÃO_DE_REDE_INTERNA","","Kit Cobertura Wi-Fi - 15 Access Points - Equip - MEGA - SE","1","26.353,13","26.353,13","Material","31/08/2026","5083","4709","Aprovado","Nota Fiscal","","Não","5","Em planejamento","1787157388915x602141737554055800"
"35405218","19001","MEGA INFRA SOLUCOES EM INFRAESTRUTURA LTDA (Filial SP)","07.525.262/0004-61","4-IMPLANTAÇÃO_DE_REDE_INTERNA","","Kit Cobertura Wi-Fi - 13 Access Points - Equip - MEGA - SE","1","23.880,66","23.880,66","Material","31/08/2026","5083","4709","Aprovado","Nota Fiscal","","Não","5","Em planejamento","1787157388994x922279211074630500"
"35437300","19001","MEGA INFRA SOLUCOES EM INFRAESTRUTURA LTDA (Filial SP)","07.525.262/0004-61","4-IMPLANTAÇÃO_DE_REDE_INTERNA","","Kit Cobertura Wi-Fi - 12 Access Points - Equip - MEGA - SE","1","22.644,43","22.644,43","Material","31/08/2026","5083","4709","Aprovado","Nota Fiscal","","Não","5","Em planejamento","1787157389023x568358043154744600"
"35396692","19001","MEGA INFRA SOLUCOES EM INFRAESTRUTURA LTDA (Filial SP)","07.525.262/0004-61","4-IMPLANTAÇÃO_DE_REDE_INTERNA","","Kit Cobertura Wi-Fi - 11 Access Points - Equip - MEGA - SE","1","21.408,19","21.408,19","Material","31/08/2026","5083","4709","Aprovado","Nota Fiscal","","Não","5","Em planejamento","1787157389033x973040164814231700"
"35227687","19001","MEGA INFRA SOLUCOES EM INFRAESTRUTURA LTDA (Filial SP)","07.525.262/0004-61","4-IMPLANTAÇÃO_DE_REDE_INTERNA","","Nobreak - Equip - MEGA - SE","1","1.551,93","1.551,93","Material","31/08/2026","5083","4709","Aprovado","Nota Fiscal","","Não","5","Em planejamento","1787157389247x278630090822731940"
"35224546","19001","MEGA INFRA SOLUCOES EM INFRAESTRUTURA LTDA (Filial SP)","07.525.262/0004-61","4-IMPLANTAÇÃO_DE_REDE_INTERNA","","Nobreak - Equip - MEGA - SE","1","1.551,93","1.551,93","Material","31/08/2026","5083","4709","Aprovado","Nota Fiscal","","Não","5","Em planejamento","1787157389250x937751026757510300"
"35276753","19001","MEGA INFRA SOLUCOES EM INFRAESTRUTURA LTDA (Filial SP)","07.525.262/0004-61","4-IMPLANTAÇÃO_DE_REDE_INTERNA","","Nobreak - Equip - MEGA - SE","1","1.551,93","1.551,93","Material","31/08/2026","5083","4709","Aprovado","Nota Fiscal","","Não","5","Em planejamento","1787157389278x472333870588073540"
"35278524","19001","MEGA INFRA SOLUCOES EM INFRAESTRUTURA LTDA (Filial SP)","07.525.262/0004-61","4-IMPLANTAÇÃO_DE_REDE_INTERNA","","Nobreak - Equip - MEGA - SE","1","1.551,93","1.551,93","Material","31/08/2026","5083","4709","Aprovado","Nota Fiscal","","Não","5","Em planejamento","1787157389307x996695177277178100"
"35396692","19001","MEGA INFRA SOLUCOES EM INFRAESTRUTURA LTDA (Filial SP)","07.525.262/0004-61","4-IMPLANTAÇÃO_DE_REDE_INTERNA","","Nobreak - Equip - MEGA - SE","1","1.551,93","1.551,93","Material","31/08/2026","5083","4709","Aprovado","Nota Fiscal","","Não","5","Em planejamento","1787157389347x279030356178551650"
"35437300","19001","MEGA INFRA SOLUCOES EM INFRAESTRUTURA LTDA (Filial SP)","07.525.262/0004-61","4-IMPLANTAÇÃO_DE_REDE_INTERNA","","Nobreak - Equip - MEGA - SE","1","1.551,93","1.551,93","Material","31/08/2026","5083","4709","Aprovado","Nota Fiscal","","Não","5","Em planejamento","1787157389355x103902966283975200"
"35405218","19001","MEGA INFRA SOLUCOES EM INFRAESTRUTURA LTDA (Filial SP)","07.525.262/0004-61","4-IMPLANTAÇÃO_DE_REDE_INTERNA","","Nobreak - Equip - MEGA - SE","1","1.551,93","1.551,93","Material","31/08/2026","5083","4709","Aprovado","Nota Fiscal","","Não","5","Em planejamento","1787157389379x589271050156005000"
"35475749","19001","MEGA INFRA SOLUCOES EM INFRAESTRUTURA LTDA (Filial SP)","07.525.262/0004-61","4-IMPLANTAÇÃO_DE_REDE_INTERNA","","Nobreak - Equip - MEGA - SE","1","1.551,93","1.551,93","Material","31/08/2026","5083","4709","Aprovado","Nota Fiscal","","Não","5","Em planejamento","1787157389387x201850112815017400"
"35278524","19001","MEGA INFRA SOLUCOES EM INFRAESTRUTURA LTDA (Filial SP)","07.525.262/0004-61","4-IMPLANTAÇÃO_DE_REDE_INTERNA","","Access Point adicional Indoor - Equip - MEGA - SE","1","727,31","727,31","Material","31/08/2026","5083","4709","Aprovado","Nota Fiscal","","Não","5","Em planejamento","1787157389408x504198361483376060"
"35276807","19001","MEGA INFRA SOLUCOES EM INFRAESTRUTURA LTDA (Filial SP)","07.525.262/0004-61","4-IMPLANTAÇÃO_DE_REDE_INTERNA","","Kit Cobertura Wi-Fi - 12 Access Points - Equip - MEGA - SE","1","22.644,43","22.644,43","Material","31/08/2026","5084","4710","Aprovado","Notas pendentes","","Não","5","Em planejamento","1787158867868x767433870701061800"
"35444091","19001","MEGA INFRA SOLUCOES EM INFRAESTRUTURA LTDA (Filial SP)","07.525.262/0004-61","4-IMPLANTAÇÃO_DE_REDE_INTERNA","","Kit Cobertura Wi-Fi - 15 Access Points - Equip - MEGA - SE","1","26.353,13","26.353,13","Material","31/08/2026","5084","4710","Aprovado","Notas pendentes","","Não","5","Em planejamento","1787158867906x513343582432990140"
"35091005","19001","MEGA INFRA SOLUCOES EM INFRAESTRUTURA LTDA (Filial SP)","07.525.262/0004-61","4-IMPLANTAÇÃO_DE_REDE_INTERNA","","Nobreak - Equip - MEGA - SE","1","1.551,93","1.551,93","Material","31/08/2026","5084","4710","Aprovado","Notas pendentes","1435","Não","5","Conectada","1787158867925x576564834097807700"
"35499134","19001","MEGA INFRA SOLUCOES EM INFRAESTRUTURA LTDA (Filial SP)","07.525.262/0004-61","4-IMPLANTAÇÃO_DE_REDE_INTERNA","","Nobreak - Equip - MEGA - SE","1","1.551,93","1.551,93","Material","31/08/2026","5084","4710","Aprovado","Notas pendentes","","Não","5","Em planejamento","1787158867925x593255534887759200"
"35324255","19001","MEGA INFRA SOLUCOES EM INFRAESTRUTURA LTDA (Filial SP)","07.525.262/0004-61","4-IMPLANTAÇÃO_DE_REDE_INTERNA","","Kit Cobertura Wi-Fi - 15 Access Points - Equip - MEGA - SE","1","26.353,13","26.353,13","Material","31/08/2026","5084","4710","Aprovado","Notas pendentes","","Não","5","Em planejamento","1787158867966x228006202986266180"
"35246761","19001","MEGA INFRA SOLUCOES EM INFRAESTRUTURA LTDA (Filial SP)","07.525.262/0004-61","4-IMPLANTAÇÃO_DE_REDE_INTERNA","","Kit Cobertura Wi-Fi - 15 Access Points - Equip - MEGA - SE","1","26.353,13","26.353,13","Material","31/08/2026","5084","4710","Aprovado","Notas pendentes","","Não","5","Em planejamento","1787158867986x312600934964679230"
"35091005","19001","MEGA INFRA SOLUCOES EM INFRAESTRUTURA LTDA (Filial SP)","07.525.262/0004-61","4-IMPLANTAÇÃO_DE_REDE_INTERNA","","Kit Cobertura Wi-Fi - 12 Access Points - Equip - MEGA - SE","1","22.644,43","22.644,43","Material","31/08/2026","5084","4710","Aprovado","Notas pendentes","1434","Não","5","Conectada","1787158868202x334442455300090000"
"35324255","19001","MEGA INFRA SOLUCOES EM INFRAESTRUTURA LTDA (Filial SP)","07.525.262/0004-61","4-IMPLANTAÇÃO_DE_REDE_INTERNA","","Access Point adicional Indoor - Equip - MEGA - SE","29","727,31","21.091,99","Material","31/08/2026","5084","4710","Aprovado","Notas pendentes","","Não","5","Em planejamento","1787158868427x350328202293961800"
"35212441","19001","MEGA INFRA SOLUCOES EM INFRAESTRUTURA LTDA (Filial SP)","07.525.262/0004-61","4-IMPLANTAÇÃO_DE_REDE_INTERNA","","Kit Cobertura Wi-Fi - 15 Access Points - Equip - MEGA - SE","1","26.353,13","26.353,13","Material","31/08/2026","5084","4710","Aprovado","Notas pendentes","","Não","5","Em planejamento","1787158868432x834629789025229600"
"35479949","19001","MEGA INFRA SOLUCOES EM INFRAESTRUTURA LTDA (Filial SP)","07.525.262/0004-61","4-IMPLANTAÇÃO_DE_REDE_INTERNA","","Nobreak - Equip - MEGA - SE","1","1.551,93","1.551,93","Material","31/08/2026","5084","4710","Aprovado","Notas pendentes","","Não","5","Conectada","1787158868461x963820882339237600"
"35444091","19001","MEGA INFRA SOLUCOES EM INFRAESTRUTURA LTDA (Filial SP)","07.525.262/0004-61","4-IMPLANTAÇÃO_DE_REDE_INTERNA","","Access Point adicional Indoor - Equip - MEGA - SE","13","727,31","9.455,03","Material","31/08/2026","5084","4710","Aprovado","Notas pendentes","","Não","5","Em planejamento","1787158868547x840039059702154100"
"35276807","19001","MEGA INFRA SOLUCOES EM INFRAESTRUTURA LTDA (Filial SP)","07.525.262/0004-61","4-IMPLANTAÇÃO_DE_REDE_INTERNA","","Nobreak - Equip - MEGA - SE","1","1.551,93","1.551,93","Material","31/08/2026","5084","4710","Aprovado","Notas pendentes","","Não","5","Em planejamento","1787158868648x820875263050751000"
"35246761","19001","MEGA INFRA SOLUCOES EM INFRAESTRUTURA LTDA (Filial SP)","07.525.262/0004-61","4-IMPLANTAÇÃO_DE_REDE_INTERNA","","Access Point adicional Indoor - Equip - MEGA - SE","4","727,31","2.909,24","Material","31/08/2026","5084","4710","Aprovado","Notas pendentes","","Não","5","Em planejamento","1787158868653x269401986010721730"
"35444091","19001","MEGA INFRA SOLUCOES EM INFRAESTRUTURA LTDA (Filial SP)","07.525.262/0004-61","4-IMPLANTAÇÃO_DE_REDE_INTERNA","","Nobreak - Equip - MEGA - SE","1","1.551,93","1.551,93","Material","31/08/2026","5084","4710","Aprovado","Notas pendentes","","Não","5","Em planejamento","1787158868678x394391215215692100"
"35499134","19001","MEGA INFRA SOLUCOES EM INFRAESTRUTURA LTDA (Filial SP)","07.525.262/0004-61","4-IMPLANTAÇÃO_DE_REDE_INTERNA","","Kit Cobertura Wi-Fi - 12 Access Points - Equip - MEGA - SE","1","22.644,43","22.644,43","Material","31/08/2026","5084","4710","Aprovado","Notas pendentes","","Não","5","Em planejamento","1787158868676x384325417242326900"
"35479949","19001","MEGA INFRA SOLUCOES EM INFRAESTRUTURA LTDA (Filial SP)","07.525.262/0004-61","4-IMPLANTAÇÃO_DE_REDE_INTERNA","","Kit Cobertura Wi-Fi - 15 Access Points - Equip - MEGA - SE","1","26.353,13","26.353,13","Material","31/08/2026","5084","4710","Aprovado","Notas pendentes","","Não","5","Conectada","1787158868681x390509497388909200"
"35258131","19001","MEGA INFRA SOLUCOES EM INFRAESTRUTURA LTDA (Filial SP)","07.525.262/0004-61","4-IMPLANTAÇÃO_DE_REDE_INTERNA","","Kit Cobertura Wi-Fi - 15 Access Points - Equip - MEGA - SE","1","26.353,13","26.353,13","Material","31/08/2026","5084","4710","Aprovado","Notas pendentes","","Não","5","Em planejamento","1787158868680x449806696452177400"
"35258131","19001","MEGA INFRA SOLUCOES EM INFRAESTRUTURA LTDA (Filial SP)","07.525.262/0004-61","4-IMPLANTAÇÃO_DE_REDE_INTERNA","","Nobreak - Equip - MEGA - SE","1","1.551,93","1.551,93","Material","31/08/2026","5084","4710","Aprovado","Notas pendentes","","Não","5","Em planejamento","1787158868702x215700079251111000"
"35212441","19001","MEGA INFRA SOLUCOES EM INFRAESTRUTURA LTDA (Filial SP)","07.525.262/0004-61","4-IMPLANTAÇÃO_DE_REDE_INTERNA","","Nobreak - Equip - MEGA - SE","1","1.551,93","1.551,93","Material","31/08/2026","5084","4710","Aprovado","Notas pendentes","","Não","5","Em planejamento","1787158868760x821727521127941400"
"35246761","19001","MEGA INFRA SOLUCOES EM INFRAESTRUTURA LTDA (Filial SP)","07.525.262/0004-61","4-IMPLANTAÇÃO_DE_REDE_INTERNA","","Nobreak - Equip - MEGA - SE","1","1.551,93","1.551,93","Material","31/08/2026","5084","4710","Aprovado","Notas pendentes","","Não","5","Em planejamento","1787158868831x871668768431859000"
"35212441","19001","MEGA INFRA SOLUCOES EM INFRAESTRUTURA LTDA (Filial SP)","07.525.262/0004-61","4-IMPLANTAÇÃO_DE_REDE_INTERNA","","Access Point adicional Indoor - Equip - MEGA - SE","1","727,31","727,31","Material","31/08/2026","5084","4710","Aprovado","Notas pendentes","","Não","5","Em planejamento","1787158868859x803791181193611400"
"35324255","19001","MEGA INFRA SOLUCOES EM INFRAESTRUTURA LTDA (Filial SP)","07.525.262/0004-61","4-IMPLANTAÇÃO_DE_REDE_INTERNA","","Nobreak - Equip - MEGA - SE","1","1.551,93","1.551,93","Material","31/08/2026","5084","4710","Aprovado","Notas pendentes","","Não","5","Em planejamento","1787158869000x668324460355891700"
"52103900","19001","MEGA INFRA SOLUCOES EM INFRAESTRUTURA LTDA (Filial SP)","07.525.262/0004-61","4-IMPLANTAÇÃO_DE_REDE_INTERNA","","Kit Cobertura Wi-Fi - 15 Access Points - Equip - MEGA - CO","1","25.330,63","25.330,63","Material","31/08/2026","5091","4669","Aprovado","Notas pendentes","","Não","5","Em planejamento","1787160485590x652286595332205200"
"52074072","19001","MEGA INFRA SOLUCOES EM INFRAESTRUTURA LTDA (Filial SP)","07.525.262/0004-61","4-IMPLANTAÇÃO_DE_REDE_INTERNA","","Kit Cobertura Wi-Fi - 13 Access Points - Equip - MEGA - CO","1","22.954,09","22.954,09","Material","31/08/2026","5091","4669","Aprovado","Notas pendentes","","Não","5","Conectada","1787160485758x426617174689406300"
"52091759","19001","MEGA INFRA SOLUCOES EM INFRAESTRUTURA LTDA (Filial SP)","07.525.262/0004-61","4-IMPLANTAÇÃO_DE_REDE_INTERNA","","Kit Cobertura Wi-Fi - 13 Access Points - Equip - MEGA - CO","1","22.954,09","22.954,09","Material","31/08/2026","5091","4669","Aprovado","Notas pendentes","","Não","5","Em planejamento","1787160485807x112304316641307580"
"52039714","19001","MEGA INFRA SOLUCOES EM INFRAESTRUTURA LTDA (Filial SP)","07.525.262/0004-61","4-IMPLANTAÇÃO_DE_REDE_INTERNA","","Kit Cobertura Wi-Fi - 12 Access Points - Equip - MEGA - CO","1","21.765,83","21.765,83","Material","31/08/2026","5091","4669","Aprovado","Notas pendentes","","Não","5","Em planejamento","1787160485843x607891129034011000"
"52108848","19001","MEGA INFRA SOLUCOES EM INFRAESTRUTURA LTDA (Filial SP)","07.525.262/0004-61","4-IMPLANTAÇÃO_DE_REDE_INTERNA","","Kit Cobertura Wi-Fi - 13 Access Points - Equip - MEGA - CO","1","22.954,09","22.954,09","Material","31/08/2026","5091","4669","Aprovado","Notas pendentes","","Não","5","Em planejamento","1787160485936x518468289936264500"
"52090680","19001","MEGA INFRA SOLUCOES EM INFRAESTRUTURA LTDA (Filial SP)","07.525.262/0004-61","4-IMPLANTAÇÃO_DE_REDE_INTERNA","","Kit Cobertura Wi-Fi - 12 Access Points - Equip - MEGA - CO","1","21.765,83","21.765,83","Material","31/08/2026","5091","4669","Aprovado","Notas pendentes","","Não","5","Conectada","1787160486005x609807321109407200"
"52103439","19001","MEGA INFRA SOLUCOES EM INFRAESTRUTURA LTDA (Filial SP)","07.525.262/0004-61","4-IMPLANTAÇÃO_DE_REDE_INTERNA","","Kit Cobertura Wi-Fi - 10 Access Points - Equip - MEGA - CO","1","19.389,29","19.389,29","Material","31/08/2026","5091","4669","Aprovado","Notas pendentes","","Não","5","Em planejamento","1787160486113x760940556607716100"
"52065170","19001","MEGA INFRA SOLUCOES EM INFRAESTRUTURA LTDA (Filial SP)","07.525.262/0004-61","4-IMPLANTAÇÃO_DE_REDE_INTERNA","","Kit Cobertura Wi-Fi - 11 Access Points - Equip - MEGA - CO","1","20.577,55","20.577,55","Material","31/08/2026","5091","4669","Aprovado","Notas pendentes","1318","Não","5","Conectada","1787160486090x896454444899740700"
"52065170","19001","MEGA INFRA SOLUCOES EM INFRAESTRUTURA LTDA (Filial SP)","07.525.262/0004-61","4-IMPLANTAÇÃO_DE_REDE_INTERNA","","Nobreak - Equip - MEGA - CO","1","1.491,72","1.491,72","Material","31/08/2026","5091","4669","Aprovado","Notas pendentes","","Não","5","Conectada","1787160486247x210956637587015100"
"52090680","19001","MEGA INFRA SOLUCOES EM INFRAESTRUTURA LTDA (Filial SP)","07.525.262/0004-61","4-IMPLANTAÇÃO_DE_REDE_INTERNA","","Nobreak - Equip - MEGA - CO","1","1.491,72","1.491,72","Material","31/08/2026","5091","4669","Aprovado","Notas pendentes","","Não","5","Conectada","1787160486298x754075163168929800"
"52074072","19001","MEGA INFRA SOLUCOES EM INFRAESTRUTURA LTDA (Filial SP)","07.525.262/0004-61","4-IMPLANTAÇÃO_DE_REDE_INTERNA","","Nobreak - Equip - MEGA - CO","1","1.491,72","1.491,72","Material","31/08/2026","5091","4669","Aprovado","Notas pendentes","","Não","5","Conectada","1787160486263x202040663428813440"
"52103439","19001","MEGA INFRA SOLUCOES EM INFRAESTRUTURA LTDA (Filial SP)","07.525.262/0004-61","4-IMPLANTAÇÃO_DE_REDE_INTERNA","","Nobreak - Equip - MEGA - CO","1","1.491,72","1.491,72","Material","31/08/2026","5091","4669","Aprovado","Notas pendentes","","Não","5","Em planejamento","1787160486319x574043358548693060"
"52103900","19001","MEGA INFRA SOLUCOES EM INFRAESTRUTURA LTDA (Filial SP)","07.525.262/0004-61","4-IMPLANTAÇÃO_DE_REDE_INTERNA","","Nobreak - Equip - MEGA - CO","1","1.491,72","1.491,72","Material","31/08/2026","5091","4669","Aprovado","Notas pendentes","","Não","5","Em planejamento","1787160486327x400429414645564700"
"52091759","19001","MEGA INFRA SOLUCOES EM INFRAESTRUTURA LTDA (Filial SP)","07.525.262/0004-61","4-IMPLANTAÇÃO_DE_REDE_INTERNA","","Nobreak - Equip - MEGA - CO","1","1.491,72","1.491,72","Material","31/08/2026","5091","4669","Aprovado","Notas pendentes","","Não","5","Em planejamento","1787160486326x198872448681051600"
"52039714","19001","MEGA INFRA SOLUCOES EM INFRAESTRUTURA LTDA (Filial SP)","07.525.262/0004-61","4-IMPLANTAÇÃO_DE_REDE_INTERNA","","Nobreak - Equip - MEGA - CO","1","1.491,72","1.491,72","Material","31/08/2026","5091","4669","Aprovado","Notas pendentes","","Não","5","Em planejamento","1787160486331x516964160620838140"
"52103900","19001","MEGA INFRA SOLUCOES EM INFRAESTRUTURA LTDA (Filial SP)","07.525.262/0004-61","4-IMPLANTAÇÃO_DE_REDE_INTERNA","","Access Point adicional Indoor - Equip - MEGA - CO","1","699,09","699,09","Material","31/08/2026","5091","4669","Aprovado","Notas pendentes","","Não","5","Em planejamento","1787160486674x393597197746729000"
"52108848","19001","MEGA INFRA SOLUCOES EM INFRAESTRUTURA LTDA (Filial SP)","07.525.262/0004-61","4-IMPLANTAÇÃO_DE_REDE_INTERNA","","Nobreak - Equip - MEGA - CO","1","1.491,72","1.491,72","Material","31/08/2026","5091","4669","Aprovado","Notas pendentes","","Não","5","Em planejamento","1787160486675x863084545444037900"
"52039412","19001","MEGA INFRA SOLUCOES EM INFRAESTRUTURA LTDA (Filial SP)","07.525.262/0004-61","4-IMPLANTAÇÃO_DE_REDE_INTERNA","","Kit Cobertura Wi-Fi - 15 Access Points - Equip - MEGA - CO","1","25.330,63","25.330,63","Material","31/08/2026","5094","4671","Aprovado","Nota Fiscal","","Não","5","Em planejamento","1787161848448x559385099859771140"
"52089037","19001","MEGA INFRA SOLUCOES EM INFRAESTRUTURA LTDA (Filial SP)","07.525.262/0004-61","4-IMPLANTAÇÃO_DE_REDE_INTERNA","","Kit Cobertura Wi-Fi - 7 Access Points - Equip - MEGA - CO","1","15.085,20","15.085,20","Material","31/08/2026","5094","4671","Aprovado","Nota Fiscal","","Não","5","Em implantação","1787161848469x783905524100193800"
"52039412","19001","MEGA INFRA SOLUCOES EM INFRAESTRUTURA LTDA (Filial SP)","07.525.262/0004-61","4-IMPLANTAÇÃO_DE_REDE_INTERNA","","Access Point adicional Indoor - Equip - MEGA - CO","9","699,09","6.291,81","Material","31/08/2026","5094","4671","Aprovado","Nota Fiscal","","Não","5","Em planejamento","1787161848661x629527839931286300"
"52076423","19001","MEGA INFRA SOLUCOES EM INFRAESTRUTURA LTDA (Filial SP)","07.525.262/0004-61","4-IMPLANTAÇÃO_DE_REDE_INTERNA","","Kit Cobertura Wi-Fi - 15 Access Points - Equip - MEGA - CO","1","25.330,63","25.330,63","Material","31/08/2026","5094","4671","Aprovado","Nota Fiscal","","Não","5","Em planejamento","1787161848789x841633124598130800"
"52050955","19001","MEGA INFRA SOLUCOES EM INFRAESTRUTURA LTDA (Filial SP)","07.525.262/0004-61","4-IMPLANTAÇÃO_DE_REDE_INTERNA","","Nobreak - Equip - MEGA - CO","1","1.491,72","1.491,72","Material","31/08/2026","5094","4671","Aprovado","Nota Fiscal","","Não","5","Em planejamento","1787161849138x186672770890087940"
"52076423","19001","MEGA INFRA SOLUCOES EM INFRAESTRUTURA LTDA (Filial SP)","07.525.262/0004-61","4-IMPLANTAÇÃO_DE_REDE_INTERNA","","Nobreak - Equip - MEGA - CO","1","1.491,72","1.491,72","Material","31/08/2026","5094","4671","Aprovado","Nota Fiscal","","Não","5","Em planejamento","1787161849247x377711604516143300"
"52050955","19001","MEGA INFRA SOLUCOES EM INFRAESTRUTURA LTDA (Filial SP)","07.525.262/0004-61","4-IMPLANTAÇÃO_DE_REDE_INTERNA","","Kit Cobertura Wi-Fi - 12 Access Points - Equip - MEGA - CO","1","21.765,83","21.765,83","Material","31/08/2026","5094","4671","Aprovado","Nota Fiscal","","Não","5","Em planejamento","1787161849309x412579676535884600"
"52039412","19001","MEGA INFRA SOLUCOES EM INFRAESTRUTURA LTDA (Filial SP)","07.525.262/0004-61","4-IMPLANTAÇÃO_DE_REDE_INTERNA","","Nobreak - Equip - MEGA - CO","1","1.491,72","1.491,72","Material","31/08/2026","5094","4671","Aprovado","Nota Fiscal","","Não","5","Em planejamento","1787161849458x399942999802655550"
"52089037","19001","MEGA INFRA SOLUCOES EM INFRAESTRUTURA LTDA (Filial SP)","07.525.262/0004-61","4-IMPLANTAÇÃO_DE_REDE_INTERNA","","Nobreak - Equip - MEGA - CO","1","1.491,72","1.491,72","Material","31/08/2026","5094","4671","Aprovado","Nota Fiscal","","Não","5","Em implantação","1787161849476x229667658317684900"
"53004094","19001","MEGA INFRA SOLUCOES EM INFRAESTRUTURA LTDA (Filial SP)","07.525.262/0004-61","4-IMPLANTAÇÃO_DE_REDE_INTERNA","","Kit Cobertura Wi-Fi - 14 Access Points - Equip - MEGA - CO","1","24.142,36","24.142,36","Material","31/08/2026","5100","4716","Aprovado","Nota Fiscal","","Não","5","Em planejamento","1787165506615x353705887000710850"
"53008952","19001","MEGA INFRA SOLUCOES EM INFRAESTRUTURA LTDA (Filial SP)","07.525.262/0004-61","4-IMPLANTAÇÃO_DE_REDE_INTERNA","","Kit Cobertura Wi-Fi - 15 Access Points - Equip - MEGA - CO","1","25.330,63","25.330,63","Material","31/08/2026","5100","4716","Aprovado","Nota Fiscal","","Não","5","Em planejamento","1787165506876x770623700462276900"
"53006062","19001","MEGA INFRA SOLUCOES EM INFRAESTRUTURA LTDA (Filial SP)","07.525.262/0004-61","4-IMPLANTAÇÃO_DE_REDE_INTERNA","","Kit Cobertura Wi-Fi - 15 Access Points - Equip - MEGA - CO","1","25.330,63","25.330,63","Material","31/08/2026","5100","4716","Aprovado","Nota Fiscal","","Não","5","Em planejamento","1787165507082x678878723467082400"
"53006062","19001","MEGA INFRA SOLUCOES EM INFRAESTRUTURA LTDA (Filial SP)","07.525.262/0004-61","4-IMPLANTAÇÃO_DE_REDE_INTERNA","","Access Point adicional Indoor - Equip - MEGA - CO","14","699,09","9.787,26","Material","31/08/2026","5100","4716","Aprovado","Nota Fiscal","","Não","5","Em planejamento","1787165507133x720906763977884500"
"53006062","19001","MEGA INFRA SOLUCOES EM INFRAESTRUTURA LTDA (Filial SP)","07.525.262/0004-61","4-IMPLANTAÇÃO_DE_REDE_INTERNA","","Nobreak - Equip - MEGA - CO","1","1.491,72","1.491,72","Material","31/08/2026","5100","4716","Aprovado","Nota Fiscal","","Não","5","Em planejamento","1787165507173x811574683418319700"
"53008952","19001","MEGA INFRA SOLUCOES EM INFRAESTRUTURA LTDA (Filial SP)","07.525.262/0004-61","4-IMPLANTAÇÃO_DE_REDE_INTERNA","","Access Point adicional Indoor - Equip - MEGA - CO","10","699,09","6.990,90","Material","31/08/2026","5100","4716","Aprovado","Nota Fiscal","","Não","5","Em planejamento","1787165507191x378158459932669060"
"53008952","19001","MEGA INFRA SOLUCOES EM INFRAESTRUTURA LTDA (Filial SP)","07.525.262/0004-61","4-IMPLANTAÇÃO_DE_REDE_INTERNA","","Nobreak - Equip - MEGA - CO","1","1.491,72","1.491,72","Material","31/08/2026","5100","4716","Aprovado","Nota Fiscal","","Não","5","Em planejamento","1787165507234x341664053903425900"
"53004094","19001","MEGA INFRA SOLUCOES EM INFRAESTRUTURA LTDA (Filial SP)","07.525.262/0004-61","4-IMPLANTAÇÃO_DE_REDE_INTERNA","","Nobreak - Equip - MEGA - CO","1","1.491,72","1.491,72","Material","31/08/2026","5100","4716","Aprovado","Nota Fiscal","","Não","5","Em planejamento","1787165507331x755448669433838500"
"35225897","19001","MEGA INFRA SOLUCOES EM INFRAESTRUTURA LTDA (Filial SP)","07.525.262/0004-61","4-IMPLANTAÇÃO_DE_REDE_INTERNA","","Kit Cobertura Wi-Fi - 14 Access Points - Equip - MEGA - SE","1","25.116,90","25.116,90","Material","31/08/2026","5108","4711","Aprovado","Nota Fiscal","","Não","5","Em planejamento","1787168298289x167579447529401900"
"35225897","19001","MEGA INFRA SOLUCOES EM INFRAESTRUTURA LTDA (Filial SP)","07.525.262/0004-61","4-IMPLANTAÇÃO_DE_REDE_INTERNA","","Nobreak - Equip - MEGA - SE","1","1.551,93","1.551,93","Material","31/08/2026","5108","4711","Aprovado","Nota Fiscal","","Não","5","Em planejamento","1787168298819x724653384977244800"
"52063526","19001","MEGA INFRA SOLUCOES EM INFRAESTRUTURA LTDA (Filial SP)","07.525.262/0004-61","4-IMPLANTAÇÃO_DE_REDE_INTERNA","","Kit Cobertura Wi-Fi - 12 Access Points - Equip - MEGA - CO","1","21.765,83","21.765,83","Material","31/08/2026","5109","4717","Aprovado","","1259","Não","5","Conectada","1787168725682x351726351716552960"
"52090280","19001","MEGA INFRA SOLUCOES EM INFRAESTRUTURA LTDA (Filial SP)","07.525.262/0004-61","4-IMPLANTAÇÃO_DE_REDE_INTERNA","","Nobreak - Equip - MEGA - CO","1","1.491,72","1.491,72","Material","31/08/2026","5109","4717","Aprovado","","1258","Não","5","Conectada","1787168725899x606476248156621000"
"52090280","19001","MEGA INFRA SOLUCOES EM INFRAESTRUTURA LTDA (Filial SP)","07.525.262/0004-61","4-IMPLANTAÇÃO_DE_REDE_INTERNA","","Kit Cobertura Wi-Fi - 15 Access Points - Equip - MEGA - CO","1","25.330,63","25.330,63","Material","31/08/2026","5109","4717","Aprovado","","1256","Não","5","Conectada","1787168726133x554931124610233540"
"52063526","19001","MEGA INFRA SOLUCOES EM INFRAESTRUTURA LTDA (Filial SP)","07.525.262/0004-61","4-IMPLANTAÇÃO_DE_REDE_INTERNA","","Nobreak - Equip - MEGA - CO","1","1.491,72","1.491,72","Material","31/08/2026","5109","4717","Aprovado","","1260","Não","5","Conectada","1787168726244x193909692445252350"
"53008421","19001","MEGA INFRA SOLUCOES EM INFRAESTRUTURA LTDA (Filial SP)","07.525.262/0004-61","4-IMPLANTAÇÃO_DE_REDE_INTERNA","","Access Point adicional Indoor - Equip - MEGA - CO","5","699,09","3.495,45","Material","31/08/2026","5110","4718","Aprovado","","1289","Não","5","Conectada","1787169358105x316147877891063550"
"53008421","19001","MEGA INFRA SOLUCOES EM INFRAESTRUTURA LTDA (Filial SP)","07.525.262/0004-61","4-IMPLANTAÇÃO_DE_REDE_INTERNA","","Nobreak - Equip - MEGA - CO","2","1.491,72","2.983,44","Material","31/08/2026","5110","4718","Aprovado","","1290","Não","5","Conectada","1787169358145x838175090092572800"
"53008421","19001","MEGA INFRA SOLUCOES EM INFRAESTRUTURA LTDA (Filial SP)","07.525.262/0004-61","4-IMPLANTAÇÃO_DE_REDE_INTERNA","","Kit Cobertura Wi-Fi - 15 Access Points - Equip - MEGA - CO","1","25.330,63","25.330,63","Material","31/08/2026","5110","4718","Aprovado","","1288","Não","5","Conectada","1787169358182x698650946070373400"
"50033433","19001","MEGA INFRA SOLUCOES EM INFRAESTRUTURA LTDA (Filial SP)","07.525.262/0004-61","4-IMPLANTAÇÃO_DE_REDE_INTERNA","","Kit Cobertura Wi-Fi - 8 Access Points - Equip - MEGA - CO","1","17.012,75","17.012,75","Material","31/08/2026","5111","4719","Aprovado","","1311","Não","5","Conectada","1787170793322x120876026944347620"
"52033481","19001","MEGA INFRA SOLUCOES EM INFRAESTRUTURA LTDA (Filial SP)","07.525.262/0004-61","4-IMPLANTAÇÃO_DE_REDE_INTERNA","","Access Point adicional Indoor - Equip - MEGA - CO","1","699,09","699,09","Material","31/08/2026","5112","4720","Aprovado","","1280","Não","5","Conectada","1787171128509x258417843590998960"
"53009649","19001","MEGA INFRA SOLUCOES EM INFRAESTRUTURA LTDA (Filial SP)","07.525.262/0004-61","4-IMPLANTAÇÃO_DE_REDE_INTERNA","","Nobreak - Equip - MEGA - CO","2","1.491,72","2.983,44","Material","31/08/2026","5117","4721","Aprovado","","1278","Não","5","Conectada","1787231081968x789301787403753300"
"35247297","19001","MEGA INFRA SOLUCOES EM INFRAESTRUTURA LTDA (Filial SP)","07.525.262/0004-61","4-IMPLANTAÇÃO_DE_REDE_INTERNA","","Kit Cobertura Wi-Fi - 2 Access Points - Equip - MEGA - SE","1","9.512,95","9.512,95","Material","31/08/2026","5126","4700","Aprovado","","1266","Não","5","Conectada","1787234196840x906600917283576000"
"35247297","19001","MEGA INFRA SOLUCOES EM INFRAESTRUTURA LTDA (Filial SP)","07.525.262/0004-61","4-IMPLANTAÇÃO_DE_REDE_INTERNA","","Nobreak - Equip - MEGA - SE","1","1.551,93","1.551,93","Material","31/08/2026","5126","4700","Aprovado","","1267","Não","5","Conectada","1787234196843x889207134497576400"
"35231150","19001","MEGA INFRA SOLUCOES EM INFRAESTRUTURA LTDA (Filial SP)","07.525.262/0004-61","4-IMPLANTAÇÃO_DE_REDE_INTERNA","","Nobreak - Equip - MEGA - SE","1","1.551,93","1.551,93","Material","31/08/2026","5127","4699","Aprovado","Notas pendentes","1291","Não","5","Conectada","1787236117135x152756309560225120"
"35009364","19001","MEGA INFRA SOLUCOES EM INFRAESTRUTURA LTDA (Filial SP)","07.525.262/0004-61","4-IMPLANTAÇÃO_DE_REDE_INTERNA","","Kit Cobertura Wi-Fi - 1 Access Point - Equip - MEGA - SE","1","8.276,72","8.276,72","Material","31/08/2026","5127","4699","Aprovado","Notas pendentes","1299","Não","5","Conectada","1787236117137x564469007710080000"
"35431849","19001","MEGA INFRA SOLUCOES EM INFRAESTRUTURA LTDA (Filial SP)","07.525.262/0004-61","4-IMPLANTAÇÃO_DE_REDE_INTERNA","","Access Point adicional Indoor - Equip - MEGA - SE","1","727,31","727,31","Material","31/08/2026","5127","4699","Aprovado","Notas pendentes","","Não","5","Conectada","1787236117441x336703327359051400"
"35431849","19001","MEGA INFRA SOLUCOES EM INFRAESTRUTURA LTDA (Filial SP)","07.525.262/0004-61","4-IMPLANTAÇÃO_DE_REDE_INTERNA","","Kit Cobertura Wi-Fi - 15 Access Points - Equip - MEGA - SE","1","26.353,13","26.353,13","Material","31/08/2026","5127","4699","Aprovado","Notas pendentes","","Não","5","Conectada","1787236117457x546616223423080700"
"35009364","19001","MEGA INFRA SOLUCOES EM INFRAESTRUTURA LTDA (Filial SP)","07.525.262/0004-61","4-IMPLANTAÇÃO_DE_REDE_INTERNA","","Nobreak - Equip - MEGA - SE","1","1.551,93","1.551,93","Material","31/08/2026","5127","4699","Aprovado","Notas pendentes","1300","Não","5","Conectada","1787236117541x293292233925281300"
"35070048","19001","MEGA INFRA SOLUCOES EM INFRAESTRUTURA LTDA (Filial SP)","07.525.262/0004-61","4-IMPLANTAÇÃO_DE_REDE_INTERNA","","Nobreak - Equip - MEGA - SE","1","1.551,93","1.551,93","Material","31/08/2026","5127","4699","Aprovado","Notas pendentes","1429","Não","5","Conectada","1787236117587x935113031920070300"
"35070048","19001","MEGA INFRA SOLUCOES EM INFRAESTRUTURA LTDA (Filial SP)","07.525.262/0004-61","4-IMPLANTAÇÃO_DE_REDE_INTERNA","","Kit Cobertura Wi-Fi - 15 Access Points - Equip - MEGA - SE","1","26.353,13","26.353,13","Material","31/08/2026","5127","4699","Aprovado","Notas pendentes","1427","Não","5","Conectada","1787236117616x589885136633596400"
"35431849","19001","MEGA INFRA SOLUCOES EM INFRAESTRUTURA LTDA (Filial SP)","07.525.262/0004-61","4-IMPLANTAÇÃO_DE_REDE_INTERNA","","Nobreak - Equip - MEGA - SE","1","1.551,93","1.551,93","Material","31/08/2026","5127","4699","Aprovado","Notas pendentes","","Não","5","Conectada","1787236117634x464299163382389440"
"35231150","19001","MEGA INFRA SOLUCOES EM INFRAESTRUTURA LTDA (Filial SP)","07.525.262/0004-61","4-IMPLANTAÇÃO_DE_REDE_INTERNA","","Kit Cobertura Wi-Fi - 2 Access Points - Equip - MEGA - SE","1","9.512,95","9.512,95","Material","31/08/2026","5127","4699","Aprovado","Notas pendentes","1293","Não","5","Conectada","1787236117685x860532352758265100"
"35400051","19001","MEGA INFRA SOLUCOES EM INFRAESTRUTURA LTDA (Filial SP)","07.525.262/0004-61","4-IMPLANTAÇÃO_DE_REDE_INTERNA","","Kit Cobertura Wi-Fi - 15 Access Points - Equip - MEGA - SE","1","26.353,13","26.353,13","Material","31/08/2026","5135","4698","Aprovado","","1306","Não","5","Conectada","1787254849903x691352543137629300"
"35400051","19001","MEGA INFRA SOLUCOES EM INFRAESTRUTURA LTDA (Filial SP)","07.525.262/0004-61","4-IMPLANTAÇÃO_DE_REDE_INTERNA","","Access Point adicional Indoor - Equip - MEGA - SE","2","727,31","1.454,62","Material","31/08/2026","5135","4698","Aprovado","","1305","Não","5","Conectada","1787254849949x686725431954363400"
"35070208","19001","MEGA INFRA SOLUCOES EM INFRAESTRUTURA LTDA (Filial SP)","07.525.262/0004-61","4-IMPLANTAÇÃO_DE_REDE_INTERNA","","Access Point adicional Indoor - Equip - MEGA - SE","1","727,31","727,31","Material","31/08/2026","5140","4696","Aprovado","","1283","Não","5","Conectada","1787313445375x611286470744865100"
"35070208","19001","MEGA INFRA SOLUCOES EM INFRAESTRUTURA LTDA (Filial SP)","07.525.262/0004-61","4-IMPLANTAÇÃO_DE_REDE_INTERNA","","Kit Cobertura Wi-Fi - 15 Access Points - Equip - MEGA - SE","1","26.353,13","26.353,13","Material","31/08/2026","5140","4696","Aprovado","","1284","Não","5","Conectada","1787313445435x406336080828041400"
"35417063","19001","MEGA INFRA SOLUCOES EM INFRAESTRUTURA LTDA (Filial SP)","07.525.262/0004-61","4-IMPLANTAÇÃO_DE_REDE_INTERNA","","Access Point adicional Indoor - Equip - MEGA - SE","1","727,31","727,31","Material","31/08/2026","5141","4697","Aprovado","","1254","Não","5","Conectada","1787313560450x274826491992966370"
"35417063","19001","MEGA INFRA SOLUCOES EM INFRAESTRUTURA LTDA (Filial SP)","07.525.262/0004-61","4-IMPLANTAÇÃO_DE_REDE_INTERNA","","Kit Cobertura Wi-Fi - 15 Access Points - Equip - MEGA - SE","1","26.353,13","26.353,13","Material","31/08/2026","5141","4697","Aprovado","","1252","Não","5","Conectada","1787313560734x172252629187911400"
"17026563","19001","MEGA INFRA SOLUCOES EM INFRAESTRUTURA LTDA (Filial SP)","07.525.262/0004-61","4-IMPLANTAÇÃO_DE_REDE_INTERNA","","Kit Cobertura Wi-Fi - 10 Access Points - Equip - MEGA - NO","1","19.389,29","19.389,29","Material","31/08/2026","5142","4722","Aprovado","","1309","Não","5","Conectada","1787313698379x983865829814222000"
"35207822","19001","MEGA INFRA SOLUCOES EM INFRAESTRUTURA LTDA (Filial SP)","07.525.262/0004-61","4-IMPLANTAÇÃO_DE_REDE_INTERNA","","Kit Cobertura Wi-Fi - 14 Access Points - Equip - MEGA - SE","1","25.116,90","25.116,90","Material","31/08/2026","5148","4738","Aprovado","","1350","Não","5","Conectada","1787320695919x587360500072857700"
"35090050","19001","MEGA INFRA SOLUCOES EM INFRAESTRUTURA LTDA (Filial SP)","07.525.262/0004-61","4-IMPLANTAÇÃO_DE_REDE_INTERNA","","Kit Cobertura Wi-Fi - 14 Access Points - Equip - MEGA - SE","1","25.116,90","25.116,90","Material","31/08/2026","5148","4738","Aprovado","","1342","Não","5","Conectada","1787320695916x382581300340459000"
"17010500","19001","MEGA INFRA SOLUCOES EM INFRAESTRUTURA LTDA (Filial SP)","07.525.262/0004-61","4-IMPLANTAÇÃO_DE_REDE_INTERNA","","Kit Cobertura Wi-Fi - 3 Access Points - Equip - MEGA - NO","1","10.332,12","10.332,12","Material","31/08/2026","5150","4723","Aprovado","Notas pendentes","1301","Não","5","Conectada","1787322180734x761509313714174200"
"17010500","19001","MEGA INFRA SOLUCOES EM INFRAESTRUTURA LTDA (Filial SP)","07.525.262/0004-61","4-IMPLANTAÇÃO_DE_REDE_INTERNA","","Nobreak - Equip - MEGA - NO","1","1.491,72","1.491,72","Material","31/08/2026","5150","4723","Aprovado","Notas pendentes","","Não","5","Conectada","1787322180817x204974945066773730"
"35436616","19001","MEGA INFRA SOLUCOES EM INFRAESTRUTURA LTDA (Filial SP)","07.525.262/0004-61","4-IMPLANTAÇÃO_DE_REDE_INTERNA","","Nobreak - Equip - MEGA - SE","1","1.551,93","1.551,93","Material","31/08/2026","5151","4739","Aprovado","","1331","Não","5","Conectada","1787323858848x590236258881792000"
"35436616","19001","MEGA INFRA SOLUCOES EM INFRAESTRUTURA LTDA (Filial SP)","07.525.262/0004-61","4-IMPLANTAÇÃO_DE_REDE_INTERNA","","Kit Cobertura Wi-Fi - 11 Access Points - Equip - MEGA - SE","1","21.408,19","21.408,19","Material","31/08/2026","5151","4739","Aprovado","","1329","Não","5","Conectada","1787323859216x263737752749340300"
"53005473","19001","MEGA INFRA SOLUCOES EM INFRAESTRUTURA LTDA (Filial SP)","07.525.262/0004-61","4-IMPLANTAÇÃO_DE_REDE_INTERNA","","Nobreak - Equip - MEGA - CO","3","1.491,72","4.475,16","Material","31/08/2026","5152","4735","Aprovado","","1372","Não","5","Conectada","1787330213423x150800962090855700"
"53005473","19001","MEGA INFRA SOLUCOES EM INFRAESTRUTURA LTDA (Filial SP)","07.525.262/0004-61","4-IMPLANTAÇÃO_DE_REDE_INTERNA","","Conversor de mídia Gigabit Ethernet (Par) - Equip - MEGA - CO","1","209,00","209,00","Material","31/08/2026","5152","4735","Aprovado","","1376","Não","5","Conectada","1787330213602x897878783725764000"
"53005473","19001","MEGA INFRA SOLUCOES EM INFRAESTRUTURA LTDA (Filial SP)","07.525.262/0004-61","4-IMPLANTAÇÃO_DE_REDE_INTERNA","","Kit Cobertura Wi-Fi - 15 Access Points - Equip - MEGA - CO","1","25.330,63","25.330,63","Material","31/08/2026","5152","4735","Aprovado","","1371","Não","5","Conectada","1787330213678x821210356653333100"
"53005473","19001","MEGA INFRA SOLUCOES EM INFRAESTRUTURA LTDA (Filial SP)","07.525.262/0004-61","4-IMPLANTAÇÃO_DE_REDE_INTERNA","","Access Point adicional Indoor - Equip - MEGA - CO","4","699,09","2.796,36","Material","31/08/2026","5152","4735","Aprovado","","1373","Não","5","Conectada","1787330213964x536360018079896800"
"53005473","19001","MEGA INFRA SOLUCOES EM INFRAESTRUTURA LTDA (Filial SP)","07.525.262/0004-61","4-IMPLANTAÇÃO_DE_REDE_INTERNA","","Rack 7U - Equip - MEGA - CO","2","1.150,93","2.301,86","Material","31/08/2026","5152","4735","Aprovado","","1377","Não","5","Conectada","1787330213996x278537625371611420"
"53005473","19001","MEGA INFRA SOLUCOES EM INFRAESTRUTURA LTDA (Filial SP)","07.525.262/0004-61","4-IMPLANTAÇÃO_DE_REDE_INTERNA","","Switch Gigabit 8 portas PoE+ - Equip - MEGA - CO","2","994,18","1.988,36","Material","31/08/2026","5152","4735","Aprovado","","1375","Não","5","Conectada","1787330214277x750183539498654200"
"35009298","19001","MEGA INFRA SOLUCOES EM INFRAESTRUTURA LTDA (Filial SP)","07.525.262/0004-61","4-IMPLANTAÇÃO_DE_REDE_INTERNA","","Kit Cobertura Wi-Fi - 7 Access Points - Equip - MEGA - SE","1","15.694,13","15.694,13","Material","31/08/2026","5153","4740","Aprovado","","1339","Não","5","Conectada","1787337459851x296780788744211800"
"52092143","19001","MEGA INFRA SOLUCOES EM INFRAESTRUTURA LTDA (Filial SP)","07.525.262/0004-61","4-IMPLANTAÇÃO_DE_REDE_INTERNA","","Kit Cobertura Wi-Fi - 15 Access Points - Equip - MEGA - CO","1","25.330,63","25.330,63","Material","31/08/2026","5154","4736","Aprovado","","1325","Não","5","Conectada","1787337680078x496938547363021250"
"52051170","19001","MEGA INFRA SOLUCOES EM INFRAESTRUTURA LTDA (Filial SP)","07.525.262/0004-61","4-IMPLANTAÇÃO_DE_REDE_INTERNA","","Access Point adicional Indoor - Equip - MEGA - CO","4","699,09","2.796,36","Material","31/08/2026","5154","4736","Aprovado","","1334","Não","5","Conectada","1787337680130x105565266219582290"
"52076555","19001","MEGA INFRA SOLUCOES EM INFRAESTRUTURA LTDA (Filial SP)","07.525.262/0004-61","4-IMPLANTAÇÃO_DE_REDE_INTERNA","","Nobreak - Equip - MEGA - CO","1","1.491,72","1.491,72","Material","31/08/2026","5154","4736","Aprovado","","1327","Não","5","Conectada","1787337680163x356975053523609600"
"52092143","19001","MEGA INFRA SOLUCOES EM INFRAESTRUTURA LTDA (Filial SP)","07.525.262/0004-61","4-IMPLANTAÇÃO_DE_REDE_INTERNA","","Nobreak - Equip - MEGA - CO","1","1.491,72","1.491,72","Material","31/08/2026","5154","4736","Aprovado","","1326","Não","5","Conectada","1787337680265x834087939389211800"
"52076555","19001","MEGA INFRA SOLUCOES EM INFRAESTRUTURA LTDA (Filial SP)","07.525.262/0004-61","4-IMPLANTAÇÃO_DE_REDE_INTERNA","","Kit Cobertura Wi-Fi - 7 Access Points - Equip - MEGA - CO","1","15.085,20","15.085,20","Material","31/08/2026","5154","4736","Aprovado","","1324","Não","5","Conectada","1787337685175x211691160951852350"
"53012720","19001","MEGA INFRA SOLUCOES EM INFRAESTRUTURA LTDA (Filial SP)","07.525.262/0004-61","4-IMPLANTAÇÃO_DE_REDE_INTERNA","","Nobreak - Equip - MEGA - CO","1","1.491,72","1.491,72","Material","31/08/2026","5155","4737","Aprovado","Notas pendentes","","Não","5","Conectada","1787337807229x727817960161025800"
"53012720","19001","MEGA INFRA SOLUCOES EM INFRAESTRUTURA LTDA (Filial SP)","07.525.262/0004-61","4-IMPLANTAÇÃO_DE_REDE_INTERNA","","Kit Cobertura Wi-Fi - 15 Access Points - Equip - MEGA - CO","1","25.330,63","25.330,63","Material","31/08/2026","5155","4737","Aprovado","Notas pendentes","","Não","5","Conectada","1787337807250x294213497647206850"
"53008464","19001","MEGA INFRA SOLUCOES EM INFRAESTRUTURA LTDA (Filial SP)","07.525.262/0004-61","4-IMPLANTAÇÃO_DE_REDE_INTERNA","","Access Point adicional Indoor - Equip - MEGA - CO","8","699,09","5.592,72","Material","31/08/2026","5155","4737","Aprovado","Notas pendentes","1363","Não","5","Conectada","1787337807260x225125577748871650"
"35286060","19001","MEGA INFRA SOLUCOES EM INFRAESTRUTURA LTDA (Filial SP)","07.525.262/0004-61","4-IMPLANTAÇÃO_DE_REDE_INTERNA","","Kit Cobertura Wi-Fi - 3 Access Points - Equip - MEGA - SE","1","10.749,19","10.749,19","Material","31/08/2026","5158","4741","Aprovado","","1369","Não","5","Conectada","1787573031847x655335279600708900"
"35286060","19001","MEGA INFRA SOLUCOES EM INFRAESTRUTURA LTDA (Filial SP)","07.525.262/0004-61","4-IMPLANTAÇÃO_DE_REDE_INTERNA","","Nobreak - Equip - MEGA - SE","1","1.551,93","1.551,93","Material","31/08/2026","5158","4741","Aprovado","","1370","Não","5","Conectada","1787573032239x941992779590038300"
"35076661","19001","MEGA INFRA SOLUCOES EM INFRAESTRUTURA LTDA (Filial SP)","07.525.262/0004-61","4-IMPLANTAÇÃO_DE_REDE_INTERNA","","Kit Cobertura Wi-Fi - 4 Access Points - Equip - MEGA - SE","1","11.985,42","11.985,42","Material","31/08/2026","5158","4741","Aprovado","","1347","Não","5","Conectada","1787573032642x957242595487184100"
"35238168","19001","MEGA INFRA SOLUCOES EM INFRAESTRUTURA LTDA (Filial SP)","07.525.262/0004-61","4-IMPLANTAÇÃO_DE_REDE_INTERNA","","Kit Cobertura Wi-Fi - 3 Access Points - Equip - MEGA - SE","1","2.472,47","2.472,47","Material","31/08/2026","5161","4742","Aprovado","","1145","Não","5","Conectada","1787575693435x857410148726029700"
"52049205","19001","MEGA INFRA SOLUCOES EM INFRAESTRUTURA LTDA (Filial SP)","07.525.262/0004-61","4-IMPLANTAÇÃO_DE_REDE_INTERNA","","Kit Cobertura Wi-Fi - 6 Access Points - Equip - MEGA - CO","1","13.896,92","13.896,92","Material","31/08/2026","5162","4732","Aprovado","","1322","Não","5","Conectada","1787579027742x350193180632417660"
"52049205","19001","MEGA INFRA SOLUCOES EM INFRAESTRUTURA LTDA (Filial SP)","07.525.262/0004-61","4-IMPLANTAÇÃO_DE_REDE_INTERNA","","Nobreak - Equip - MEGA - CO","1","1.491,72","1.491,72","Material","31/08/2026","5162","4732","Aprovado","","1323","Não","5","Conectada","1787579029272x522599504222078800"
"35010356","19001","MEGA INFRA SOLUCOES EM INFRAESTRUTURA LTDA (Filial SP)","07.525.262/0004-61","4-IMPLANTAÇÃO_DE_REDE_INTERNA","","Nobreak - Equip - MEGA - SE","1","1.551,93","1.551,93","Material","31/08/2026","5166","4743","Aprovado","","1340","Não","5","Conectada","1787591630447x690400486899457200"
"35010356","19001","MEGA INFRA SOLUCOES EM INFRAESTRUTURA LTDA (Filial SP)","07.525.262/0004-61","4-IMPLANTAÇÃO_DE_REDE_INTERNA","","Kit Cobertura Wi-Fi - 2 Access Points - Equip - MEGA - SE","1","9.512,95","9.512,95","Material","31/08/2026","5166","4743","Aprovado","","1338","Não","5","Conectada","1787591630874x380827523356267260"
"17001374","19001","MEGA INFRA SOLUCOES EM INFRAESTRUTURA LTDA (Filial SP)","07.525.262/0004-61","4-IMPLANTAÇÃO_DE_REDE_INTERNA","","Kit Cobertura Wi-Fi - 5 Access Points - Equip - MEGA - NO","1","12.708,66","12.708,66","Material","31/08/2026","5167","4758","Aprovado","","1403","Não","5","Conectada","1787591840061x712143647942902000"
"17001374","19001","MEGA INFRA SOLUCOES EM INFRAESTRUTURA LTDA (Filial SP)","07.525.262/0004-61","4-IMPLANTAÇÃO_DE_REDE_INTERNA","","Nobreak - Equip - MEGA - NO","1","1.491,72","1.491,72","Material","31/08/2026","5167","4758","Aprovado","","1404","Não","5","Conectada","1787591840082x270819145120819070"
"17039720","19001","MEGA INFRA SOLUCOES EM INFRAESTRUTURA LTDA (Filial SP)","07.525.262/0004-61","4-IMPLANTAÇÃO_DE_REDE_INTERNA","","Kit Cobertura Wi-Fi - 2 Access Points - Equip - MEGA - NO","1","9.143,85","9.143,85","Material","31/08/2026","5167","4758","Aprovado","","1405","Não","5","Conectada","1787591840173x201904620036024160"
"17039720","19001","MEGA INFRA SOLUCOES EM INFRAESTRUTURA LTDA (Filial SP)","07.525.262/0004-61","4-IMPLANTAÇÃO_DE_REDE_INTERNA","","Nobreak - Equip - MEGA - NO","1","1.491,72","1.491,72","Material","31/08/2026","5167","4758","Aprovado","","1400","Não","5","Conectada","1787591840236x729287988398595800"
"35275906","19001","MEGA INFRA SOLUCOES EM INFRAESTRUTURA LTDA (Filial SP)","07.525.262/0004-61","4-IMPLANTAÇÃO_DE_REDE_INTERNA","","Kit Cobertura Wi-Fi - 10 Access Points - Equip - MEGA - SE","1","20.171,96","20.171,96","Material","31/08/2026","5178","4744","Aprovado","","1328","Não","5","Conectada","1787678181864x288346541439670200"
"35230406","19001","MEGA INFRA SOLUCOES EM INFRAESTRUTURA LTDA (Filial SP)","07.525.262/0004-61","4-IMPLANTAÇÃO_DE_REDE_INTERNA","","Kit Cobertura Wi-Fi - 9 Access Points - Equip - MEGA - SE","1","18.935,73","18.935,73","Material","31/08/2026","5178","4744","Aprovado","","1345","Não","5","Conectada","1787678181885x887822591965877800"
"35440115","19001","MEGA INFRA SOLUCOES EM INFRAESTRUTURA LTDA (Filial SP)","07.525.262/0004-61","4-IMPLANTAÇÃO_DE_REDE_INTERNA","","Kit Cobertura Wi-Fi - 11 Access Points - Equip - MEGA - SE","1","21.408,19","21.408,19","Material","31/08/2026","5178","4744","Aprovado","","1355","Não","5","Conectada","1787678182055x885913854649181200"
"35230406","19001","MEGA INFRA SOLUCOES EM INFRAESTRUTURA LTDA (Filial SP)","07.525.262/0004-61","4-IMPLANTAÇÃO_DE_REDE_INTERNA","","Nobreak - Equip - MEGA - SE","1","1.551,93","1.551,93","Material","31/08/2026","5178","4744","Aprovado","","1349","Não","5","Conectada","1787678182145x253392429413684450"
"17056977","19001","MEGA INFRA SOLUCOES EM INFRAESTRUTURA LTDA (Filial SP)","07.525.262/0004-61","4-IMPLANTAÇÃO_DE_REDE_INTERNA","","Kit Cobertura Wi-Fi - 6 Access Points - Equip - MEGA - NO","1","13.896,92","13.896,92","Material","31/08/2026","5179","4759","Aprovado","Notas pendentes","1411","Não","5","Conectada","1787678431991x944422344273565600"
"17046327","19001","MEGA INFRA SOLUCOES EM INFRAESTRUTURA LTDA (Filial SP)","07.525.262/0004-61","4-IMPLANTAÇÃO_DE_REDE_INTERNA","","Kit Cobertura Wi-Fi - 2 Access Points - Equip - MEGA - NO","1","9.143,85","9.143,85","Material","31/08/2026","5179","4759","Aprovado","Notas pendentes","1407","Não","5","Conectada","1787678432180x748852139299359900"
"17046327","19001","MEGA INFRA SOLUCOES EM INFRAESTRUTURA LTDA (Filial SP)","07.525.262/0004-61","4-IMPLANTAÇÃO_DE_REDE_INTERNA","","Nobreak - Equip - MEGA - NO","1","1.491,72","1.491,72","Material","31/08/2026","5179","4759","Aprovado","Notas pendentes","","Não","5","Conectada","1787678432397x145051509036686620"
"52031020","19001","MEGA INFRA SOLUCOES EM INFRAESTRUTURA LTDA (Filial SP)","07.525.262/0004-61","4-IMPLANTAÇÃO_DE_REDE_INTERNA","","Kit Cobertura Wi-Fi - 15 Access Points - Equip - MEGA - CO","1","25.330,63","25.330,63","Material","31/08/2026","5180","4762","Aprovado","","1412","Não","5","Conectada","1787678498856x398901519285457900"
"35241994","19001","MEGA INFRA SOLUCOES EM INFRAESTRUTURA LTDA (Filial SP)","07.525.262/0004-61","4-IMPLANTAÇÃO_DE_REDE_INTERNA","","Rack 7U - Equip - MEGA - SE","1","1.197,39","1.197,39","Material","31/08/2026","5182","4745","Aprovado","","1465","Não","5","Conectada","1787681201012x732900907376516200"
"35241994","19001","MEGA INFRA SOLUCOES EM INFRAESTRUTURA LTDA (Filial SP)","07.525.262/0004-61","4-IMPLANTAÇÃO_DE_REDE_INTERNA","","Conversor de mídia Gigabit Ethernet (Par) - Equip - MEGA - SE","1","217,44","217,44","Material","31/08/2026","5182","4745","Aprovado","","1466","Não","5","Conectada","1787681201155x666752137132079900"
"35241994","19001","MEGA INFRA SOLUCOES EM INFRAESTRUTURA LTDA (Filial SP)","07.525.262/0004-61","4-IMPLANTAÇÃO_DE_REDE_INTERNA","","Switch Gigabit 8 portas PoE+ - Equip - MEGA - SE","1","1.034,31","1.034,31","Material","31/08/2026","5182","4745","Aprovado","","1467","Não","5","Conectada","1787681201709x150658583760765920"
"52103064","19001","MEGA INFRA SOLUCOES EM INFRAESTRUTURA LTDA (Filial SP)","07.525.262/0004-61","4-IMPLANTAÇÃO_DE_REDE_INTERNA","","Kit Cobertura Wi-Fi - 10 Access Points - Equip - MEGA - CO","1","19.389,29","19.389,29","Material","31/08/2026","5184","4764","Aprovado","Nota Fiscal","","Não","5","Conectada","1787742904492x291289557335981250"
"17003580","19001","MEGA INFRA SOLUCOES EM INFRAESTRUTURA LTDA (Filial SP)","07.525.262/0004-61","4-IMPLANTAÇÃO_DE_REDE_INTERNA","","Kit Cobertura Wi-Fi - 3 Access Points - Equip - MEGA - NO","1","10.332,12","10.332,12","Material","31/08/2026","5185","4760","Aprovado","Nota Fiscal","","Não","5","Conectada","1787743992200x600498860873811000"
"35216324","19001","MEGA INFRA SOLUCOES EM INFRAESTRUTURA LTDA (Filial SP)","07.525.262/0004-61","4-IMPLANTAÇÃO_DE_REDE_INTERNA","","Access Point adicional Indoor - Equip - MEGA - SE","7","727,31","5.091,17","Material","31/08/2026","5190","4773","Aprovado","Notas pendentes","","Não","5","Conectada","1787747639702x425884446058589600"
"35216324","19001","MEGA INFRA SOLUCOES EM INFRAESTRUTURA LTDA (Filial SP)","07.525.262/0004-61","4-IMPLANTAÇÃO_DE_REDE_INTERNA","","Kit Cobertura Wi-Fi - 15 Access Points - Equip - MEGA - SE","1","26.353,13","26.353,13","Material","31/08/2026","5190","4773","Aprovado","Notas pendentes","","Não","5","Conectada","1787747639740x487503291031974800"
"35222148","19001","MEGA INFRA SOLUCOES EM INFRAESTRUTURA LTDA (Filial SP)","07.525.262/0004-61","4-IMPLANTAÇÃO_DE_REDE_INTERNA","","Kit Cobertura Wi-Fi - 14 Access Points - Equip - MEGA - SE","1","25.116,90","25.116,90","Material","31/08/2026","5190","4773","Aprovado","Notas pendentes","1468","Não","5","Conectada","1787747640130x345755843194440060"
"35056819","19001","MEGA INFRA SOLUCOES EM INFRAESTRUTURA LTDA (Filial SP)","07.525.262/0004-61","4-IMPLANTAÇÃO_DE_REDE_INTERNA","","Kit Cobertura Wi-Fi - 15 Access Points - Equip - MEGA - SE","1","26.353,13","26.353,13","Material","31/08/2026","5190","4773","Aprovado","Notas pendentes","1456","Não","5","Conectada","1787747640204x820618511075257500"
"35056819","19001","MEGA INFRA SOLUCOES EM INFRAESTRUTURA LTDA (Filial SP)","07.525.262/0004-61","4-IMPLANTAÇÃO_DE_REDE_INTERNA","","Nobreak - Equip - MEGA - SE","2","1.551,93","3.103,86","Material","31/08/2026","5190","4773","Aprovado","Notas pendentes","1459","Não","5","Conectada","1787747640194x645398044689924700"
"35056819","19001","MEGA INFRA SOLUCOES EM INFRAESTRUTURA LTDA (Filial SP)","07.525.262/0004-61","4-IMPLANTAÇÃO_DE_REDE_INTERNA","","Access Point adicional Indoor - Equip - MEGA - SE","3","727,31","2.181,93","Material","31/08/2026","5190","4773","Aprovado","Notas pendentes","1460","Não","5","Conectada","1787747640215x762223837703801300"
"35056819","19001","MEGA INFRA SOLUCOES EM INFRAESTRUTURA LTDA (Filial SP)","07.525.262/0004-61","4-IMPLANTAÇÃO_DE_REDE_INTERNA","","Switch Gigabit 16 portas PoE+ - Equip - MEGA - SE","1","1.803,44","1.803,44","Material","31/08/2026","5190","4773","Aprovado","Notas pendentes","1462","Não","5","Conectada","1787747640507x143057300748490770"
"35222148","19001","MEGA INFRA SOLUCOES EM INFRAESTRUTURA LTDA (Filial SP)","07.525.262/0004-61","4-IMPLANTAÇÃO_DE_REDE_INTERNA","","Nobreak - Equip - MEGA - SE","1","1.551,93","1.551,93","Material","31/08/2026","5190","4773","Aprovado","Notas pendentes","1469","Não","5","Conectada","1787747640788x108040696917276910"
"35056819","19001","MEGA INFRA SOLUCOES EM INFRAESTRUTURA LTDA (Filial SP)","07.525.262/0004-61","4-IMPLANTAÇÃO_DE_REDE_INTERNA","","Rack 7U - Equip - MEGA - SE","1","1.197,39","1.197,39","Material","31/08/2026","5190","4773","Aprovado","Notas pendentes","1461","Não","5","Conectada","1787747640872x286998072636962980"
"35056819","19001","MEGA INFRA SOLUCOES EM INFRAESTRUTURA LTDA (Filial SP)","07.525.262/0004-61","4-IMPLANTAÇÃO_DE_REDE_INTERNA","","Conversor de mídia Gigabit Ethernet (Par) - Equip - MEGA - SE","1","217,44","217,44","Material","31/08/2026","5190","4773","Aprovado","Notas pendentes","1463","Não","5","Conectada","1787747641643x730771297953685100"
"52049663","19001","MEGA INFRA SOLUCOES EM INFRAESTRUTURA LTDA (Filial SP)","07.525.262/0004-61","4-IMPLANTAÇÃO_DE_REDE_INTERNA","","Nobreak - Equip - MEGA - CO","1","1.491,72","1.491,72","Material","31/08/2026","5191","4765","Aprovado","","1417","Não","5","Conectada","1787747776818x743909325497120800"
"52040771","19001","MEGA INFRA SOLUCOES EM INFRAESTRUTURA LTDA (Filial SP)","07.525.262/0004-61","4-IMPLANTAÇÃO_DE_REDE_INTERNA","","Kit Cobertura Wi-Fi - 4 Access Points - Equip - MEGA - CO","1","11.520,39","11.520,39","Material","31/08/2026","5191","4765","Aprovado","","1397","Não","5","Conectada","1787747776966x455480340406238850"
"52049663","19001","MEGA INFRA SOLUCOES EM INFRAESTRUTURA LTDA (Filial SP)","07.525.262/0004-61","4-IMPLANTAÇÃO_DE_REDE_INTERNA","","Kit Cobertura Wi-Fi - 6 Access Points - Equip - MEGA - CO","1","13.896,92","13.896,92","Material","31/08/2026","5191","4765","Aprovado","","1416","Não","5","Conectada","1787747776971x193469264468975040"
"52040771","19001","MEGA INFRA SOLUCOES EM INFRAESTRUTURA LTDA (Filial SP)","07.525.262/0004-61","4-IMPLANTAÇÃO_DE_REDE_INTERNA","","Nobreak - Equip - MEGA - CO","1","1.491,72","1.491,72","Material","31/08/2026","5191","4765","Aprovado","","1398","Não","5","Conectada","1787747777185x392931184641812860"
"35244673","19001","MEGA INFRA SOLUCOES EM INFRAESTRUTURA LTDA (Filial SP)","07.525.262/0004-61","4-IMPLANTAÇÃO_DE_REDE_INTERNA","","Kit Cobertura Wi-Fi - 15 Access Points - Equip - MEGA - SE","1","26.353,13","26.353,13","Material","31/08/2026","5203","4774","Aprovado","","1439","Não","5","Conectada","1787763847214x683284028871335600"
"35270441","19001","MEGA INFRA SOLUCOES EM INFRAESTRUTURA LTDA (Filial SP)","07.525.262/0004-61","4-IMPLANTAÇÃO_DE_REDE_INTERNA","","Kit Cobertura Wi-Fi - 11 Access Points - Equip - MEGA - SE","1","21.408,19","21.408,19","Material","31/08/2026","5203","4774","Aprovado","","1426","Não","5","Conectada","1787763847268x980537305308223000"
"35080792","19001","MEGA INFRA SOLUCOES EM INFRAESTRUTURA LTDA (Filial SP)","07.525.262/0004-61","4-IMPLANTAÇÃO_DE_REDE_INTERNA","","Kit Cobertura Wi-Fi - 10 Access Points - Equip - MEGA - SE","1","20.171,96","20.171,96","Material","31/08/2026","5203","4774","Aprovado","","1453","Não","5","Conectada","1787763847311x916953715421132000"
"53007077","19001","MEGA INFRA SOLUCOES EM INFRAESTRUTURA LTDA (Filial SP)","07.525.262/0004-61","4-IMPLANTAÇÃO_DE_REDE_INTERNA","","Switch Gigabit 8 portas PoE+ - Equip - MEGA - CO","2","994,18","1.988,36","Material","31/08/2026","5229","4766","Aprovado","Nota Fiscal","","Não","5","Conectada","1787773823365x814515772367580900"
"53007077","19001","MEGA INFRA SOLUCOES EM INFRAESTRUTURA LTDA (Filial SP)","07.525.262/0004-61","4-IMPLANTAÇÃO_DE_REDE_INTERNA","","Rack 7U - Equip - MEGA - CO","1","1.150,93","1.150,93","Material","31/08/2026","5229","4766","Aprovado","Nota Fiscal","","Não","5","Conectada","1787773823382x957965877896781700"
"53002474","19001","MEGA INFRA SOLUCOES EM INFRAESTRUTURA LTDA (Filial SP)","07.525.262/0004-61","4-IMPLANTAÇÃO_DE_REDE_INTERNA","","Rack 7U - Equip - MEGA - CO","1","1.150,93","1.150,93","Material","31/08/2026","5230","4767","Aprovado","Nota Fiscal","","Não","5","Conectada","1787774337431x978228843654949500"
"53002474","19001","MEGA INFRA SOLUCOES EM INFRAESTRUTURA LTDA (Filial SP)","07.525.262/0004-61","4-IMPLANTAÇÃO_DE_REDE_INTERNA","","Switch Gigabit 16 portas PoE+ - Equip - MEGA - CO","1","1.733,47","1.733,47","Material","31/08/2026","5230","4767","Aprovado","Nota Fiscal","","Não","5","Conectada","1787774337433x103148806063001470"
"53007492","19001","MEGA INFRA SOLUCOES EM INFRAESTRUTURA LTDA (Filial SP)","07.525.262/0004-61","4-IMPLANTAÇÃO_DE_REDE_INTERNA","","Switch Gigabit 16 portas PoE+ - Equip - MEGA - CO","1","1.733,47","1.733,47","Material","31/08/2026","5232","4768","Aprovado","Nota Fiscal","","Não","5","Conectada","1787777304283x382630157558973000"
"53007492","19001","MEGA INFRA SOLUCOES EM INFRAESTRUTURA LTDA (Filial SP)","07.525.262/0004-61","4-IMPLANTAÇÃO_DE_REDE_INTERNA","","Rack 7U - Equip - MEGA - CO","1","1.150,93","1.150,93","Material","31/08/2026","5232","4768","Aprovado","Nota Fiscal","","Não","5","Conectada","1787777304523x372960496931593150"
"35499006","19001","MEGA INFRA SOLUCOES EM INFRAESTRUTURA LTDA (Filial SP)","07.525.262/0004-61","4-IMPLANTAÇÃO_DE_REDE_INTERNA","","Kit Cobertura Wi-Fi - 1 Access Point - Equip - MEGA - SE","1","8.276,72","8.276,72","Material","31/08/2026","5233","4775","Aprovado","","1430","Não","5","Conectada","1787830035215x141188106834065460"
"35499006","19001","MEGA INFRA SOLUCOES EM INFRAESTRUTURA LTDA (Filial SP)","07.525.262/0004-61","4-IMPLANTAÇÃO_DE_REDE_INTERNA","","Nobreak - Equip - MEGA - SE","1","1.551,93","1.551,93","Material","31/08/2026","5233","4775","Aprovado","","1432","Não","5","Conectada","1787830035259x387059979500159700"
"35243361","19001","MEGA INFRA SOLUCOES EM INFRAESTRUTURA LTDA (Filial SP)","07.525.262/0004-61","4-IMPLANTAÇÃO_DE_REDE_INTERNA","","Nobreak - Equip - MEGA - SE","1","1.551,93","1.551,93","Material","31/08/2026","5233","4775","Aprovado","","1448","Não","5","Conectada","1787830035304x688516434721193200"
"35243361","19001","MEGA INFRA SOLUCOES EM INFRAESTRUTURA LTDA (Filial SP)","07.525.262/0004-61","4-IMPLANTAÇÃO_DE_REDE_INTERNA","","Kit Cobertura Wi-Fi - 1 Access Point - Equip - MEGA - SE","1","8.276,72","8.276,72","Material","31/08/2026","5233","4775","Aprovado","","1447","Não","5","Conectada","1787830035371x202871433972551040"
"35241994","19001","MEGA INFRA SOLUCOES EM INFRAESTRUTURA LTDA (Filial SP)","07.525.262/0004-61","4-IMPLANTAÇÃO_DE_REDE_INTERNA","","Nobreak - Equip - MEGA - SE","2","1.551,93","3.103,86","Material","31/08/2026","5234","4776","Aprovado","Nota Fiscal","","Não","5","Conectada","1787830138202x948060081287466000"
"35431643","19001","MEGA INFRA SOLUCOES EM INFRAESTRUTURA LTDA (Filial SP)","07.525.262/0004-61","4-IMPLANTAÇÃO_DE_REDE_INTERNA","","Rack 7U - Equip - MEGA - SE","1","1.197,39","1.197,39","Material","31/08/2026","5236","4777","Aprovado","Nota Fiscal","","Não","5","Conectada","1787830306407x797950091459273900"
"35431643","19001","MEGA INFRA SOLUCOES EM INFRAESTRUTURA LTDA (Filial SP)","07.525.262/0004-61","4-IMPLANTAÇÃO_DE_REDE_INTERNA","","Switch Gigabit 16 portas PoE+ - Equip - MEGA - SE","1","1.803,44","1.803,44","Material","31/08/2026","5236","4777","Aprovado","Nota Fiscal","","Não","5","Conectada","1787830306568x195244369818446500"
"35431643","19001","MEGA INFRA SOLUCOES EM INFRAESTRUTURA LTDA (Filial SP)","07.525.262/0004-61","4-IMPLANTAÇÃO_DE_REDE_INTERNA","","Nobreak - Equip - MEGA - SE","2","775,97","1.551,93","Material","31/08/2026","5236","4777","Aprovado","Nota Fiscal","","Não","5","Conectada","1787830306571x176712606882768030"
"52069311","19001","MEGA INFRA SOLUCOES EM INFRAESTRUTURA LTDA (Filial SP)","07.525.262/0004-61","4-IMPLANTAÇÃO_DE_REDE_INTERNA","","Nobreak - Equip - MEGA - CO","1","1.491,72","1.491,72","Material","31/08/2026","5263","4769","Aprovado","","1419","Não","5","Conectada","1787849520111x453079452687318700"
"52069311","19001","MEGA INFRA SOLUCOES EM INFRAESTRUTURA LTDA (Filial SP)","07.525.262/0004-61","4-IMPLANTAÇÃO_DE_REDE_INTERNA","","Kit Cobertura Wi-Fi - 6 Access Points - Equip - MEGA - CO","1","13.896,92","13.896,92","Material","31/08/2026","5263","4769","Aprovado","","1418","Não","5","Conectada","1787849520348x658397768058962600"
"53009649","19001","MEGA INFRA SOLUCOES EM INFRAESTRUTURA LTDA (Filial SP)","07.525.262/0004-61","4-IMPLANTAÇÃO_DE_REDE_INTERNA","","Switch Gigabit 8 portas PoE+ - Equip - MEGA - CO","1","994,18","994,18","Material","31/08/2026","5266","4770","Aprovado","Nota Fiscal","","Não","5","Conectada","1787854076850x481059604892531800"
"53009649","19001","MEGA INFRA SOLUCOES EM INFRAESTRUTURA LTDA (Filial SP)","07.525.262/0004-61","4-IMPLANTAÇÃO_DE_REDE_INTERNA","","Rack 7U - Equip - MEGA - CO","1","1.150,93","1.150,93","Material","31/08/2026","5266","4770","Aprovado","Nota Fiscal","","Não","5","Conectada","1787854077023x986765274468996400"
"53008421","19001","MEGA INFRA SOLUCOES EM INFRAESTRUTURA LTDA (Filial SP)","07.525.262/0004-61","4-IMPLANTAÇÃO_DE_REDE_INTERNA","","Switch Gigabit 8 portas PoE+ - Equip - MEGA - CO","1","994,18","994,18","Material","31/08/2026","5275","4771","Aprovado","Nota Fiscal","","Não","5","Conectada","1787855599642x197718408163582100"
"53008421","19001","MEGA INFRA SOLUCOES EM INFRAESTRUTURA LTDA (Filial SP)","07.525.262/0004-61","4-IMPLANTAÇÃO_DE_REDE_INTERNA","","Conversor de mídia Gigabit Ethernet (Par) - Equip - MEGA - CO","1","209,00","209,00","Material","31/08/2026","5275","4771","Aprovado","Nota Fiscal","","Não","5","Conectada","1787855599733x442082667788548740"
"53008421","19001","MEGA INFRA SOLUCOES EM INFRAESTRUTURA LTDA (Filial SP)","07.525.262/0004-61","4-IMPLANTAÇÃO_DE_REDE_INTERNA","","Rack 7U - Equip - MEGA - CO","1","1.150,93","1.150,93","Material","31/08/2026","5275","4771","Aprovado","Nota Fiscal","","Não","5","Conectada","1787855599992x951839384101186000"
"52046273","19001","MEGA INFRA SOLUCOES EM INFRAESTRUTURA LTDA (Filial SP)","07.525.262/0004-61","4-IMPLANTAÇÃO_DE_REDE_INTERNA","","Nobreak - Equip - MEGA - CO","1","1.491,72","1.491,72","Material","31/08/2026","5290","4784","Aprovado","","1494","Não","5","Conectada","1787864159102x594227944794425400"
"52046273","19001","MEGA INFRA SOLUCOES EM INFRAESTRUTURA LTDA (Filial SP)","07.525.262/0004-61","4-IMPLANTAÇÃO_DE_REDE_INTERNA","","Access Point adicional Indoor - Equip - MEGA - CO","6","699,09","4.194,54","Material","31/08/2026","5290","4784","Aprovado","","1496","Não","5","Conectada","1787864159172x315101265149236400"
"52078558","19001","MEGA INFRA SOLUCOES EM INFRAESTRUTURA LTDA (Filial SP)","07.525.262/0004-61","4-IMPLANTAÇÃO_DE_REDE_INTERNA","","Kit Cobertura Wi-Fi - 11 Access Points - Equip - MEGA - CO","1","20.577,55","20.577,55","Material","31/08/2026","5290","4784","Aprovado","","1478","Não","5","Conectada","1787864159170x146851532258501340"
"52046273","19001","MEGA INFRA SOLUCOES EM INFRAESTRUTURA LTDA (Filial SP)","07.525.262/0004-61","4-IMPLANTAÇÃO_DE_REDE_INTERNA","","Kit Cobertura Wi-Fi - 15 Access Points - Equip - MEGA - CO","1","25.330,63","25.330,63","Material","31/08/2026","5290","4784","Aprovado","","1495","Não","5","Conectada","1787864159327x356487325585683800"
"35229192","19001","MEGA INFRA SOLUCOES EM INFRAESTRUTURA LTDA (Filial SP)","07.525.262/0004-61","4-IMPLANTAÇÃO_DE_REDE_INTERNA","","Kit Cobertura Wi-Fi - 1 Access Point - Equip - MEGA - SE","1","8.276,72","8.276,72","Material","31/08/2026","5291","4778","Aprovado","Nota Fiscal","","Não","5","Conectada","1787864261469x159889988401269440"
"35229192","19001","MEGA INFRA SOLUCOES EM INFRAESTRUTURA LTDA (Filial SP)","07.525.262/0004-61","4-IMPLANTAÇÃO_DE_REDE_INTERNA","","Nobreak - Equip - MEGA - SE","1","1.551,93","1.551,93","Material","31/08/2026","5291","4778","Aprovado","Nota Fiscal","","Não","5","Conectada","1787864261686x856349465625902700"
"35009047","19001","MEGA INFRA SOLUCOES EM INFRAESTRUTURA LTDA (Filial SP)","07.525.262/0004-61","4-IMPLANTAÇÃO_DE_REDE_INTERNA","","Kit Cobertura Wi-Fi - 1 Access Point - Equip - MEGA - SE","1","8.276,72","8.276,72","Material","31/08/2026","5292","4779","Aprovado","","1424","Não","5","Conectada","1787916827220x403516152882130940"
"35009047","19001","MEGA INFRA SOLUCOES EM INFRAESTRUTURA LTDA (Filial SP)","07.525.262/0004-61","4-IMPLANTAÇÃO_DE_REDE_INTERNA","","Nobreak - Equip - MEGA - SE","1","1.551,93","1.551,93","Material","31/08/2026","5292","4779","Aprovado","","1425","Não","5","Conectada","1787916827266x629763252040048900"
"35214498","19001","MEGA INFRA SOLUCOES EM INFRAESTRUTURA LTDA (Filial SP)","07.525.262/0004-61","4-IMPLANTAÇÃO_DE_REDE_INTERNA","","Kit Cobertura Wi-Fi - 15 Access Points - Equip - MEGA - SE","1","26.353,13","26.353,13","Material","31/08/2026","5299","4780","Aprovado","Notas pendentes","1445","Não","5","Conectada","1787923400167x626523829652232400"
"35271073","19001","MEGA INFRA SOLUCOES EM INFRAESTRUTURA LTDA (Filial SP)","07.525.262/0004-61","4-IMPLANTAÇÃO_DE_REDE_INTERNA","","Kit Cobertura Wi-Fi - 11 Access Points - Equip - MEGA - SE","1","21.408,19","21.408,19","Material","31/08/2026","5299","4780","Aprovado","Notas pendentes","","Não","5","Em planejamento","1787923400220x440556179812462400"
"35440577","19001","MEGA INFRA SOLUCOES EM INFRAESTRUTURA LTDA (Filial SP)","07.525.262/0004-61","4-IMPLANTAÇÃO_DE_REDE_INTERNA","","Kit Cobertura Wi-Fi - 11 Access Points - Equip - MEGA - SE","1","21.408,19","21.408,19","Material","31/08/2026","5299","4780","Aprovado","Notas pendentes","","Não","5","Em planejamento","1787923400566x128111311800635400"
"35214498","19001","MEGA INFRA SOLUCOES EM INFRAESTRUTURA LTDA (Filial SP)","07.525.262/0004-61","4-IMPLANTAÇÃO_DE_REDE_INTERNA","","Nobreak - Equip - MEGA - SE","1","1.551,93","1.551,93","Material","31/08/2026","5299","4780","Aprovado","Notas pendentes","1446","Não","5","Conectada","1787923400609x255387421422503800"
"35271073","19001","MEGA INFRA SOLUCOES EM INFRAESTRUTURA LTDA (Filial SP)","07.525.262/0004-61","4-IMPLANTAÇÃO_DE_REDE_INTERNA","","Nobreak - Equip - MEGA - SE","1","1.551,93","1.551,93","Material","31/08/2026","5299","4780","Aprovado","Notas pendentes","","Não","5","Em planejamento","1787923400668x322361952974477000"
"35274410","19001","MEGA INFRA SOLUCOES EM INFRAESTRUTURA LTDA (Filial SP)","07.525.262/0004-61","4-IMPLANTAÇÃO_DE_REDE_INTERNA","","Nobreak - Equip - MEGA - SE","1","1.551,93","1.551,93","Material","31/08/2026","5299","4780","Aprovado","Notas pendentes","","Não","5","Em planejamento","1787923400753x592657404293009900"
"35440577","19001","MEGA INFRA SOLUCOES EM INFRAESTRUTURA LTDA (Filial SP)","07.525.262/0004-61","4-IMPLANTAÇÃO_DE_REDE_INTERNA","","Nobreak - Equip - MEGA - SE","1","1.551,93","1.551,93","Material","31/08/2026","5299","4780","Aprovado","Notas pendentes","","Não","5","Em planejamento","1787923400909x724145189447596800"
"35214498","19001","MEGA INFRA SOLUCOES EM INFRAESTRUTURA LTDA (Filial SP)","07.525.262/0004-61","4-IMPLANTAÇÃO_DE_REDE_INTERNA","","Access Point adicional Indoor - Equip - MEGA - SE","1","727,31","727,31","Material","31/08/2026","5299","4780","Aprovado","Notas pendentes","1451","Não","5","Conectada","1787923401030x663945069220523300"
"35274410","19001","MEGA INFRA SOLUCOES EM INFRAESTRUTURA LTDA (Filial SP)","07.525.262/0004-61","4-IMPLANTAÇÃO_DE_REDE_INTERNA","","Kit Cobertura Wi-Fi - 8 Access Points - Equip - MEGA - SE","1","17.699,49","17.699,49","Material","31/08/2026","5299","4780","Aprovado","Notas pendentes","","Não","5","Em planejamento","1787923402157x595579613237212000"
"35354348","19001","MEGA INFRA SOLUCOES EM INFRAESTRUTURA LTDA (Filial SP)","07.525.262/0004-61","4-IMPLANTAÇÃO_DE_REDE_INTERNA","","Kit Cobertura Wi-Fi - 15 Access Points - Equip - MEGA - SE","1","26.353,13","26.353,13","Material","31/08/2026","5300","4781","Aprovado","","1442","Não","5","Conectada","1787924943477x768864371408952200"
"35278051","19001","MEGA INFRA SOLUCOES EM INFRAESTRUTURA LTDA (Filial SP)","07.525.262/0004-61","4-IMPLANTAÇÃO_DE_REDE_INTERNA","","Nobreak - Equip - MEGA - SE","1","1.551,93","1.551,93","Material","31/08/2026","5300","4781","Aprovado","","1437","Não","5","Conectada","1787924943506x355335968331401500"
"35278051","19001","MEGA INFRA SOLUCOES EM INFRAESTRUTURA LTDA (Filial SP)","07.525.262/0004-61","4-IMPLANTAÇÃO_DE_REDE_INTERNA","","Kit Cobertura Wi-Fi - 7 Access Points - Equip - MEGA - SE","1","15.694,13","15.694,13","Material","31/08/2026","5300","4781","Aprovado","","1436","Não","5","Conectada","1787924943511x534361244580728900"
"35354348","19001","MEGA INFRA SOLUCOES EM INFRAESTRUTURA LTDA (Filial SP)","07.525.262/0004-61","4-IMPLANTAÇÃO_DE_REDE_INTERNA","","Access Point adicional Indoor - Equip - MEGA - SE","2","727,31","1.454,62","Material","31/08/2026","5300","4781","Aprovado","","1444","Não","5","Conectada","1787924943842x511100917807401100"
"52008029","19001","MEGA INFRA SOLUCOES EM INFRAESTRUTURA LTDA (Filial SP)","07.525.262/0004-61","4-IMPLANTAÇÃO_DE_REDE_INTERNA","","Nobreak - Equip - MEGA - CO","1","1.491,72","1.491,72","Material","31/08/2026","5301","4783","Aprovado","","1483","Não","5","Conectada","1787925003105x725518196890546700"
"52008029","19001","MEGA INFRA SOLUCOES EM INFRAESTRUTURA LTDA (Filial SP)","07.525.262/0004-61","4-IMPLANTAÇÃO_DE_REDE_INTERNA","","Kit Cobertura Wi-Fi - 7 Access Points - Equip - MEGA - CO","1","15.085,20","15.085,20","Material","31/08/2026","5301","4783","Aprovado","","1482","Não","5","Conectada","1787925003147x775283192659183200"
"17054460","19001","MEGA INFRA SOLUCOES EM INFRAESTRUTURA LTDA (Filial SP)","07.525.262/0004-61","4-IMPLANTAÇÃO_DE_REDE_INTERNA","","Nobreak - Equip - MEGA - NO","1","1.491,72","1.491,72","Material","31/08/2026","5302","4772","Aprovado","","1454","Não","5","Conectada","1787925236441x802102200262223600"
"17054460","19001","MEGA INFRA SOLUCOES EM INFRAESTRUTURA LTDA (Filial SP)","07.525.262/0004-61","4-IMPLANTAÇÃO_DE_REDE_INTERNA","","Kit Cobertura Wi-Fi - 2 Access Points - Equip - MEGA - NO","1","9.143,85","9.143,85","Material","31/08/2026","5302","4772","Aprovado","","1452","Não","5","Conectada","1787925236514x870431339368499100"
"17053277","19001","MEGA INFRA SOLUCOES EM INFRAESTRUTURA LTDA (Filial SP)","07.525.262/0004-61","4-IMPLANTAÇÃO_DE_REDE_INTERNA","","Nobreak - Equip - MEGA - NO","1","1.491,72","1.491,72","Material","31/08/2026","5318","4796","Aprovado","","1487","Não","5","Conectada","1788121895121x970983774560035800"
"17007330","19001","MEGA INFRA SOLUCOES EM INFRAESTRUTURA LTDA (Filial SP)","07.525.262/0004-61","4-IMPLANTAÇÃO_DE_REDE_INTERNA","","Kit Cobertura Wi-Fi - 6 Access Points - Equip - MEGA - NO","1","13.896,92","13.896,92","Material","31/08/2026","5318","4796","Aprovado","","1484","Não","5","Conectada","1788121895134x369633604646042000"
"17053277","19001","MEGA INFRA SOLUCOES EM INFRAESTRUTURA LTDA (Filial SP)","07.525.262/0004-61","4-IMPLANTAÇÃO_DE_REDE_INTERNA","","Kit Cobertura Wi-Fi - 2 Access Points - Equip - MEGA - NO","1","9.143,85","9.143,85","Material","31/08/2026","5318","4796","Aprovado","","1486","Não","5","Conectada","1788121895126x327238644121656800"
"17007330","19001","MEGA INFRA SOLUCOES EM INFRAESTRUTURA LTDA (Filial SP)","07.525.262/0004-61","4-IMPLANTAÇÃO_DE_REDE_INTERNA","","Nobreak - Equip - MEGA - NO","1","1.491,72","1.491,72","Material","31/08/2026","5318","4796","Aprovado","","1485","Não","5","Conectada","1788121895141x623342925247500300"
"35010080","19001","MEGA INFRA SOLUCOES EM INFRAESTRUTURA LTDA (Filial SP)","07.525.262/0004-61","4-IMPLANTAÇÃO_DE_REDE_INTERNA","","Kit Cobertura Wi-Fi - 2 Access Points - Equip - MEGA - SE","1","9.512,95","9.512,95","Material","31/08/2026","5319","4785","Aprovado","Notas pendentes","1499","Não","5","Conectada","1788122176665x428388902485284030"
"35455477","19001","MEGA INFRA SOLUCOES EM INFRAESTRUTURA LTDA (Filial SP)","07.525.262/0004-61","4-IMPLANTAÇÃO_DE_REDE_INTERNA","","Kit Cobertura Wi-Fi - 3 Access Points - Equip - MEGA - SE","1","10.749,19","10.749,19","Material","31/08/2026","5319","4785","Aprovado","Notas pendentes","","Não","5","Conectada","1788122176670x134195802100785860"
"35436562","19001","MEGA INFRA SOLUCOES EM INFRAESTRUTURA LTDA (Filial SP)","07.525.262/0004-61","4-IMPLANTAÇÃO_DE_REDE_INTERNA","","Kit Cobertura Wi-Fi - 15 Access Points - Equip - MEGA - SE","1","26.353,13","26.353,13","Material","31/08/2026","5319","4785","Aprovado","Notas pendentes","1488","Não","5","Conectada","1788122176919x475365191379876700"
"35440887","19001","MEGA INFRA SOLUCOES EM INFRAESTRUTURA LTDA (Filial SP)","07.525.262/0004-61","4-IMPLANTAÇÃO_DE_REDE_INTERNA","","Kit Cobertura Wi-Fi - 3 Access Points - Equip - MEGA - SE","1","10.749,19","10.749,19","Material","31/08/2026","5319","4785","Aprovado","Notas pendentes","1500","Não","5","Conectada","1788122176929x472549003571140160"
"35077422","19001","MEGA INFRA SOLUCOES EM INFRAESTRUTURA LTDA (Filial SP)","07.525.262/0004-61","4-IMPLANTAÇÃO_DE_REDE_INTERNA","","Kit Cobertura Wi-Fi - 9 Access Points - Equip - MEGA - SE","1","18.935,73","18.935,73","Material","31/08/2026","5319","4785","Aprovado","Notas pendentes","1492","Não","5","Conectada","1788122176937x553443644340040770"
"35057873","19001","MEGA INFRA SOLUCOES EM INFRAESTRUTURA LTDA (Filial SP)","07.525.262/0004-61","4-IMPLANTAÇÃO_DE_REDE_INTERNA","","Kit Cobertura Wi-Fi - 2 Access Points - Equip - MEGA - SE","1","9.512,95","9.512,95","Material","31/08/2026","5319","4785","Aprovado","Notas pendentes","","Não","5","Conectada","1788122176958x303996619201976960"
"35192041","19001","MEGA INFRA SOLUCOES EM INFRAESTRUTURA LTDA (Filial SP)","07.525.262/0004-61","4-IMPLANTAÇÃO_DE_REDE_INTERNA","","Kit Cobertura Wi-Fi - 2 Access Points - Equip - MEGA - SE","1","9.512,95","9.512,95","Material","31/08/2026","5319","4785","Aprovado","Notas pendentes","","Não","5","Conectada","1788122176954x351527464785778000"
"35586511","19001","MEGA INFRA SOLUCOES EM INFRAESTRUTURA LTDA (Filial SP)","07.525.262/0004-61","4-IMPLANTAÇÃO_DE_REDE_INTERNA","","Kit Cobertura Wi-Fi - 1 Access Point - Equip - MEGA - SE","1","8.276,72","8.276,72","Material","31/08/2026","5319","4785","Aprovado","Notas pendentes","1479","Não","5","Conectada","1788122176970x656605680578134800"
"35239380","19001","MEGA INFRA SOLUCOES EM INFRAESTRUTURA LTDA (Filial SP)","07.525.262/0004-61","4-IMPLANTAÇÃO_DE_REDE_INTERNA","","Kit Cobertura Wi-Fi - 2 Access Points - Equip - MEGA - SE","1","9.512,95","9.512,95","Material","31/08/2026","5319","4785","Aprovado","Notas pendentes","","Não","5","Conectada","1788122176993x653716449540596100"
"35465461","19001","MEGA INFRA SOLUCOES EM INFRAESTRUTURA LTDA (Filial SP)","07.525.262/0004-61","4-IMPLANTAÇÃO_DE_REDE_INTERNA","","Kit Cobertura Wi-Fi - 1 Access Point - Equip - MEGA - SE","1","8.276,72","8.276,72","Material","31/08/2026","5319","4785","Aprovado","Notas pendentes","","Não","5","Conectada","1788122177008x131678498926806050"
"35569343","19001","MEGA INFRA SOLUCOES EM INFRAESTRUTURA LTDA (Filial SP)","07.525.262/0004-61","4-IMPLANTAÇÃO_DE_REDE_INTERNA","","Kit Cobertura Wi-Fi - 1 Access Point - Equip - MEGA - SE","1","8.276,72","8.276,72","Material","31/08/2026","5319","4785","Aprovado","Notas pendentes","1501","Não","5","Conectada","1788122177003x477950969041668350"
"35010080","19001","MEGA INFRA SOLUCOES EM INFRAESTRUTURA LTDA (Filial SP)","07.525.262/0004-61","4-IMPLANTAÇÃO_DE_REDE_INTERNA","","Nobreak - Equip - MEGA - SE","1","1.551,93","1.551,93","Material","31/08/2026","5319","4785","Aprovado","Notas pendentes","1498","Não","5","Conectada","1788122177308x289019060159786600"
"35436562","19001","MEGA INFRA SOLUCOES EM INFRAESTRUTURA LTDA (Filial SP)","07.525.262/0004-61","4-IMPLANTAÇÃO_DE_REDE_INTERNA","","Access Point adicional Indoor - Equip - MEGA - SE","3","727,31","2.181,93","Material","31/08/2026","5319","4785","Aprovado","Notas pendentes","1491","Não","5","Conectada","1788122177334x161087865333904740"
"35077422","19001","MEGA INFRA SOLUCOES EM INFRAESTRUTURA LTDA (Filial SP)","07.525.262/0004-61","4-IMPLANTAÇÃO_DE_REDE_INTERNA","","Nobreak - Equip - MEGA - SE","1","1.551,93","1.551,93","Material","31/08/2026","5319","4785","Aprovado","Notas pendentes","1493","Não","5","Conectada","1788122177342x273830292459502180"
"35436562","19001","MEGA INFRA SOLUCOES EM INFRAESTRUTURA LTDA (Filial SP)","07.525.262/0004-61","4-IMPLANTAÇÃO_DE_REDE_INTERNA","","Nobreak - Equip - MEGA - SE","1","1.551,93","1.551,93","Material","31/08/2026","5319","4785","Aprovado","Notas pendentes","1489","Não","5","Conectada","1788122177374x710871897803566200"
"35440887","19001","MEGA INFRA SOLUCOES EM INFRAESTRUTURA LTDA (Filial SP)","07.525.262/0004-61","4-IMPLANTAÇÃO_DE_REDE_INTERNA","","Nobreak - Equip - MEGA - SE","1","1.551,93","1.551,93","Material","31/08/2026","5319","4785","Aprovado","Notas pendentes","1497","Não","5","Conectada","1788122177413x737403266146390500"
"35586511","19001","MEGA INFRA SOLUCOES EM INFRAESTRUTURA LTDA (Filial SP)","07.525.262/0004-61","4-IMPLANTAÇÃO_DE_REDE_INTERNA","","Nobreak - Equip - MEGA - SE","1","1.551,93","1.551,93","Material","31/08/2026","5319","4785","Aprovado","Notas pendentes","1481","Não","5","Conectada","1788122177430x302983257741836350"
"35465461","19001","MEGA INFRA SOLUCOES EM INFRAESTRUTURA LTDA (Filial SP)","07.525.262/0004-61","4-IMPLANTAÇÃO_DE_REDE_INTERNA","","Nobreak - Equip - MEGA - SE","1","1.551,93","1.551,93","Material","31/08/2026","5319","4785","Aprovado","Notas pendentes","","Não","5","Conectada","1788122177512x429861297893806340"
"35569343","19001","MEGA INFRA SOLUCOES EM INFRAESTRUTURA LTDA (Filial SP)","07.525.262/0004-61","4-IMPLANTAÇÃO_DE_REDE_INTERNA","","Nobreak - Equip - MEGA - SE","1","1.551,93","1.551,93","Material","31/08/2026","5319","4785","Aprovado","Notas pendentes","1502","Não","5","Conectada","1788122177550x442802062244266750"
"35057873","19001","MEGA INFRA SOLUCOES EM INFRAESTRUTURA LTDA (Filial SP)","07.525.262/0004-61","4-IMPLANTAÇÃO_DE_REDE_INTERNA","","Nobreak - Equip - MEGA - SE","1","1.551,93","1.551,93","Material","31/08/2026","5319","4785","Aprovado","Notas pendentes","","Não","5","Conectada","1788122177568x464466135857097860"
"35192041","19001","MEGA INFRA SOLUCOES EM INFRAESTRUTURA LTDA (Filial SP)","07.525.262/0004-61","4-IMPLANTAÇÃO_DE_REDE_INTERNA","","Nobreak - Equip - MEGA - SE","1","1.551,93","1.551,93","Material","31/08/2026","5319","4785","Aprovado","Notas pendentes","","Não","5","Conectada","1788122177586x108075061434295120"
"35455477","19001","MEGA INFRA SOLUCOES EM INFRAESTRUTURA LTDA (Filial SP)","07.525.262/0004-61","4-IMPLANTAÇÃO_DE_REDE_INTERNA","","Nobreak - Equip - MEGA - SE","1","1.551,93","1.551,93","Material","31/08/2026","5319","4785","Aprovado","Notas pendentes","","Não","5","Conectada","1788122177612x577096650832010800"
"35239380","19001","MEGA INFRA SOLUCOES EM INFRAESTRUTURA LTDA (Filial SP)","07.525.262/0004-61","4-IMPLANTAÇÃO_DE_REDE_INTERNA","","Nobreak - Equip - MEGA - SE","1","1.551,93","1.551,93","Material","31/08/2026","5319","4785","Aprovado","Notas pendentes","","Não","5","Conectada","1788122177616x903728116483673700"
"35417051","19001","MEGA INFRA SOLUCOES EM INFRAESTRUTURA LTDA (Filial SP)","07.525.262/0004-61","4-IMPLANTAÇÃO_DE_REDE_INTERNA","","Kit Cobertura Wi-Fi - 14 Access Points - Equip - MEGA - SE","1","25.116,90","25.116,90","Material","30/09/2026","5344","","Provisório","Solicitado","","Não","5","Conectada","1788287026925x464617382178604160"
"35050611","19001","MEGA INFRA SOLUCOES EM INFRAESTRUTURA LTDA (Filial SP)","07.525.262/0004-61","4-IMPLANTAÇÃO_DE_REDE_INTERNA","","Kit Cobertura Wi-Fi - 9 Access Points - Equip - MEGA - SE","1","18.935,73","18.935,73","Material","30/09/2026","5344","","Provisório","Solicitado","","Não","5","Conectada","1788287027329x453195307269189250"
"35216677","19001","MEGA INFRA SOLUCOES EM INFRAESTRUTURA LTDA (Filial SP)","07.525.262/0004-61","4-IMPLANTAÇÃO_DE_REDE_INTERNA","","Kit Cobertura Wi-Fi - 13 Access Points - Equip - MEGA - SE","1","23.880,66","23.880,66","Material","30/09/2026","5344","","Provisório","Solicitado","","Não","5","Conectada","1788287027392x811693085731998600"
"35010337","19001","MEGA INFRA SOLUCOES EM INFRAESTRUTURA LTDA (Filial SP)","07.525.262/0004-61","4-IMPLANTAÇÃO_DE_REDE_INTERNA","","Kit Cobertura Wi-Fi - 2 Access Points - Equip - MEGA - SE","1","9.512,95","9.512,95","Material","30/09/2026","5344","","Provisório","Solicitado","","Não","5","Conectada","1788287027663x755867708300122400"
"35234643","19001","MEGA INFRA SOLUCOES EM INFRAESTRUTURA LTDA (Filial SP)","07.525.262/0004-61","4-IMPLANTAÇÃO_DE_REDE_INTERNA","","Kit Cobertura Wi-Fi - 13 Access Points - Equip - MEGA - SE","1","23.880,66","23.880,66","Material","30/09/2026","5344","","Provisório","Solicitado","","Não","5","Conectada","1788287028169x426345568183506000"
"35399474","19001","MEGA INFRA SOLUCOES EM INFRAESTRUTURA LTDA (Filial SP)","07.525.262/0004-61","4-IMPLANTAÇÃO_DE_REDE_INTERNA","","Kit Cobertura Wi-Fi - 2 Access Points - Equip - MEGA - SE","1","9.512,95","9.512,95","Material","30/09/2026","5344","","Provisório","Solicitado","","Não","5","Conectada","1788287028182x972475819712593500"
"35095874","19001","MEGA INFRA SOLUCOES EM INFRAESTRUTURA LTDA (Filial SP)","07.525.262/0004-61","4-IMPLANTAÇÃO_DE_REDE_INTERNA","","Kit Cobertura Wi-Fi - 1 Access Point - Equip - MEGA - SE","1","8.276,72","8.276,72","Material","30/09/2026","5344","","Provisório","Solicitado","","Não","5","Conectada","1788287028286x307800141079397800"
"35065675","19001","MEGA INFRA SOLUCOES EM INFRAESTRUTURA LTDA (Filial SP)","07.525.262/0004-61","4-IMPLANTAÇÃO_DE_REDE_INTERNA","","Kit Cobertura Wi-Fi - 2 Access Points - Equip - MEGA - SE","1","9.512,95","9.512,95","Material","30/09/2026","5344","","Provisório","Solicitado","","Não","5","Conectada","1788287028451x150221829115100060"
"35230571","19001","MEGA INFRA SOLUCOES EM INFRAESTRUTURA LTDA (Filial SP)","07.525.262/0004-61","4-IMPLANTAÇÃO_DE_REDE_INTERNA","","Kit Cobertura Wi-Fi - 1 Access Point - Equip - MEGA - SE","1","8.276,72","8.276,72","Material","30/09/2026","5344","","Provisório","Solicitado","","Não","5","Conectada","1788287028629x184665874259110080"
"35010337","19001","MEGA INFRA SOLUCOES EM INFRAESTRUTURA LTDA (Filial SP)","07.525.262/0004-61","4-IMPLANTAÇÃO_DE_REDE_INTERNA","","Nobreak - Equip - MEGA - SE","1","1.551,93","1.551,93","Material","30/09/2026","5344","","Provisório","Solicitado","","Não","5","Conectada","1788287028986x482881426100801400"
"35203294","19001","MEGA INFRA SOLUCOES EM INFRAESTRUTURA LTDA (Filial SP)","07.525.262/0004-61","4-IMPLANTAÇÃO_DE_REDE_INTERNA","","Kit Cobertura Wi-Fi - 5 Access Points - Equip - MEGA - SE","1","13.221,66","13.221,66","Material","30/09/2026","5344","","Provisório","Solicitado","","Não","5","Conectada","1788287028822x787563865366492400"
"35065675","19001","MEGA INFRA SOLUCOES EM INFRAESTRUTURA LTDA (Filial SP)","07.525.262/0004-61","4-IMPLANTAÇÃO_DE_REDE_INTERNA","","Nobreak - Equip - MEGA - SE","1","1.551,93","1.551,93","Material","30/09/2026","5344","","Provisório","Solicitado","","Não","5","Conectada","1788287029185x898306901813751000"
"35095874","19001","MEGA INFRA SOLUCOES EM INFRAESTRUTURA LTDA (Filial SP)","07.525.262/0004-61","4-IMPLANTAÇÃO_DE_REDE_INTERNA","","Nobreak - Equip - MEGA - SE","1","1.551,93","1.551,93","Material","30/09/2026","5344","","Provisório","Solicitado","","Não","5","Conectada","1788287029720x896478888966501400"
"35234643","19001","MEGA INFRA SOLUCOES EM INFRAESTRUTURA LTDA (Filial SP)","07.525.262/0004-61","4-IMPLANTAÇÃO_DE_REDE_INTERNA","","Nobreak - Equip - MEGA - SE","1","1.551,93","1.551,93","Material","30/09/2026","5344","","Provisório","Solicitado","","Não","5","Conectada","1788287029886x869852823366447100"
"35203294","19001","MEGA INFRA SOLUCOES EM INFRAESTRUTURA LTDA (Filial SP)","07.525.262/0004-61","4-IMPLANTAÇÃO_DE_REDE_INTERNA","","Nobreak - Equip - MEGA - SE","1","1.551,93","1.551,93","Material","30/09/2026","5344","","Provisório","Solicitado","","Não","5","Conectada","1788287029902x640557098297262200"
"35399474","19001","MEGA INFRA SOLUCOES EM INFRAESTRUTURA LTDA (Filial SP)","07.525.262/0004-61","4-IMPLANTAÇÃO_DE_REDE_INTERNA","","Nobreak - Equip - MEGA - SE","1","1.551,93","1.551,93","Material","30/09/2026","5344","","Provisório","Solicitado","","Não","5","Conectada","1788287030004x357218214434228160"
"35230571","19001","MEGA INFRA SOLUCOES EM INFRAESTRUTURA LTDA (Filial SP)","07.525.262/0004-61","4-IMPLANTAÇÃO_DE_REDE_INTERNA","","Nobreak - Equip - MEGA - SE","1","1.551,93","1.551,93","Material","30/09/2026","5344","","Provisório","Solicitado","","Não","5","Conectada","1788287030136x615979028377811300"
"52008649","19001","MEGA INFRA SOLUCOES EM INFRAESTRUTURA LTDA (Filial SP)","07.525.262/0004-61","4-IMPLANTAÇÃO_DE_REDE_INTERNA","","Kit Cobertura Wi-Fi - 1 Access Point - Equip - MEGA - CO","1","7.955,58","7.955,58","Material","30/09/2026","5345","4831","Aprovado","Nota Fiscal","","Não","5","Conectada","1788287215104x726239964043491100"
"52108880","19001","MEGA INFRA SOLUCOES EM INFRAESTRUTURA LTDA (Filial SP)","07.525.262/0004-61","4-IMPLANTAÇÃO_DE_REDE_INTERNA","","Kit Cobertura Wi-Fi - 5 Access Points - Equip - MEGA - CO","1","12.708,66","12.708,66","Material","30/09/2026","5345","4831","Aprovado","Nota Fiscal","","Não","5","Conectada","1788287215225x897203613509807600"
"52103269","19001","MEGA INFRA SOLUCOES EM INFRAESTRUTURA LTDA (Filial SP)","07.525.262/0004-61","4-IMPLANTAÇÃO_DE_REDE_INTERNA","","Switch Gigabit 8 portas PoE+ - Equip - MEGA - CO","1","994,18","994,18","Material","30/09/2026","5345","4831","Aprovado","Nota Fiscal","","Não","5","Conectada","1788287215352x494363834116279940"
"52049574","19001","MEGA INFRA SOLUCOES EM INFRAESTRUTURA LTDA (Filial SP)","07.525.262/0004-61","4-IMPLANTAÇÃO_DE_REDE_INTERNA","","Nobreak - Equip - MEGA - CO","1","1.491,72","1.491,72","Material","30/09/2026","5345","4831","Aprovado","Nota Fiscal","","Não","5","Conectada","1788287215441x911275287961794700"
"52031977","19001","MEGA INFRA SOLUCOES EM INFRAESTRUTURA LTDA (Filial SP)","07.525.262/0004-61","4-IMPLANTAÇÃO_DE_REDE_INTERNA","","Kit Cobertura Wi-Fi - 15 Access Points - Equip - MEGA - CO","1","25.330,63","25.330,63","Material","30/09/2026","5345","4831","Aprovado","Nota Fiscal","","Não","5","Conectada","1788287216019x170808580034875100"
"52049574","19001","MEGA INFRA SOLUCOES EM INFRAESTRUTURA LTDA (Filial SP)","07.525.262/0004-61","4-IMPLANTAÇÃO_DE_REDE_INTERNA","","Kit Cobertura Wi-Fi - 9 Access Points - Equip - MEGA - CO","1","18.201,02","18.201,02","Material","30/09/2026","5345","4831","Aprovado","Nota Fiscal","","Não","5","Conectada","1788287216062x887017452356707000"
"52103269","19001","MEGA INFRA SOLUCOES EM INFRAESTRUTURA LTDA (Filial SP)","07.525.262/0004-61","4-IMPLANTAÇÃO_DE_REDE_INTERNA","","Kit Cobertura Wi-Fi - 14 Access Points - Equip - MEGA - CO","1","24.142,36","24.142,36","Material","30/09/2026","5345","4831","Aprovado","Nota Fiscal","","Não","5","Conectada","1788287216230x600024702443383300"
"52032043","19001","MEGA INFRA SOLUCOES EM INFRAESTRUTURA LTDA (Filial SP)","07.525.262/0004-61","4-IMPLANTAÇÃO_DE_REDE_INTERNA","","Kit Cobertura Wi-Fi - 8 Access Points - Equip - MEGA - CO","1","17.012,75","17.012,75","Material","30/09/2026","5345","4831","Aprovado","Nota Fiscal","","Não","5","Conectada","1788287217079x760127333444256000"
"52103269","19001","MEGA INFRA SOLUCOES EM INFRAESTRUTURA LTDA (Filial SP)","07.525.262/0004-61","4-IMPLANTAÇÃO_DE_REDE_INTERNA","","Rack 7U - Equip - MEGA - CO","1","1.150,93","1.150,93","Material","30/09/2026","5345","4831","Aprovado","Nota Fiscal","","Não","5","Conectada","1788287217623x338650609538302850"
"53011023","19001","MEGA INFRA SOLUCOES EM INFRAESTRUTURA LTDA (Filial SP)","07.525.262/0004-61","4-IMPLANTAÇÃO_DE_REDE_INTERNA","","Kit Cobertura Wi-Fi - 15 Access Points - Equip - MEGA - CO","1","25.330,63","25.330,63","Material","30/09/2026","5346","4832","Aprovado","Nota Fiscal","","Não","5","Conectada","1788287321913x129464427950613860"
"53006763","19001","MEGA INFRA SOLUCOES EM INFRAESTRUTURA LTDA (Filial SP)","07.525.262/0004-61","4-IMPLANTAÇÃO_DE_REDE_INTERNA","","Kit Cobertura Wi-Fi - 14 Access Points - Equip - MEGA - CO","1","24.142,36","24.142,36","Material","30/09/2026","5346","4832","Aprovado","Nota Fiscal","","Não","5","Conectada","1788287322532x947145096687572100"
"53011023","19001","MEGA INFRA SOLUCOES EM INFRAESTRUTURA LTDA (Filial SP)","07.525.262/0004-61","4-IMPLANTAÇÃO_DE_REDE_INTERNA","","Access Point adicional Indoor - Equip - MEGA - CO","3","699,09","2.097,27","Material","30/09/2026","5346","4832","Aprovado","Nota Fiscal","","Não","5","Conectada","1788287323015x754405214437699800"
"53010000","19001","MEGA INFRA SOLUCOES EM INFRAESTRUTURA LTDA (Filial SP)","07.525.262/0004-61","4-IMPLANTAÇÃO_DE_REDE_INTERNA","","Kit Cobertura Wi-Fi - 14 Access Points - Equip - MEGA - CO","1","24.142,36","24.142,36","Material","30/09/2026","5346","4832","Aprovado","Nota Fiscal","","Não","5","Conectada","1788287323490x109595559892030400"
"53011023","19001","MEGA INFRA SOLUCOES EM INFRAESTRUTURA LTDA (Filial SP)","07.525.262/0004-61","4-IMPLANTAÇÃO_DE_REDE_INTERNA","","Nobreak - Equip - MEGA - CO","1","1.491,72","1.491,72","Material","30/09/2026","5346","4832","Aprovado","Nota Fiscal","","Não","5","Conectada","1788287324348x823741228659111700"
"50009907","19001","MEGA INFRA SOLUCOES EM INFRAESTRUTURA LTDA (Filial SP)","07.525.262/0004-61","4-IMPLANTAÇÃO_DE_REDE_INTERNA","","Kit Cobertura Wi-Fi - 9 Access Points - Equip - MEGA - CO","1","18.201,02","18.201,02","Material","30/09/2026","5347","","Provisório","Solicitado","","Não","5","Conectada","1788287415604x135516034273087460"
"50009907","19001","MEGA INFRA SOLUCOES EM INFRAESTRUTURA LTDA (Filial SP)","07.525.262/0004-61","4-IMPLANTAÇÃO_DE_REDE_INTERNA","","Nobreak - Equip - MEGA - CO","1","1.491,72","1.491,72","Material","30/09/2026","5347","","Provisório","Solicitado","","Não","5","Conectada","1788287416312x152170293760809380"
"35369238","19001","MEGA INFRA SOLUCOES EM INFRAESTRUTURA LTDA (Filial SP)","07.525.262/0004-61","4-IMPLANTAÇÃO_DE_REDE_INTERNA","","Kit Cobertura Wi-Fi - 1 Access Point - Equip - MEGA - SE","1","8.276,72","8.276,72","Material","30/09/2026","5348","","Provisório","Solicitado","","Não","5","Conectada","1788287640701x643363443288526500"
"35297446","19001","MEGA INFRA SOLUCOES EM INFRAESTRUTURA LTDA (Filial SP)","07.525.262/0004-61","4-IMPLANTAÇÃO_DE_REDE_INTERNA","","Nobreak - Equip - MEGA - SE","1","1.551,93","1.551,93","Material","30/09/2026","5348","","Provisório","Solicitado","","Não","5","Conectada","1788287640992x545876258643468000"
"35297446","19001","MEGA INFRA SOLUCOES EM INFRAESTRUTURA LTDA (Filial SP)","07.525.262/0004-61","4-IMPLANTAÇÃO_DE_REDE_INTERNA","","Kit Cobertura Wi-Fi - 11 Access Points - Equip - MEGA - SE","1","21.408,19","21.408,19","Material","30/09/2026","5348","","Provisório","Solicitado","","Não","5","Conectada","1788287641213x822265503567540100"
"35369238","19001","MEGA INFRA SOLUCOES EM INFRAESTRUTURA LTDA (Filial SP)","07.525.262/0004-61","4-IMPLANTAÇÃO_DE_REDE_INTERNA","","Nobreak - Equip - MEGA - SE","1","1.551,93","1.551,93","Material","30/09/2026","5348","","Provisório","Solicitado","","Não","5","Conectada","1788287641278x452214836880647360"
"","","","","","","","","","","","","","","Provisório","","","Não","","",""
"","","","","","","","","","","","","","","Provisório","","","Não","","",""
"","","","","","","","","","","","","","","Provisório","","","Não","","",""
"","","","","","","","","","","","","","","Provisório","","","Não","","",""
"","","","","","","","","","","","","","","Provisório","","","Não","","",""
"","","","","","","","","","","","","","","Provisório","","","Não","","",""
"","","","","","","","","","","","","","","Provisório","","","Não","","",""
"","","","","","","","","","","","","","","Provisório","","","Não","","",""
"","","","","","","","","","","","","","","Provisório","","","Não","","",""

